Command line invocation:
    /Applications/Xcode.app/Contents/Developer/usr/bin/xcodebuild -project Buzz.xcodeproj -scheme Buzz -sdk iphonesimulator -destination "platform=iOS Simulator,name=iPhone 17" build

Build settings from command line:
    SDKROOT = iphonesimulator26.0

Resolve Package Graph


Resolved source packages:
  swift-crypto: https://github.com/apple/swift-crypto.git @ 4.1.0
  GoogleSignIn: https://github.com/google/GoogleSignIn-iOS @ 9.0.0
  GoogleUtilities: https://github.com/google/GoogleUtilities.git @ 8.1.0
  xctest-dynamic-overlay: https://github.com/pointfreeco/xctest-dynamic-overlay @ 1.7.0
  swift-concurrency-extras: https://github.com/pointfreeco/swift-concurrency-extras @ 1.3.2
  Supabase: https://github.com/supabase-community/supabase-swift.git @ 2.36.0
  AppCheck: https://github.com/google/app-check.git @ 11.2.0
  GTMSessionFetcher: https://github.com/google/gtm-session-fetcher.git @ 3.5.0
  swift-http-types: https://github.com/apple/swift-http-types.git @ 1.5.1
  swift-clocks: https://github.com/pointfreeco/swift-clocks @ 1.0.6
  GTMAppAuth: https://github.com/google/GTMAppAuth.git @ 5.0.0
  swift-asn1: https://github.com/apple/swift-asn1.git @ 1.5.0
  Promises: https://github.com/google/promises.git @ 2.4.0
  AppAuth: https://github.com/openid/AppAuth-iOS.git @ 2.0.0
  Stripe: https://github.com/stripe/stripe-ios-spm @ 25.0.0

ComputePackagePrebuildTargetDependencyGraph

Prepare packages

CreateBuildRequest

SendProjectDescription

CreateBuildOperation

ComputeTargetDependencyGraph
note: Building targets in dependency order
note: Target dependency graph (93 targets)
    Target 'Buzz' in project 'Buzz'
        ➜ Explicit dependency on target 'PostgREST' in project 'Supabase'
        ➜ Explicit dependency on target 'Functions' in project 'Supabase'
        ➜ Explicit dependency on target 'StripeFinancialConnections' in project 'Stripe'
        ➜ Explicit dependency on target 'StripeIdentity' in project 'Stripe'
        ➜ Explicit dependency on target 'StripePaymentSheet' in project 'Stripe'
        ➜ Explicit dependency on target 'Supabase' in project 'Supabase'
        ➜ Explicit dependency on target 'StripePayments' in project 'Stripe'
        ➜ Explicit dependency on target 'GoogleSignInSwift' in project 'GoogleSignIn'
        ➜ Explicit dependency on target 'StripePaymentsUI' in project 'Stripe'
        ➜ Explicit dependency on target 'Auth' in project 'Supabase'
        ➜ Explicit dependency on target 'StripeApplePay' in project 'Stripe'
        ➜ Explicit dependency on target 'Storage' in project 'Supabase'
        ➜ Explicit dependency on target 'Realtime' in project 'Supabase'
        ➜ Explicit dependency on target 'StripeCardScan' in project 'Stripe'
        ➜ Explicit dependency on target 'GoogleSignIn' in project 'GoogleSignIn'
        ➜ Explicit dependency on target 'StripeConnect' in project 'Stripe'
        ➜ Explicit dependency on target 'Stripe' in project 'Stripe'
    Target 'Stripe' in project 'Stripe'
        ➜ Explicit dependency on target 'Stripe' in project 'Stripe'
        ➜ Explicit dependency on target 'Stripe_Stripe' in project 'Stripe'
        ➜ Explicit dependency on target 'Stripe3DS2' in project 'Stripe'
        ➜ Explicit dependency on target 'StripeCore' in project 'Stripe'
        ➜ Explicit dependency on target 'StripeApplePay' in project 'Stripe'
        ➜ Explicit dependency on target 'StripeUICore' in project 'Stripe'
        ➜ Explicit dependency on target 'StripePayments' in project 'Stripe'
        ➜ Explicit dependency on target 'StripePaymentsUI' in project 'Stripe'
    Target 'Stripe' in project 'Stripe'
        ➜ Explicit dependency on target 'Stripe_Stripe' in project 'Stripe'
        ➜ Explicit dependency on target 'Stripe3DS2' in project 'Stripe'
        ➜ Explicit dependency on target 'StripeCore' in project 'Stripe'
        ➜ Explicit dependency on target 'StripeApplePay' in project 'Stripe'
        ➜ Explicit dependency on target 'StripeUICore' in project 'Stripe'
        ➜ Explicit dependency on target 'StripePayments' in project 'Stripe'
        ➜ Explicit dependency on target 'StripePaymentsUI' in project 'Stripe'
    Target 'Stripe_Stripe' in project 'Stripe' (no dependencies)
    Target 'StripeConnect' in project 'Stripe'
        ➜ Explicit dependency on target 'StripeConnect' in project 'Stripe'
        ➜ Explicit dependency on target 'Stripe_StripeConnect' in project 'Stripe'
        ➜ Explicit dependency on target 'StripeCore' in project 'Stripe'
        ➜ Explicit dependency on target 'StripeUICore' in project 'Stripe'
        ➜ Explicit dependency on target 'StripeFinancialConnections' in project 'Stripe'
    Target 'StripeConnect' in project 'Stripe'
        ➜ Explicit dependency on target 'Stripe_StripeConnect' in project 'Stripe'
        ➜ Explicit dependency on target 'StripeCore' in project 'Stripe'
        ➜ Explicit dependency on target 'StripeUICore' in project 'Stripe'
        ➜ Explicit dependency on target 'StripeFinancialConnections' in project 'Stripe'
    Target 'Stripe_StripeConnect' in project 'Stripe' (no dependencies)
    Target 'GoogleSignIn' in project 'GoogleSignIn'
        ➜ Explicit dependency on target 'GoogleSignIn' in project 'GoogleSignIn'
        ➜ Explicit dependency on target 'GoogleSignIn_GoogleSignIn' in project 'GoogleSignIn'
        ➜ Explicit dependency on target 'AppAuth' in project 'AppAuth'
        ➜ Explicit dependency on target 'AppAuthCore' in project 'AppAuth'
        ➜ Explicit dependency on target 'AppCheckCore' in project 'AppCheck'
        ➜ Explicit dependency on target 'GTMAppAuth' in project 'GTMAppAuth'
        ➜ Explicit dependency on target 'GTMSessionFetcherCore' in project 'GTMSessionFetcher'
    Target 'StripeCardScan' in project 'Stripe'
        ➜ Explicit dependency on target 'StripeCardScan' in project 'Stripe'
        ➜ Explicit dependency on target 'Stripe_StripeCardScan' in project 'Stripe'
        ➜ Explicit dependency on target 'StripeCore' in project 'Stripe'
    Target 'StripeCardScan' in project 'Stripe'
        ➜ Explicit dependency on target 'Stripe_StripeCardScan' in project 'Stripe'
        ➜ Explicit dependency on target 'StripeCore' in project 'Stripe'
    Target 'Stripe_StripeCardScan' in project 'Stripe' (no dependencies)
    Target 'Realtime' in project 'Supabase'
        ➜ Explicit dependency on target 'Realtime' in project 'Supabase'
        ➜ Explicit dependency on target 'Helpers' in project 'Supabase'
        ➜ Explicit dependency on target 'ConcurrencyExtras' in project 'swift-concurrency-extras'
        ➜ Explicit dependency on target 'HTTPTypes' in project 'swift-http-types'
        ➜ Explicit dependency on target 'Clocks' in project 'swift-clocks'
        ➜ Explicit dependency on target 'XCTestDynamicOverlay' in project 'xctest-dynamic-overlay'
        ➜ Explicit dependency on target 'IssueReporting' in project 'xctest-dynamic-overlay'
    Target 'Storage' in project 'Supabase'
        ➜ Explicit dependency on target 'Storage' in project 'Supabase'
        ➜ Explicit dependency on target 'Helpers' in project 'Supabase'
        ➜ Explicit dependency on target 'ConcurrencyExtras' in project 'swift-concurrency-extras'
        ➜ Explicit dependency on target 'HTTPTypes' in project 'swift-http-types'
        ➜ Explicit dependency on target 'Clocks' in project 'swift-clocks'
        ➜ Explicit dependency on target 'XCTestDynamicOverlay' in project 'xctest-dynamic-overlay'
    Target 'StripeApplePay' in project 'Stripe'
        ➜ Explicit dependency on target 'StripeApplePay' in project 'Stripe'
        ➜ Explicit dependency on target 'StripeCore' in project 'Stripe'
    Target 'Auth' in project 'Supabase'
        ➜ Explicit dependency on target 'Auth' in project 'Supabase'
        ➜ Explicit dependency on target 'Helpers' in project 'Supabase'
        ➜ Explicit dependency on target 'ConcurrencyExtras' in project 'swift-concurrency-extras'
        ➜ Explicit dependency on target 'HTTPTypes' in project 'swift-http-types'
        ➜ Explicit dependency on target 'Clocks' in project 'swift-clocks'
        ➜ Explicit dependency on target 'XCTestDynamicOverlay' in project 'xctest-dynamic-overlay'
        ➜ Explicit dependency on target 'Crypto' in project 'swift-crypto'
    Target 'StripePaymentsUI' in project 'Stripe'
        ➜ Explicit dependency on target 'StripePaymentsUI' in project 'Stripe'
        ➜ Explicit dependency on target 'Stripe_StripePaymentsUI' in project 'Stripe'
        ➜ Explicit dependency on target 'StripeCore' in project 'Stripe'
        ➜ Explicit dependency on target 'Stripe3DS2' in project 'Stripe'
        ➜ Explicit dependency on target 'StripePayments' in project 'Stripe'
        ➜ Explicit dependency on target 'StripeUICore' in project 'Stripe'
    Target 'GoogleSignInSwift' in project 'GoogleSignIn'
        ➜ Explicit dependency on target 'GoogleSignInSwift' in project 'GoogleSignIn'
        ➜ Explicit dependency on target 'GoogleSignIn_GoogleSignInSwift' in project 'GoogleSignIn'
        ➜ Explicit dependency on target 'GoogleSignIn' in project 'GoogleSignIn'
        ➜ Explicit dependency on target 'AppAuth' in project 'AppAuth'
        ➜ Explicit dependency on target 'AppAuthCore' in project 'AppAuth'
        ➜ Explicit dependency on target 'AppCheckCore' in project 'AppCheck'
        ➜ Explicit dependency on target 'GTMAppAuth' in project 'GTMAppAuth'
        ➜ Explicit dependency on target 'GTMSessionFetcherCore' in project 'GTMSessionFetcher'
    Target 'GoogleSignInSwift' in project 'GoogleSignIn'
        ➜ Explicit dependency on target 'GoogleSignIn_GoogleSignInSwift' in project 'GoogleSignIn'
        ➜ Explicit dependency on target 'GoogleSignIn' in project 'GoogleSignIn'
        ➜ Explicit dependency on target 'AppAuth' in project 'AppAuth'
        ➜ Explicit dependency on target 'AppAuthCore' in project 'AppAuth'
        ➜ Explicit dependency on target 'AppCheckCore' in project 'AppCheck'
        ➜ Explicit dependency on target 'GTMAppAuth' in project 'GTMAppAuth'
        ➜ Explicit dependency on target 'GTMSessionFetcherCore' in project 'GTMSessionFetcher'
    Target 'GoogleSignIn' in project 'GoogleSignIn'
        ➜ Explicit dependency on target 'GoogleSignIn_GoogleSignIn' in project 'GoogleSignIn'
        ➜ Explicit dependency on target 'AppAuth' in project 'AppAuth'
        ➜ Explicit dependency on target 'AppAuthCore' in project 'AppAuth'
        ➜ Explicit dependency on target 'AppCheckCore' in project 'AppCheck'
        ➜ Explicit dependency on target 'GTMAppAuth' in project 'GTMAppAuth'
        ➜ Explicit dependency on target 'GTMSessionFetcherCore' in project 'GTMSessionFetcher'
    Target 'GTMAppAuth' in project 'GTMAppAuth'
        ➜ Explicit dependency on target 'GTMAppAuth' in project 'GTMAppAuth'
        ➜ Explicit dependency on target 'GTMAppAuth_GTMAppAuth' in project 'GTMAppAuth'
        ➜ Explicit dependency on target 'GTMSessionFetcherCore' in project 'GTMSessionFetcher'
        ➜ Explicit dependency on target 'AppAuthCore' in project 'AppAuth'
    Target 'GTMAppAuth' in project 'GTMAppAuth'
        ➜ Explicit dependency on target 'GTMAppAuth_GTMAppAuth' in project 'GTMAppAuth'
        ➜ Explicit dependency on target 'GTMSessionFetcherCore' in project 'GTMSessionFetcher'
        ➜ Explicit dependency on target 'AppAuthCore' in project 'AppAuth'
    Target 'GTMSessionFetcherCore' in project 'GTMSessionFetcher'
        ➜ Explicit dependency on target 'GTMSessionFetcherCore' in project 'GTMSessionFetcher'
        ➜ Explicit dependency on target 'GTMSessionFetcher_GTMSessionFetcherCore' in project 'GTMSessionFetcher'
    Target 'GTMSessionFetcherCore' in project 'GTMSessionFetcher'
        ➜ Explicit dependency on target 'GTMSessionFetcher_GTMSessionFetcherCore' in project 'GTMSessionFetcher'
    Target 'GTMSessionFetcher_GTMSessionFetcherCore' in project 'GTMSessionFetcher' (no dependencies)
    Target 'GTMAppAuth_GTMAppAuth' in project 'GTMAppAuth' (no dependencies)
    Target 'AppCheckCore' in project 'AppCheck'
        ➜ Explicit dependency on target 'AppCheckCore' in project 'AppCheck'
        ➜ Explicit dependency on target 'FBLPromises' in project 'Promises'
        ➜ Explicit dependency on target 'GULEnvironment' in project 'GoogleUtilities'
        ➜ Explicit dependency on target 'GULUserDefaults' in project 'GoogleUtilities'
    Target 'AppCheckCore' in project 'AppCheck'
        ➜ Explicit dependency on target 'FBLPromises' in project 'Promises'
        ➜ Explicit dependency on target 'GULEnvironment' in project 'GoogleUtilities'
        ➜ Explicit dependency on target 'GULUserDefaults' in project 'GoogleUtilities'
    Target 'GULUserDefaults' in project 'GoogleUtilities'
        ➜ Explicit dependency on target 'GoogleUtilities-UserDefaults' in project 'GoogleUtilities'
        ➜ Explicit dependency on target 'GoogleUtilities_GoogleUtilities-UserDefaults' in project 'GoogleUtilities'
        ➜ Explicit dependency on target 'third-party-IsAppEncrypted' in project 'GoogleUtilities'
        ➜ Explicit dependency on target 'GoogleUtilities-Environment' in project 'GoogleUtilities'
        ➜ Explicit dependency on target 'GoogleUtilities-Logger' in project 'GoogleUtilities'
    Target 'GoogleUtilities-UserDefaults' in project 'GoogleUtilities'
        ➜ Explicit dependency on target 'GoogleUtilities_GoogleUtilities-UserDefaults' in project 'GoogleUtilities'
        ➜ Explicit dependency on target 'third-party-IsAppEncrypted' in project 'GoogleUtilities'
        ➜ Explicit dependency on target 'GoogleUtilities-Environment' in project 'GoogleUtilities'
        ➜ Explicit dependency on target 'GoogleUtilities-Logger' in project 'GoogleUtilities'
    Target 'GoogleUtilities-Logger' in project 'GoogleUtilities'
        ➜ Explicit dependency on target 'GoogleUtilities_GoogleUtilities-Logger' in project 'GoogleUtilities'
        ➜ Explicit dependency on target 'third-party-IsAppEncrypted' in project 'GoogleUtilities'
        ➜ Explicit dependency on target 'GoogleUtilities-Environment' in project 'GoogleUtilities'
    Target 'GoogleUtilities_GoogleUtilities-Logger' in project 'GoogleUtilities' (no dependencies)
    Target 'GoogleUtilities_GoogleUtilities-UserDefaults' in project 'GoogleUtilities' (no dependencies)
    Target 'GULEnvironment' in project 'GoogleUtilities'
        ➜ Explicit dependency on target 'GoogleUtilities-Environment' in project 'GoogleUtilities'
        ➜ Explicit dependency on target 'GoogleUtilities_GoogleUtilities-Environment' in project 'GoogleUtilities'
        ➜ Explicit dependency on target 'third-party-IsAppEncrypted' in project 'GoogleUtilities'
    Target 'GoogleUtilities-Environment' in project 'GoogleUtilities'
        ➜ Explicit dependency on target 'GoogleUtilities_GoogleUtilities-Environment' in project 'GoogleUtilities'
        ➜ Explicit dependency on target 'third-party-IsAppEncrypted' in project 'GoogleUtilities'
    Target 'third-party-IsAppEncrypted' in project 'GoogleUtilities' (no dependencies)
    Target 'GoogleUtilities_GoogleUtilities-Environment' in project 'GoogleUtilities' (no dependencies)
    Target 'FBLPromises' in project 'Promises'
        ➜ Explicit dependency on target 'FBLPromises' in project 'Promises'
        ➜ Explicit dependency on target 'Promises_FBLPromises' in project 'Promises'
    Target 'FBLPromises' in project 'Promises'
        ➜ Explicit dependency on target 'Promises_FBLPromises' in project 'Promises'
    Target 'Promises_FBLPromises' in project 'Promises' (no dependencies)
    Target 'AppAuthCore' in project 'AppAuth'
        ➜ Explicit dependency on target 'AppAuthCore' in project 'AppAuth'
        ➜ Explicit dependency on target 'AppAuth_AppAuthCore' in project 'AppAuth'
    Target 'AppAuth' in project 'AppAuth'
        ➜ Explicit dependency on target 'AppAuth' in project 'AppAuth'
        ➜ Explicit dependency on target 'AppAuth_AppAuth' in project 'AppAuth'
        ➜ Explicit dependency on target 'AppAuthCore' in project 'AppAuth'
    Target 'AppAuth' in project 'AppAuth'
        ➜ Explicit dependency on target 'AppAuth_AppAuth' in project 'AppAuth'
        ➜ Explicit dependency on target 'AppAuthCore' in project 'AppAuth'
    Target 'AppAuthCore' in project 'AppAuth'
        ➜ Explicit dependency on target 'AppAuth_AppAuthCore' in project 'AppAuth'
    Target 'AppAuth_AppAuthCore' in project 'AppAuth' (no dependencies)
    Target 'AppAuth_AppAuth' in project 'AppAuth' (no dependencies)
    Target 'GoogleSignIn_GoogleSignIn' in project 'GoogleSignIn' (no dependencies)
    Target 'GoogleSignIn_GoogleSignInSwift' in project 'GoogleSignIn' (no dependencies)
    Target 'StripePayments' in project 'Stripe'
        ➜ Explicit dependency on target 'StripePayments' in project 'Stripe'
        ➜ Explicit dependency on target 'Stripe_StripePayments' in project 'Stripe'
        ➜ Explicit dependency on target 'StripeCore' in project 'Stripe'
        ➜ Explicit dependency on target 'Stripe3DS2' in project 'Stripe'
    Target 'Supabase' in project 'Supabase'
        ➜ Explicit dependency on target 'Supabase' in project 'Supabase'
        ➜ Explicit dependency on target 'Functions' in project 'Supabase'
        ➜ Explicit dependency on target 'PostgREST' in project 'Supabase'
        ➜ Explicit dependency on target 'Auth' in project 'Supabase'
        ➜ Explicit dependency on target 'Realtime' in project 'Supabase'
        ➜ Explicit dependency on target 'Storage' in project 'Supabase'
        ➜ Explicit dependency on target 'Helpers' in project 'Supabase'
        ➜ Explicit dependency on target 'ConcurrencyExtras' in project 'swift-concurrency-extras'
        ➜ Explicit dependency on target 'HTTPTypes' in project 'swift-http-types'
        ➜ Explicit dependency on target 'Clocks' in project 'swift-clocks'
        ➜ Explicit dependency on target 'XCTestDynamicOverlay' in project 'xctest-dynamic-overlay'
        ➜ Explicit dependency on target 'Crypto' in project 'swift-crypto'
        ➜ Explicit dependency on target 'IssueReporting' in project 'xctest-dynamic-overlay'
    Target 'Supabase' in project 'Supabase'
        ➜ Explicit dependency on target 'Helpers' in project 'Supabase'
        ➜ Explicit dependency on target 'Auth' in project 'Supabase'
        ➜ Explicit dependency on target 'Functions' in project 'Supabase'
        ➜ Explicit dependency on target 'PostgREST' in project 'Supabase'
        ➜ Explicit dependency on target 'Realtime' in project 'Supabase'
        ➜ Explicit dependency on target 'Storage' in project 'Supabase'
        ➜ Explicit dependency on target 'ConcurrencyExtras' in project 'swift-concurrency-extras'
        ➜ Explicit dependency on target 'HTTPTypes' in project 'swift-http-types'
        ➜ Explicit dependency on target 'Clocks' in project 'swift-clocks'
        ➜ Explicit dependency on target 'XCTestDynamicOverlay' in project 'xctest-dynamic-overlay'
        ➜ Explicit dependency on target 'Crypto' in project 'swift-crypto'
        ➜ Explicit dependency on target 'IssueReporting' in project 'xctest-dynamic-overlay'
    Target 'Storage' in project 'Supabase'
        ➜ Explicit dependency on target 'Helpers' in project 'Supabase'
        ➜ Explicit dependency on target 'ConcurrencyExtras' in project 'swift-concurrency-extras'
        ➜ Explicit dependency on target 'HTTPTypes' in project 'swift-http-types'
        ➜ Explicit dependency on target 'Clocks' in project 'swift-clocks'
        ➜ Explicit dependency on target 'XCTestDynamicOverlay' in project 'xctest-dynamic-overlay'
    Target 'Realtime' in project 'Supabase'
        ➜ Explicit dependency on target 'Helpers' in project 'Supabase'
        ➜ Explicit dependency on target 'ConcurrencyExtras' in project 'swift-concurrency-extras'
        ➜ Explicit dependency on target 'HTTPTypes' in project 'swift-http-types'
        ➜ Explicit dependency on target 'Clocks' in project 'swift-clocks'
        ➜ Explicit dependency on target 'XCTestDynamicOverlay' in project 'xctest-dynamic-overlay'
        ➜ Explicit dependency on target 'IssueReporting' in project 'xctest-dynamic-overlay'
    Target 'Auth' in project 'Supabase'
        ➜ Explicit dependency on target 'Helpers' in project 'Supabase'
        ➜ Explicit dependency on target 'ConcurrencyExtras' in project 'swift-concurrency-extras'
        ➜ Explicit dependency on target 'HTTPTypes' in project 'swift-http-types'
        ➜ Explicit dependency on target 'Clocks' in project 'swift-clocks'
        ➜ Explicit dependency on target 'XCTestDynamicOverlay' in project 'xctest-dynamic-overlay'
        ➜ Explicit dependency on target 'Crypto' in project 'swift-crypto'
    Target 'Crypto' in project 'swift-crypto'
        ➜ Explicit dependency on target 'Crypto' in project 'swift-crypto'
        ➜ Explicit dependency on target 'swift-crypto_Crypto' in project 'swift-crypto'
    Target 'Crypto' in project 'swift-crypto'
        ➜ Explicit dependency on target 'swift-crypto_Crypto' in project 'swift-crypto'
    Target 'swift-crypto_Crypto' in project 'swift-crypto' (no dependencies)
    Target 'StripePaymentSheet' in project 'Stripe'
        ➜ Explicit dependency on target 'StripePaymentSheet' in project 'Stripe'
        ➜ Explicit dependency on target 'Stripe_StripePaymentSheet' in project 'Stripe'
        ➜ Explicit dependency on target 'StripeCore' in project 'Stripe'
        ➜ Explicit dependency on target 'Stripe3DS2' in project 'Stripe'
        ➜ Explicit dependency on target 'StripePayments' in project 'Stripe'
        ➜ Explicit dependency on target 'StripeUICore' in project 'Stripe'
        ➜ Explicit dependency on target 'StripePaymentsUI' in project 'Stripe'
        ➜ Explicit dependency on target 'StripeApplePay' in project 'Stripe'
    Target 'StripePaymentSheet' in project 'Stripe'
        ➜ Explicit dependency on target 'Stripe_StripePaymentSheet' in project 'Stripe'
        ➜ Explicit dependency on target 'StripeCore' in project 'Stripe'
        ➜ Explicit dependency on target 'Stripe3DS2' in project 'Stripe'
        ➜ Explicit dependency on target 'StripePayments' in project 'Stripe'
        ➜ Explicit dependency on target 'StripeUICore' in project 'Stripe'
        ➜ Explicit dependency on target 'StripePaymentsUI' in project 'Stripe'
        ➜ Explicit dependency on target 'StripeApplePay' in project 'Stripe'
    Target 'StripeApplePay' in project 'Stripe'
        ➜ Explicit dependency on target 'StripeCore' in project 'Stripe'
    Target 'StripePaymentsUI' in project 'Stripe'
        ➜ Explicit dependency on target 'Stripe_StripePaymentsUI' in project 'Stripe'
        ➜ Explicit dependency on target 'StripeCore' in project 'Stripe'
        ➜ Explicit dependency on target 'Stripe3DS2' in project 'Stripe'
        ➜ Explicit dependency on target 'StripePayments' in project 'Stripe'
        ➜ Explicit dependency on target 'StripeUICore' in project 'Stripe'
    Target 'Stripe_StripePaymentsUI' in project 'Stripe' (no dependencies)
    Target 'StripePayments' in project 'Stripe'
        ➜ Explicit dependency on target 'Stripe_StripePayments' in project 'Stripe'
        ➜ Explicit dependency on target 'StripeCore' in project 'Stripe'
        ➜ Explicit dependency on target 'Stripe3DS2' in project 'Stripe'
    Target 'Stripe_StripePayments' in project 'Stripe' (no dependencies)
    Target 'Stripe3DS2' in project 'Stripe'
        ➜ Explicit dependency on target 'Stripe_Stripe3DS2' in project 'Stripe'
    Target 'Stripe_Stripe3DS2' in project 'Stripe' (no dependencies)
    Target 'Stripe_StripePaymentSheet' in project 'Stripe' (no dependencies)
    Target 'StripeIdentity' in project 'Stripe'
        ➜ Explicit dependency on target 'StripeIdentity' in project 'Stripe'
        ➜ Explicit dependency on target 'Stripe_StripeIdentity' in project 'Stripe'
        ➜ Explicit dependency on target 'StripeCore' in project 'Stripe'
        ➜ Explicit dependency on target 'StripeUICore' in project 'Stripe'
        ➜ Explicit dependency on target 'StripeCameraCore' in project 'Stripe'
    Target 'StripeIdentity' in project 'Stripe'
        ➜ Explicit dependency on target 'Stripe_StripeIdentity' in project 'Stripe'
        ➜ Explicit dependency on target 'StripeCore' in project 'Stripe'
        ➜ Explicit dependency on target 'StripeUICore' in project 'Stripe'
        ➜ Explicit dependency on target 'StripeCameraCore' in project 'Stripe'
    Target 'StripeCameraCore' in project 'Stripe'
        ➜ Explicit dependency on target 'StripeCore' in project 'Stripe'
    Target 'Stripe_StripeIdentity' in project 'Stripe' (no dependencies)
    Target 'StripeFinancialConnections' in project 'Stripe'
        ➜ Explicit dependency on target 'StripeFinancialConnections' in project 'Stripe'
        ➜ Explicit dependency on target 'Stripe_StripeFinancialConnections' in project 'Stripe'
        ➜ Explicit dependency on target 'StripeCore' in project 'Stripe'
        ➜ Explicit dependency on target 'StripeUICore' in project 'Stripe'
    Target 'StripeFinancialConnections' in project 'Stripe'
        ➜ Explicit dependency on target 'Stripe_StripeFinancialConnections' in project 'Stripe'
        ➜ Explicit dependency on target 'StripeCore' in project 'Stripe'
        ➜ Explicit dependency on target 'StripeUICore' in project 'Stripe'
    Target 'StripeUICore' in project 'Stripe'
        ➜ Explicit dependency on target 'Stripe_StripeUICore' in project 'Stripe'
        ➜ Explicit dependency on target 'StripeCore' in project 'Stripe'
    Target 'Stripe_StripeUICore' in project 'Stripe' (no dependencies)
    Target 'StripeCore' in project 'Stripe'
        ➜ Explicit dependency on target 'Stripe_StripeCore' in project 'Stripe'
    Target 'Stripe_StripeCore' in project 'Stripe' (no dependencies)
    Target 'Stripe_StripeFinancialConnections' in project 'Stripe' (no dependencies)
    Target 'Functions' in project 'Supabase'
        ➜ Explicit dependency on target 'Functions' in project 'Supabase'
        ➜ Explicit dependency on target 'Helpers' in project 'Supabase'
        ➜ Explicit dependency on target 'ConcurrencyExtras' in project 'swift-concurrency-extras'
        ➜ Explicit dependency on target 'HTTPTypes' in project 'swift-http-types'
        ➜ Explicit dependency on target 'Clocks' in project 'swift-clocks'
        ➜ Explicit dependency on target 'XCTestDynamicOverlay' in project 'xctest-dynamic-overlay'
    Target 'Functions' in project 'Supabase'
        ➜ Explicit dependency on target 'Helpers' in project 'Supabase'
        ➜ Explicit dependency on target 'ConcurrencyExtras' in project 'swift-concurrency-extras'
        ➜ Explicit dependency on target 'HTTPTypes' in project 'swift-http-types'
        ➜ Explicit dependency on target 'Clocks' in project 'swift-clocks'
        ➜ Explicit dependency on target 'XCTestDynamicOverlay' in project 'xctest-dynamic-overlay'
    Target 'PostgREST' in project 'Supabase'
        ➜ Explicit dependency on target 'PostgREST' in project 'Supabase'
        ➜ Explicit dependency on target 'Helpers' in project 'Supabase'
        ➜ Explicit dependency on target 'ConcurrencyExtras' in project 'swift-concurrency-extras'
        ➜ Explicit dependency on target 'HTTPTypes' in project 'swift-http-types'
        ➜ Explicit dependency on target 'Clocks' in project 'swift-clocks'
        ➜ Explicit dependency on target 'XCTestDynamicOverlay' in project 'xctest-dynamic-overlay'
    Target 'PostgREST' in project 'Supabase'
        ➜ Explicit dependency on target 'Helpers' in project 'Supabase'
        ➜ Explicit dependency on target 'ConcurrencyExtras' in project 'swift-concurrency-extras'
        ➜ Explicit dependency on target 'HTTPTypes' in project 'swift-http-types'
        ➜ Explicit dependency on target 'Clocks' in project 'swift-clocks'
        ➜ Explicit dependency on target 'XCTestDynamicOverlay' in project 'xctest-dynamic-overlay'
    Target 'Helpers' in project 'Supabase'
        ➜ Explicit dependency on target 'ConcurrencyExtras' in project 'swift-concurrency-extras'
        ➜ Explicit dependency on target 'HTTPTypes' in project 'swift-http-types'
        ➜ Explicit dependency on target 'Clocks' in project 'swift-clocks'
        ➜ Explicit dependency on target 'XCTestDynamicOverlay' in project 'xctest-dynamic-overlay'
    Target 'XCTestDynamicOverlay' in project 'xctest-dynamic-overlay'
        ➜ Explicit dependency on target 'XCTestDynamicOverlay' in project 'xctest-dynamic-overlay'
        ➜ Explicit dependency on target 'IssueReportingPackageSupport' in project 'xctest-dynamic-overlay'
        ➜ Explicit dependency on target 'IssueReporting' in project 'xctest-dynamic-overlay'
    Target 'XCTestDynamicOverlay' in project 'xctest-dynamic-overlay'
        ➜ Explicit dependency on target 'IssueReportingPackageSupport' in project 'xctest-dynamic-overlay'
        ➜ Explicit dependency on target 'IssueReporting' in project 'xctest-dynamic-overlay'
    Target 'Clocks' in project 'swift-clocks'
        ➜ Explicit dependency on target 'Clocks' in project 'swift-clocks'
        ➜ Explicit dependency on target 'ConcurrencyExtras' in project 'swift-concurrency-extras'
        ➜ Explicit dependency on target 'IssueReporting' in project 'xctest-dynamic-overlay'
    Target 'Clocks' in project 'swift-clocks'
        ➜ Explicit dependency on target 'ConcurrencyExtras' in project 'swift-concurrency-extras'
        ➜ Explicit dependency on target 'IssueReporting' in project 'xctest-dynamic-overlay'
    Target 'IssueReporting' in project 'xctest-dynamic-overlay'
        ➜ Explicit dependency on target 'IssueReporting' in project 'xctest-dynamic-overlay'
        ➜ Explicit dependency on target 'IssueReportingPackageSupport' in project 'xctest-dynamic-overlay'
    Target 'IssueReporting' in project 'xctest-dynamic-overlay'
        ➜ Explicit dependency on target 'IssueReportingPackageSupport' in project 'xctest-dynamic-overlay'
    Target 'IssueReportingPackageSupport' in project 'xctest-dynamic-overlay' (no dependencies)
    Target 'HTTPTypes' in project 'swift-http-types'
        ➜ Explicit dependency on target 'HTTPTypes' in project 'swift-http-types'
    Target 'HTTPTypes' in project 'swift-http-types' (no dependencies)
    Target 'ConcurrencyExtras' in project 'swift-concurrency-extras'
        ➜ Explicit dependency on target 'ConcurrencyExtras' in project 'swift-concurrency-extras'
    Target 'ConcurrencyExtras' in project 'swift-concurrency-extras' (no dependencies)

GatherProvisioningInputs

CreateBuildDescription

ExecuteExternalTool /Applications/Xcode.app/Contents/Developer/Toolchains/XcodeDefault.xctoolchain/usr/bin/swiftc --version

ExecuteExternalTool /Applications/Xcode.app/Contents/Developer/usr/bin/actool --version --output-format xml1

ExecuteExternalTool /Applications/Xcode.app/Contents/Developer/Toolchains/XcodeDefault.xctoolchain/usr/bin/clang -v -E -dM -arch arm64 -isysroot /Applications/Xcode.app/Contents/Developer/Platforms/iPhoneSimulator.platform/Developer/SDKs/iPhoneSimulator26.0.sdk -x objective-c -c /dev/null

ExecuteExternalTool /Applications/Xcode.app/Contents/Developer/Toolchains/XcodeDefault.xctoolchain/usr/bin/clang -v -E -dM -isysroot /Applications/Xcode.app/Contents/Developer/Platforms/iPhoneSimulator.platform/Developer/SDKs/iPhoneSimulator26.0.sdk -x c -c /dev/null

ExecuteExternalTool /Applications/Xcode.app/Contents/Developer/Toolchains/XcodeDefault.xctoolchain/usr/bin/ld -version_details

ExecuteExternalTool /Applications/Xcode.app/Contents/Developer/Toolchains/XcodeDefault.xctoolchain/usr/bin/clang -v -E -dM -arch arm64 -isysroot /Applications/Xcode.app/Contents/Developer/Platforms/iPhoneSimulator.platform/Developer/SDKs/iPhoneSimulator26.0.sdk -x c -c /dev/null

ExecuteExternalTool /Applications/Xcode.app/Contents/Developer/usr/bin/actool --print-asset-tag-combinations --output-format xml1 /Users/xinyufang/Documents/Buzz/Buzz/Assets.xcassets

ReadFileContents /Applications/Xcode.app/Contents/Developer/Toolchains/XcodeDefault.xctoolchain/usr/share/docc/features.json

Build description signature: e1135819fdf4801a9bfef8bb734d2ccf
Build description path: /Users/xinyufang/Library/Developer/Xcode/DerivedData/Buzz-faillbpsmponqzeruhhvskovixzk/Build/Intermediates.noindex/XCBuildData/e1135819fdf4801a9bfef8bb734d2ccf.xcbuilddata
ClangStatCache /Applications/Xcode.app/Contents/Developer/Toolchains/XcodeDefault.xctoolchain/usr/bin/clang-stat-cache /Applications/Xcode.app/Contents/Developer/Platforms/iPhoneSimulator.platform/Developer/SDKs/iPhoneSimulator26.0.sdk /Users/xinyufang/Library/Developer/Xcode/DerivedData/SDKStatCaches.noindex/iphonesimulator26.0-23A339-26257891a6c027eb51374368541b8346.sdkstatcache
    cd /Users/xinyufang/Documents/Buzz/Buzz.xcodeproj
    /Applications/Xcode.app/Contents/Developer/Toolchains/XcodeDefault.xctoolchain/usr/bin/clang-stat-cache /Applications/Xcode.app/Contents/Developer/Platforms/iPhoneSimulator.platform/Developer/SDKs/iPhoneSimulator26.0.sdk -o /Users/xinyufang/Library/Developer/Xcode/DerivedData/SDKStatCaches.noindex/iphonesimulator26.0-23A339-26257891a6c027eb51374368541b8346.sdkstatcache

ProcessInfoPlistFile /Users/xinyufang/Library/Developer/Xcode/DerivedData/Buzz-faillbpsmponqzeruhhvskovixzk/Build/Products/Debug-iphonesimulator/swift-crypto_Crypto.bundle/Info.plist /Users/xinyufang/Library/Developer/Xcode/DerivedData/Buzz-faillbpsmponqzeruhhvskovixzk/Build/Intermediates.noindex/swift-crypto.build/Debug-iphonesimulator/swift-crypto_Crypto.build/empty-swift-crypto_Crypto.plist (in target 'swift-crypto_Crypto' from project 'swift-crypto')
    cd /Users/xinyufang/Library/Developer/Xcode/DerivedData/Buzz-faillbpsmponqzeruhhvskovixzk/SourcePackages/checkouts/swift-crypto
    builtin-infoPlistUtility /Users/xinyufang/Library/Developer/Xcode/DerivedData/Buzz-faillbpsmponqzeruhhvskovixzk/Build/Intermediates.noindex/swift-crypto.build/Debug-iphonesimulator/swift-crypto_Crypto.build/empty-swift-crypto_Crypto.plist -producttype com.apple.product-type.bundle -expandbuildsettings -format binary -platform iphonesimulator -o /Users/xinyufang/Library/Developer/Xcode/DerivedData/Buzz-faillbpsmponqzeruhhvskovixzk/Build/Products/Debug-iphonesimulator/swift-crypto_Crypto.bundle/Info.plist

ProcessInfoPlistFile /Users/xinyufang/Library/Developer/Xcode/DerivedData/Buzz-faillbpsmponqzeruhhvskovixzk/Build/Products/Debug-iphonesimulator/Stripe_StripePayments.bundle/Info.plist /Users/xinyufang/Library/Developer/Xcode/DerivedData/Buzz-faillbpsmponqzeruhhvskovixzk/Build/Intermediates.noindex/Stripe.build/Debug-iphonesimulator/Stripe_StripePayments.build/empty-Stripe_StripePayments.plist (in target 'Stripe_StripePayments' from project 'Stripe')
    cd /Users/xinyufang/Library/Developer/Xcode/DerivedData/Buzz-faillbpsmponqzeruhhvskovixzk/SourcePackages/checkouts/stripe-ios-spm
    builtin-infoPlistUtility /Users/xinyufang/Library/Developer/Xcode/DerivedData/Buzz-faillbpsmponqzeruhhvskovixzk/Build/Intermediates.noindex/Stripe.build/Debug-iphonesimulator/Stripe_StripePayments.build/empty-Stripe_StripePayments.plist -producttype com.apple.product-type.bundle -expandbuildsettings -format binary -platform iphonesimulator -o /Users/xinyufang/Library/Developer/Xcode/DerivedData/Buzz-faillbpsmponqzeruhhvskovixzk/Build/Products/Debug-iphonesimulator/Stripe_StripePayments.bundle/Info.plist

ProcessInfoPlistFile /Users/xinyufang/Library/Developer/Xcode/DerivedData/Buzz-faillbpsmponqzeruhhvskovixzk/Build/Products/Debug-iphonesimulator/Stripe_StripeIdentity.bundle/Info.plist /Users/xinyufang/Library/Developer/Xcode/DerivedData/Buzz-faillbpsmponqzeruhhvskovixzk/Build/Intermediates.noindex/Stripe.build/Debug-iphonesimulator/Stripe_StripeIdentity.build/empty-Stripe_StripeIdentity.plist (in target 'Stripe_StripeIdentity' from project 'Stripe')
    cd /Users/xinyufang/Library/Developer/Xcode/DerivedData/Buzz-faillbpsmponqzeruhhvskovixzk/SourcePackages/checkouts/stripe-ios-spm
    builtin-infoPlistUtility /Users/xinyufang/Library/Developer/Xcode/DerivedData/Buzz-faillbpsmponqzeruhhvskovixzk/Build/Intermediates.noindex/Stripe.build/Debug-iphonesimulator/Stripe_StripeIdentity.build/empty-Stripe_StripeIdentity.plist -producttype com.apple.product-type.bundle -expandbuildsettings -format binary -platform iphonesimulator -o /Users/xinyufang/Library/Developer/Xcode/DerivedData/Buzz-faillbpsmponqzeruhhvskovixzk/Build/Products/Debug-iphonesimulator/Stripe_StripeIdentity.bundle/Info.plist

ProcessInfoPlistFile /Users/xinyufang/Library/Developer/Xcode/DerivedData/Buzz-faillbpsmponqzeruhhvskovixzk/Build/Products/Debug-iphonesimulator/Stripe_StripeFinancialConnections.bundle/Info.plist /Users/xinyufang/Library/Developer/Xcode/DerivedData/Buzz-faillbpsmponqzeruhhvskovixzk/Build/Intermediates.noindex/Stripe.build/Debug-iphonesimulator/Stripe_StripeFinancialConnections.build/empty-Stripe_StripeFinancialConnections.plist (in target 'Stripe_StripeFinancialConnections' from project 'Stripe')
    cd /Users/xinyufang/Library/Developer/Xcode/DerivedData/Buzz-faillbpsmponqzeruhhvskovixzk/SourcePackages/checkouts/stripe-ios-spm
    builtin-infoPlistUtility /Users/xinyufang/Library/Developer/Xcode/DerivedData/Buzz-faillbpsmponqzeruhhvskovixzk/Build/Intermediates.noindex/Stripe.build/Debug-iphonesimulator/Stripe_StripeFinancialConnections.build/empty-Stripe_StripeFinancialConnections.plist -producttype com.apple.product-type.bundle -expandbuildsettings -format binary -platform iphonesimulator -o /Users/xinyufang/Library/Developer/Xcode/DerivedData/Buzz-faillbpsmponqzeruhhvskovixzk/Build/Products/Debug-iphonesimulator/Stripe_StripeFinancialConnections.bundle/Info.plist

ProcessInfoPlistFile /Users/xinyufang/Library/Developer/Xcode/DerivedData/Buzz-faillbpsmponqzeruhhvskovixzk/Build/Products/Debug-iphonesimulator/Stripe_StripeCore.bundle/Info.plist /Users/xinyufang/Library/Developer/Xcode/DerivedData/Buzz-faillbpsmponqzeruhhvskovixzk/Build/Intermediates.noindex/Stripe.build/Debug-iphonesimulator/Stripe_StripeCore.build/empty-Stripe_StripeCore.plist (in target 'Stripe_StripeCore' from project 'Stripe')
    cd /Users/xinyufang/Library/Developer/Xcode/DerivedData/Buzz-faillbpsmponqzeruhhvskovixzk/SourcePackages/checkouts/stripe-ios-spm
    builtin-infoPlistUtility /Users/xinyufang/Library/Developer/Xcode/DerivedData/Buzz-faillbpsmponqzeruhhvskovixzk/Build/Intermediates.noindex/Stripe.build/Debug-iphonesimulator/Stripe_StripeCore.build/empty-Stripe_StripeCore.plist -producttype com.apple.product-type.bundle -expandbuildsettings -format binary -platform iphonesimulator -o /Users/xinyufang/Library/Developer/Xcode/DerivedData/Buzz-faillbpsmponqzeruhhvskovixzk/Build/Products/Debug-iphonesimulator/Stripe_StripeCore.bundle/Info.plist

ProcessInfoPlistFile /Users/xinyufang/Library/Developer/Xcode/DerivedData/Buzz-faillbpsmponqzeruhhvskovixzk/Build/Products/Debug-iphonesimulator/Stripe_StripeConnect.bundle/Info.plist /Users/xinyufang/Library/Developer/Xcode/DerivedData/Buzz-faillbpsmponqzeruhhvskovixzk/Build/Intermediates.noindex/Stripe.build/Debug-iphonesimulator/Stripe_StripeConnect.build/empty-Stripe_StripeConnect.plist (in target 'Stripe_StripeConnect' from project 'Stripe')
    cd /Users/xinyufang/Library/Developer/Xcode/DerivedData/Buzz-faillbpsmponqzeruhhvskovixzk/SourcePackages/checkouts/stripe-ios-spm
    builtin-infoPlistUtility /Users/xinyufang/Library/Developer/Xcode/DerivedData/Buzz-faillbpsmponqzeruhhvskovixzk/Build/Intermediates.noindex/Stripe.build/Debug-iphonesimulator/Stripe_StripeConnect.build/empty-Stripe_StripeConnect.plist -producttype com.apple.product-type.bundle -expandbuildsettings -format binary -platform iphonesimulator -o /Users/xinyufang/Library/Developer/Xcode/DerivedData/Buzz-faillbpsmponqzeruhhvskovixzk/Build/Products/Debug-iphonesimulator/Stripe_StripeConnect.bundle/Info.plist

ProcessInfoPlistFile /Users/xinyufang/Library/Developer/Xcode/DerivedData/Buzz-faillbpsmponqzeruhhvskovixzk/Build/Products/Debug-iphonesimulator/Stripe_StripeCardScan.bundle/Info.plist /Users/xinyufang/Library/Developer/Xcode/DerivedData/Buzz-faillbpsmponqzeruhhvskovixzk/Build/Intermediates.noindex/Stripe.build/Debug-iphonesimulator/Stripe_StripeCardScan.build/empty-Stripe_StripeCardScan.plist (in target 'Stripe_StripeCardScan' from project 'Stripe')
    cd /Users/xinyufang/Library/Developer/Xcode/DerivedData/Buzz-faillbpsmponqzeruhhvskovixzk/SourcePackages/checkouts/stripe-ios-spm
    builtin-infoPlistUtility /Users/xinyufang/Library/Developer/Xcode/DerivedData/Buzz-faillbpsmponqzeruhhvskovixzk/Build/Intermediates.noindex/Stripe.build/Debug-iphonesimulator/Stripe_StripeCardScan.build/empty-Stripe_StripeCardScan.plist -producttype com.apple.product-type.bundle -expandbuildsettings -format binary -platform iphonesimulator -o /Users/xinyufang/Library/Developer/Xcode/DerivedData/Buzz-faillbpsmponqzeruhhvskovixzk/Build/Products/Debug-iphonesimulator/Stripe_StripeCardScan.bundle/Info.plist

ProcessInfoPlistFile /Users/xinyufang/Library/Developer/Xcode/DerivedData/Buzz-faillbpsmponqzeruhhvskovixzk/Build/Products/Debug-iphonesimulator/GoogleUtilities_GoogleUtilities-Logger.bundle/Info.plist /Users/xinyufang/Library/Developer/Xcode/DerivedData/Buzz-faillbpsmponqzeruhhvskovixzk/Build/Intermediates.noindex/GoogleUtilities.build/Debug-iphonesimulator/GoogleUtilities_GoogleUtilities-Logger.build/empty-GoogleUtilities_GoogleUtilities-Logger.plist (in target 'GoogleUtilities_GoogleUtilities-Logger' from project 'GoogleUtilities')
    cd /Users/xinyufang/Library/Developer/Xcode/DerivedData/Buzz-faillbpsmponqzeruhhvskovixzk/SourcePackages/checkouts/GoogleUtilities
    builtin-infoPlistUtility /Users/xinyufang/Library/Developer/Xcode/DerivedData/Buzz-faillbpsmponqzeruhhvskovixzk/Build/Intermediates.noindex/GoogleUtilities.build/Debug-iphonesimulator/GoogleUtilities_GoogleUtilities-Logger.build/empty-GoogleUtilities_GoogleUtilities-Logger.plist -producttype com.apple.product-type.bundle -expandbuildsettings -format binary -platform iphonesimulator -o /Users/xinyufang/Library/Developer/Xcode/DerivedData/Buzz-faillbpsmponqzeruhhvskovixzk/Build/Products/Debug-iphonesimulator/GoogleUtilities_GoogleUtilities-Logger.bundle/Info.plist

ProcessInfoPlistFile /Users/xinyufang/Library/Developer/Xcode/DerivedData/Buzz-faillbpsmponqzeruhhvskovixzk/Build/Products/Debug-iphonesimulator/GoogleUtilities_GoogleUtilities-Environment.bundle/Info.plist /Users/xinyufang/Library/Developer/Xcode/DerivedData/Buzz-faillbpsmponqzeruhhvskovixzk/Build/Intermediates.noindex/GoogleUtilities.build/Debug-iphonesimulator/GoogleUtilities_GoogleUtilities-Environment.build/empty-GoogleUtilities_GoogleUtilities-Environment.plist (in target 'GoogleUtilities_GoogleUtilities-Environment' from project 'GoogleUtilities')
    cd /Users/xinyufang/Library/Developer/Xcode/DerivedData/Buzz-faillbpsmponqzeruhhvskovixzk/SourcePackages/checkouts/GoogleUtilities
    builtin-infoPlistUtility /Users/xinyufang/Library/Developer/Xcode/DerivedData/Buzz-faillbpsmponqzeruhhvskovixzk/Build/Intermediates.noindex/GoogleUtilities.build/Debug-iphonesimulator/GoogleUtilities_GoogleUtilities-Environment.build/empty-GoogleUtilities_GoogleUtilities-Environment.plist -producttype com.apple.product-type.bundle -expandbuildsettings -format binary -platform iphonesimulator -o /Users/xinyufang/Library/Developer/Xcode/DerivedData/Buzz-faillbpsmponqzeruhhvskovixzk/Build/Products/Debug-iphonesimulator/GoogleUtilities_GoogleUtilities-Environment.bundle/Info.plist

ProcessInfoPlistFile /Users/xinyufang/Library/Developer/Xcode/DerivedData/Buzz-faillbpsmponqzeruhhvskovixzk/Build/Products/Debug-iphonesimulator/GoogleUtilities_GoogleUtilities-UserDefaults.bundle/Info.plist /Users/xinyufang/Library/Developer/Xcode/DerivedData/Buzz-faillbpsmponqzeruhhvskovixzk/Build/Intermediates.noindex/GoogleUtilities.build/Debug-iphonesimulator/GoogleUtilities_GoogleUtilities-UserDefaults.build/empty-GoogleUtilities_GoogleUtilities-UserDefaults.plist (in target 'GoogleUtilities_GoogleUtilities-UserDefaults' from project 'GoogleUtilities')
    cd /Users/xinyufang/Library/Developer/Xcode/DerivedData/Buzz-faillbpsmponqzeruhhvskovixzk/SourcePackages/checkouts/GoogleUtilities
    builtin-infoPlistUtility /Users/xinyufang/Library/Developer/Xcode/DerivedData/Buzz-faillbpsmponqzeruhhvskovixzk/Build/Intermediates.noindex/GoogleUtilities.build/Debug-iphonesimulator/GoogleUtilities_GoogleUtilities-UserDefaults.build/empty-GoogleUtilities_GoogleUtilities-UserDefaults.plist -producttype com.apple.product-type.bundle -expandbuildsettings -format binary -platform iphonesimulator -o /Users/xinyufang/Library/Developer/Xcode/DerivedData/Buzz-faillbpsmponqzeruhhvskovixzk/Build/Products/Debug-iphonesimulator/GoogleUtilities_GoogleUtilities-UserDefaults.bundle/Info.plist

ProcessInfoPlistFile /Users/xinyufang/Library/Developer/Xcode/DerivedData/Buzz-faillbpsmponqzeruhhvskovixzk/Build/Products/Debug-iphonesimulator/Promises_FBLPromises.bundle/Info.plist /Users/xinyufang/Library/Developer/Xcode/DerivedData/Buzz-faillbpsmponqzeruhhvskovixzk/Build/Intermediates.noindex/Promises.build/Debug-iphonesimulator/Promises_FBLPromises.build/empty-Promises_FBLPromises.plist (in target 'Promises_FBLPromises' from project 'Promises')
    cd /Users/xinyufang/Library/Developer/Xcode/DerivedData/Buzz-faillbpsmponqzeruhhvskovixzk/SourcePackages/checkouts/promises
    builtin-infoPlistUtility /Users/xinyufang/Library/Developer/Xcode/DerivedData/Buzz-faillbpsmponqzeruhhvskovixzk/Build/Intermediates.noindex/Promises.build/Debug-iphonesimulator/Promises_FBLPromises.build/empty-Promises_FBLPromises.plist -producttype com.apple.product-type.bundle -expandbuildsettings -format binary -platform iphonesimulator -o /Users/xinyufang/Library/Developer/Xcode/DerivedData/Buzz-faillbpsmponqzeruhhvskovixzk/Build/Products/Debug-iphonesimulator/Promises_FBLPromises.bundle/Info.plist

ProcessInfoPlistFile /Users/xinyufang/Library/Developer/Xcode/DerivedData/Buzz-faillbpsmponqzeruhhvskovixzk/Build/Products/Debug-iphonesimulator/GoogleSignIn_GoogleSignInSwift.bundle/Info.plist /Users/xinyufang/Library/Developer/Xcode/DerivedData/Buzz-faillbpsmponqzeruhhvskovixzk/Build/Intermediates.noindex/GoogleSignIn.build/Debug-iphonesimulator/GoogleSignIn_GoogleSignInSwift.build/empty-GoogleSignIn_GoogleSignInSwift.plist (in target 'GoogleSignIn_GoogleSignInSwift' from project 'GoogleSignIn')
    cd /Users/xinyufang/Library/Developer/Xcode/DerivedData/Buzz-faillbpsmponqzeruhhvskovixzk/SourcePackages/checkouts/GoogleSignIn-iOS
    builtin-infoPlistUtility /Users/xinyufang/Library/Developer/Xcode/DerivedData/Buzz-faillbpsmponqzeruhhvskovixzk/Build/Intermediates.noindex/GoogleSignIn.build/Debug-iphonesimulator/GoogleSignIn_GoogleSignInSwift.build/empty-GoogleSignIn_GoogleSignInSwift.plist -producttype com.apple.product-type.bundle -expandbuildsettings -format binary -platform iphonesimulator -o /Users/xinyufang/Library/Developer/Xcode/DerivedData/Buzz-faillbpsmponqzeruhhvskovixzk/Build/Products/Debug-iphonesimulator/GoogleSignIn_GoogleSignInSwift.bundle/Info.plist

ProcessInfoPlistFile /Users/xinyufang/Library/Developer/Xcode/DerivedData/Buzz-faillbpsmponqzeruhhvskovixzk/Build/Products/Debug-iphonesimulator/GoogleSignIn_GoogleSignIn.bundle/Info.plist /Users/xinyufang/Library/Developer/Xcode/DerivedData/Buzz-faillbpsmponqzeruhhvskovixzk/Build/Intermediates.noindex/GoogleSignIn.build/Debug-iphonesimulator/GoogleSignIn_GoogleSignIn.build/empty-GoogleSignIn_GoogleSignIn.plist (in target 'GoogleSignIn_GoogleSignIn' from project 'GoogleSignIn')
    cd /Users/xinyufang/Library/Developer/Xcode/DerivedData/Buzz-faillbpsmponqzeruhhvskovixzk/SourcePackages/checkouts/GoogleSignIn-iOS
    builtin-infoPlistUtility /Users/xinyufang/Library/Developer/Xcode/DerivedData/Buzz-faillbpsmponqzeruhhvskovixzk/Build/Intermediates.noindex/GoogleSignIn.build/Debug-iphonesimulator/GoogleSignIn_GoogleSignIn.build/empty-GoogleSignIn_GoogleSignIn.plist -producttype com.apple.product-type.bundle -expandbuildsettings -format binary -platform iphonesimulator -o /Users/xinyufang/Library/Developer/Xcode/DerivedData/Buzz-faillbpsmponqzeruhhvskovixzk/Build/Products/Debug-iphonesimulator/GoogleSignIn_GoogleSignIn.bundle/Info.plist

ProcessInfoPlistFile /Users/xinyufang/Library/Developer/Xcode/DerivedData/Buzz-faillbpsmponqzeruhhvskovixzk/Build/Products/Debug-iphonesimulator/GTMSessionFetcher_GTMSessionFetcherCore.bundle/Info.plist /Users/xinyufang/Library/Developer/Xcode/DerivedData/Buzz-faillbpsmponqzeruhhvskovixzk/Build/Intermediates.noindex/GTMSessionFetcher.build/Debug-iphonesimulator/GTMSessionFetcher_GTMSessionFetcherCore.build/empty-GTMSessionFetcher_GTMSessionFetcherCore.plist (in target 'GTMSessionFetcher_GTMSessionFetcherCore' from project 'GTMSessionFetcher')
    cd /Users/xinyufang/Library/Developer/Xcode/DerivedData/Buzz-faillbpsmponqzeruhhvskovixzk/SourcePackages/checkouts/gtm-session-fetcher
    builtin-infoPlistUtility /Users/xinyufang/Library/Developer/Xcode/DerivedData/Buzz-faillbpsmponqzeruhhvskovixzk/Build/Intermediates.noindex/GTMSessionFetcher.build/Debug-iphonesimulator/GTMSessionFetcher_GTMSessionFetcherCore.build/empty-GTMSessionFetcher_GTMSessionFetcherCore.plist -producttype com.apple.product-type.bundle -expandbuildsettings -format binary -platform iphonesimulator -o /Users/xinyufang/Library/Developer/Xcode/DerivedData/Buzz-faillbpsmponqzeruhhvskovixzk/Build/Products/Debug-iphonesimulator/GTMSessionFetcher_GTMSessionFetcherCore.bundle/Info.plist

ProcessInfoPlistFile /Users/xinyufang/Library/Developer/Xcode/DerivedData/Buzz-faillbpsmponqzeruhhvskovixzk/Build/Products/Debug-iphonesimulator/GTMAppAuth_GTMAppAuth.bundle/Info.plist /Users/xinyufang/Library/Developer/Xcode/DerivedData/Buzz-faillbpsmponqzeruhhvskovixzk/Build/Intermediates.noindex/GTMAppAuth.build/Debug-iphonesimulator/GTMAppAuth_GTMAppAuth.build/empty-GTMAppAuth_GTMAppAuth.plist (in target 'GTMAppAuth_GTMAppAuth' from project 'GTMAppAuth')
    cd /Users/xinyufang/Library/Developer/Xcode/DerivedData/Buzz-faillbpsmponqzeruhhvskovixzk/SourcePackages/checkouts/GTMAppAuth
    builtin-infoPlistUtility /Users/xinyufang/Library/Developer/Xcode/DerivedData/Buzz-faillbpsmponqzeruhhvskovixzk/Build/Intermediates.noindex/GTMAppAuth.build/Debug-iphonesimulator/GTMAppAuth_GTMAppAuth.build/empty-GTMAppAuth_GTMAppAuth.plist -producttype com.apple.product-type.bundle -expandbuildsettings -format binary -platform iphonesimulator -o /Users/xinyufang/Library/Developer/Xcode/DerivedData/Buzz-faillbpsmponqzeruhhvskovixzk/Build/Products/Debug-iphonesimulator/GTMAppAuth_GTMAppAuth.bundle/Info.plist

ProcessInfoPlistFile /Users/xinyufang/Library/Developer/Xcode/DerivedData/Buzz-faillbpsmponqzeruhhvskovixzk/Build/Products/Debug-iphonesimulator/AppAuth_AppAuthCore.bundle/Info.plist /Users/xinyufang/Library/Developer/Xcode/DerivedData/Buzz-faillbpsmponqzeruhhvskovixzk/Build/Intermediates.noindex/AppAuth.build/Debug-iphonesimulator/AppAuth_AppAuthCore.build/empty-AppAuth_AppAuthCore.plist (in target 'AppAuth_AppAuthCore' from project 'AppAuth')
    cd /Users/xinyufang/Library/Developer/Xcode/DerivedData/Buzz-faillbpsmponqzeruhhvskovixzk/SourcePackages/checkouts/AppAuth-iOS
    builtin-infoPlistUtility /Users/xinyufang/Library/Developer/Xcode/DerivedData/Buzz-faillbpsmponqzeruhhvskovixzk/Build/Intermediates.noindex/AppAuth.build/Debug-iphonesimulator/AppAuth_AppAuthCore.build/empty-AppAuth_AppAuthCore.plist -producttype com.apple.product-type.bundle -expandbuildsettings -format binary -platform iphonesimulator -o /Users/xinyufang/Library/Developer/Xcode/DerivedData/Buzz-faillbpsmponqzeruhhvskovixzk/Build/Products/Debug-iphonesimulator/AppAuth_AppAuthCore.bundle/Info.plist

ProcessInfoPlistFile /Users/xinyufang/Library/Developer/Xcode/DerivedData/Buzz-faillbpsmponqzeruhhvskovixzk/Build/Products/Debug-iphonesimulator/AppAuth_AppAuth.bundle/Info.plist /Users/xinyufang/Library/Developer/Xcode/DerivedData/Buzz-faillbpsmponqzeruhhvskovixzk/Build/Intermediates.noindex/AppAuth.build/Debug-iphonesimulator/AppAuth_AppAuth.build/empty-AppAuth_AppAuth.plist (in target 'AppAuth_AppAuth' from project 'AppAuth')
    cd /Users/xinyufang/Library/Developer/Xcode/DerivedData/Buzz-faillbpsmponqzeruhhvskovixzk/SourcePackages/checkouts/AppAuth-iOS
    builtin-infoPlistUtility /Users/xinyufang/Library/Developer/Xcode/DerivedData/Buzz-faillbpsmponqzeruhhvskovixzk/Build/Intermediates.noindex/AppAuth.build/Debug-iphonesimulator/AppAuth_AppAuth.build/empty-AppAuth_AppAuth.plist -producttype com.apple.product-type.bundle -expandbuildsettings -format binary -platform iphonesimulator -o /Users/xinyufang/Library/Developer/Xcode/DerivedData/Buzz-faillbpsmponqzeruhhvskovixzk/Build/Products/Debug-iphonesimulator/AppAuth_AppAuth.bundle/Info.plist

SwiftDriver Auth normal arm64 com.apple.xcode.tools.swift.compiler (in target 'Auth' from project 'Supabase')
    cd /Users/xinyufang/Documents/Buzz/Buzz.xcodeproj
    builtin-SwiftDriver -- /Applications/Xcode.app/Contents/Developer/Toolchains/XcodeDefault.xctoolchain/usr/bin/swiftc -module-name Auth -Onone -enforce-exclusivity\=checked @/Users/xinyufang/Library/Developer/Xcode/DerivedData/Buzz-faillbpsmponqzeruhhvskovixzk/Build/Intermediates.noindex/Supabase.build/Debug-iphonesimulator/Auth.build/Objects-normal/arm64/Auth.SwiftFileList -DSWIFT_PACKAGE -DDEBUG -DSWIFT_MODULE_RESOURCE_BUNDLE_UNAVAILABLE -DXcode -enable-upcoming-feature ExistentialAny -enable-experimental-feature StrictConcurrency -plugin-path /Applications/Xcode.app/Contents/Developer/Toolchains/XcodeDefault.xctoolchain/usr/lib/swift/host/plugins/testing -enable-experimental-feature DebugDescriptionMacro -sdk /Applications/Xcode.app/Contents/Developer/Platforms/iPhoneSimulator.platform/Developer/SDKs/iPhoneSimulator26.0.sdk -target arm64-apple-ios13.0-simulator -g -module-cache-path /Users/xinyufang/Library/Developer/Xcode/DerivedData/ModuleCache.noindex -Xfrontend -serialize-debugging-options -enable-testing -suppress-warnings -index-store-path /Users/xinyufang/Library/Developer/Xcode/DerivedData/Buzz-faillbpsmponqzeruhhvskovixzk/Index.noindex/DataStore -Xcc -D_LIBCPP_HARDENING_MODE\=_LIBCPP_HARDENING_MODE_DEBUG -swift-version 5 -I /Users/xinyufang/Library/Developer/Xcode/DerivedData/Buzz-faillbpsmponqzeruhhvskovixzk/Build/Products/Debug-iphonesimulator -Isystem /Applications/Xcode.app/Contents/Developer/Platforms/iPhoneSimulator.platform/Developer/usr/lib -F /Users/xinyufang/Library/Developer/Xcode/DerivedData/Buzz-faillbpsmponqzeruhhvskovixzk/Build/Products/Debug-iphonesimulator/PackageFrameworks -F /Users/xinyufang/Library/Developer/Xcode/DerivedData/Buzz-faillbpsmponqzeruhhvskovixzk/Build/Products/Debug-iphonesimulator/PackageFrameworks -F /Users/xinyufang/Library/Developer/Xcode/DerivedData/Buzz-faillbpsmponqzeruhhvskovixzk/Build/Products/Debug-iphonesimulator/PackageFrameworks -F /Users/xinyufang/Library/Developer/Xcode/DerivedData/Buzz-faillbpsmponqzeruhhvskovixzk/Build/Products/Debug-iphonesimulator/PackageFrameworks -F /Users/xinyufang/Library/Developer/Xcode/DerivedData/Buzz-faillbpsmponqzeruhhvskovixzk/Build/Products/Debug-iphonesimulator/PackageFrameworks -F /Users/xinyufang/Library/Developer/Xcode/DerivedData/Buzz-faillbpsmponqzeruhhvskovixzk/Build/Products/Debug-iphonesimulator/PackageFrameworks -F /Users/xinyufang/Library/Developer/Xcode/DerivedData/Buzz-faillbpsmponqzeruhhvskovixzk/Build/Products/Debug-iphonesimulator/PackageFrameworks -F /Users/xinyufang/Library/Developer/Xcode/DerivedData/Buzz-faillbpsmponqzeruhhvskovixzk/Build/Products/Debug-iphonesimulator/PackageFrameworks -F /Users/xinyufang/Library/Developer/Xcode/DerivedData/Buzz-faillbpsmponqzeruhhvskovixzk/Build/Products/Debug-iphonesimulator -F /Applications/Xcode.app/Contents/Developer/Platforms/iPhoneSimulator.platform/Developer/Library/Frameworks -F /Applications/Xcode.app/Contents/Developer/Platforms/iPhoneSimulator.platform/Developer/SDKs/iPhoneSimulator26.0.sdk/Developer/Library/Frameworks -c -j8 -enable-batch-mode -incremental -Xcc -ivfsstatcache -Xcc /Users/xinyufang/Library/Developer/Xcode/DerivedData/SDKStatCaches.noindex/iphonesimulator26.0-23A339-26257891a6c027eb51374368541b8346.sdkstatcache -output-file-map /Users/xinyufang/Library/Developer/Xcode/DerivedData/Buzz-faillbpsmponqzeruhhvskovixzk/Build/Intermediates.noindex/Supabase.build/Debug-iphonesimulator/Auth.build/Objects-normal/arm64/Auth-OutputFileMap.json -use-frontend-parseable-output -save-temps -no-color-diagnostics -explicit-module-build -module-cache-path /Users/xinyufang/Library/Developer/Xcode/DerivedData/Buzz-faillbpsmponqzeruhhvskovixzk/Build/Intermediates.noindex/SwiftExplicitPrecompiledModules -clang-scanner-module-cache-path /Users/xinyufang/Library/Developer/Xcode/DerivedData/ModuleCache.noindex -sdk-module-cache-path /Users/xinyufang/Library/Developer/Xcode/DerivedData/ModuleCache.noindex -serialize-diagnostics -emit-dependencies -emit-module -emit-module-path /Users/xinyufang/Library/Developer/Xcode/DerivedData/Buzz-faillbpsmponqzeruhhvskovixzk/Build/Intermediates.noindex/Supabase.build/Debug-iphonesimulator/Auth.build/Objects-normal/arm64/Auth.swiftmodule -user-module-version 2.36.0 -validate-clang-modules-once -clang-build-session-file /Users/xinyufang/Library/Developer/Xcode/DerivedData/ModuleCache.noindex/Session.modulevalidation -package-name supabase_swift -Xcc -I/Users/xinyufang/Library/Developer/Xcode/DerivedData/Buzz-faillbpsmponqzeruhhvskovixzk/Build/Intermediates.noindex/Supabase.build/Debug-iphonesimulator/Auth.build/swift-overrides.hmap -emit-const-values -Xfrontend -const-gather-protocols-file -Xfrontend /Users/xinyufang/Library/Developer/Xcode/DerivedData/Buzz-faillbpsmponqzeruhhvskovixzk/Build/Intermediates.noindex/Supabase.build/Debug-iphonesimulator/Auth.build/Objects-normal/arm64/Auth_const_extract_protocols.json -Xcc -I/Users/xinyufang/Library/Developer/Xcode/DerivedData/Buzz-faillbpsmponqzeruhhvskovixzk/Build/Products/Debug-iphonesimulator/include -Xcc -I/Users/xinyufang/Library/Developer/Xcode/DerivedData/Buzz-faillbpsmponqzeruhhvskovixzk/Build/Intermediates.noindex/Supabase.build/Debug-iphonesimulator/Auth.build/DerivedSources-normal/arm64 -Xcc -I/Users/xinyufang/Library/Developer/Xcode/DerivedData/Buzz-faillbpsmponqzeruhhvskovixzk/Build/Intermediates.noindex/Supabase.build/Debug-iphonesimulator/Auth.build/DerivedSources/arm64 -Xcc -I/Users/xinyufang/Library/Developer/Xcode/DerivedData/Buzz-faillbpsmponqzeruhhvskovixzk/Build/Intermediates.noindex/Supabase.build/Debug-iphonesimulator/Auth.build/DerivedSources -Xcc -DSWIFT_PACKAGE -Xcc -DDEBUG\=1 -emit-objc-header -emit-objc-header-path /Users/xinyufang/Library/Developer/Xcode/DerivedData/Buzz-faillbpsmponqzeruhhvskovixzk/Build/Intermediates.noindex/Supabase.build/Debug-iphonesimulator/Auth.build/Objects-normal/arm64/Auth-Swift.h -working-directory /Users/xinyufang/Documents/Buzz/Buzz.xcodeproj -experimental-emit-module-separately -disable-cmo

ProcessInfoPlistFile /Users/xinyufang/Library/Developer/Xcode/DerivedData/Buzz-faillbpsmponqzeruhhvskovixzk/Build/Products/Debug-iphonesimulator/Stripe_StripePaymentsUI.bundle/Info.plist /Users/xinyufang/Library/Developer/Xcode/DerivedData/Buzz-faillbpsmponqzeruhhvskovixzk/Build/Intermediates.noindex/Stripe.build/Debug-iphonesimulator/Stripe_StripePaymentsUI.build/empty-Stripe_StripePaymentsUI.plist (in target 'Stripe_StripePaymentsUI' from project 'Stripe')
    cd /Users/xinyufang/Library/Developer/Xcode/DerivedData/Buzz-faillbpsmponqzeruhhvskovixzk/SourcePackages/checkouts/stripe-ios-spm
    builtin-infoPlistUtility /Users/xinyufang/Library/Developer/Xcode/DerivedData/Buzz-faillbpsmponqzeruhhvskovixzk/Build/Intermediates.noindex/Stripe.build/Debug-iphonesimulator/Stripe_StripePaymentsUI.build/empty-Stripe_StripePaymentsUI.plist -producttype com.apple.product-type.bundle -expandbuildsettings -format binary -platform iphonesimulator -additionalcontentfile /Users/xinyufang/Library/Developer/Xcode/DerivedData/Buzz-faillbpsmponqzeruhhvskovixzk/Build/Intermediates.noindex/Stripe.build/Debug-iphonesimulator/Stripe_StripePaymentsUI.build/assetcatalog_generated_info.plist -o /Users/xinyufang/Library/Developer/Xcode/DerivedData/Buzz-faillbpsmponqzeruhhvskovixzk/Build/Products/Debug-iphonesimulator/Stripe_StripePaymentsUI.bundle/Info.plist

ProcessInfoPlistFile /Users/xinyufang/Library/Developer/Xcode/DerivedData/Buzz-faillbpsmponqzeruhhvskovixzk/Build/Products/Debug-iphonesimulator/Stripe_StripePaymentSheet.bundle/Info.plist /Users/xinyufang/Library/Developer/Xcode/DerivedData/Buzz-faillbpsmponqzeruhhvskovixzk/Build/Intermediates.noindex/Stripe.build/Debug-iphonesimulator/Stripe_StripePaymentSheet.build/empty-Stripe_StripePaymentSheet.plist (in target 'Stripe_StripePaymentSheet' from project 'Stripe')
    cd /Users/xinyufang/Library/Developer/Xcode/DerivedData/Buzz-faillbpsmponqzeruhhvskovixzk/SourcePackages/checkouts/stripe-ios-spm
    builtin-infoPlistUtility /Users/xinyufang/Library/Developer/Xcode/DerivedData/Buzz-faillbpsmponqzeruhhvskovixzk/Build/Intermediates.noindex/Stripe.build/Debug-iphonesimulator/Stripe_StripePaymentSheet.build/empty-Stripe_StripePaymentSheet.plist -producttype com.apple.product-type.bundle -expandbuildsettings -format binary -platform iphonesimulator -additionalcontentfile /Users/xinyufang/Library/Developer/Xcode/DerivedData/Buzz-faillbpsmponqzeruhhvskovixzk/Build/Intermediates.noindex/Stripe.build/Debug-iphonesimulator/Stripe_StripePaymentSheet.build/assetcatalog_generated_info.plist -o /Users/xinyufang/Library/Developer/Xcode/DerivedData/Buzz-faillbpsmponqzeruhhvskovixzk/Build/Products/Debug-iphonesimulator/Stripe_StripePaymentSheet.bundle/Info.plist

ProcessInfoPlistFile /Users/xinyufang/Library/Developer/Xcode/DerivedData/Buzz-faillbpsmponqzeruhhvskovixzk/Build/Products/Debug-iphonesimulator/Stripe_StripeUICore.bundle/Info.plist /Users/xinyufang/Library/Developer/Xcode/DerivedData/Buzz-faillbpsmponqzeruhhvskovixzk/Build/Intermediates.noindex/Stripe.build/Debug-iphonesimulator/Stripe_StripeUICore.build/empty-Stripe_StripeUICore.plist (in target 'Stripe_StripeUICore' from project 'Stripe')
    cd /Users/xinyufang/Library/Developer/Xcode/DerivedData/Buzz-faillbpsmponqzeruhhvskovixzk/SourcePackages/checkouts/stripe-ios-spm
    builtin-infoPlistUtility /Users/xinyufang/Library/Developer/Xcode/DerivedData/Buzz-faillbpsmponqzeruhhvskovixzk/Build/Intermediates.noindex/Stripe.build/Debug-iphonesimulator/Stripe_StripeUICore.build/empty-Stripe_StripeUICore.plist -producttype com.apple.product-type.bundle -expandbuildsettings -format binary -platform iphonesimulator -additionalcontentfile /Users/xinyufang/Library/Developer/Xcode/DerivedData/Buzz-faillbpsmponqzeruhhvskovixzk/Build/Intermediates.noindex/Stripe.build/Debug-iphonesimulator/Stripe_StripeUICore.build/assetcatalog_generated_info.plist -o /Users/xinyufang/Library/Developer/Xcode/DerivedData/Buzz-faillbpsmponqzeruhhvskovixzk/Build/Products/Debug-iphonesimulator/Stripe_StripeUICore.bundle/Info.plist

ProcessInfoPlistFile /Users/xinyufang/Library/Developer/Xcode/DerivedData/Buzz-faillbpsmponqzeruhhvskovixzk/Build/Products/Debug-iphonesimulator/Stripe_Stripe3DS2.bundle/Info.plist /Users/xinyufang/Library/Developer/Xcode/DerivedData/Buzz-faillbpsmponqzeruhhvskovixzk/Build/Intermediates.noindex/Stripe.build/Debug-iphonesimulator/Stripe_Stripe3DS2.build/empty-Stripe_Stripe3DS2.plist (in target 'Stripe_Stripe3DS2' from project 'Stripe')
    cd /Users/xinyufang/Library/Developer/Xcode/DerivedData/Buzz-faillbpsmponqzeruhhvskovixzk/SourcePackages/checkouts/stripe-ios-spm
    builtin-infoPlistUtility /Users/xinyufang/Library/Developer/Xcode/DerivedData/Buzz-faillbpsmponqzeruhhvskovixzk/Build/Intermediates.noindex/Stripe.build/Debug-iphonesimulator/Stripe_Stripe3DS2.build/empty-Stripe_Stripe3DS2.plist -producttype com.apple.product-type.bundle -expandbuildsettings -format binary -platform iphonesimulator -additionalcontentfile /Users/xinyufang/Library/Developer/Xcode/DerivedData/Buzz-faillbpsmponqzeruhhvskovixzk/Build/Intermediates.noindex/Stripe.build/Debug-iphonesimulator/Stripe_Stripe3DS2.build/assetcatalog_generated_info.plist -o /Users/xinyufang/Library/Developer/Xcode/DerivedData/Buzz-faillbpsmponqzeruhhvskovixzk/Build/Products/Debug-iphonesimulator/Stripe_Stripe3DS2.bundle/Info.plist

ProcessInfoPlistFile /Users/xinyufang/Library/Developer/Xcode/DerivedData/Buzz-faillbpsmponqzeruhhvskovixzk/Build/Products/Debug-iphonesimulator/Stripe_Stripe.bundle/Info.plist /Users/xinyufang/Library/Developer/Xcode/DerivedData/Buzz-faillbpsmponqzeruhhvskovixzk/Build/Intermediates.noindex/Stripe.build/Debug-iphonesimulator/Stripe_Stripe.build/empty-Stripe_Stripe.plist (in target 'Stripe_Stripe' from project 'Stripe')
    cd /Users/xinyufang/Library/Developer/Xcode/DerivedData/Buzz-faillbpsmponqzeruhhvskovixzk/SourcePackages/checkouts/stripe-ios-spm
    builtin-infoPlistUtility /Users/xinyufang/Library/Developer/Xcode/DerivedData/Buzz-faillbpsmponqzeruhhvskovixzk/Build/Intermediates.noindex/Stripe.build/Debug-iphonesimulator/Stripe_Stripe.build/empty-Stripe_Stripe.plist -producttype com.apple.product-type.bundle -expandbuildsettings -format binary -platform iphonesimulator -additionalcontentfile /Users/xinyufang/Library/Developer/Xcode/DerivedData/Buzz-faillbpsmponqzeruhhvskovixzk/Build/Intermediates.noindex/Stripe.build/Debug-iphonesimulator/Stripe_Stripe.build/assetcatalog_generated_info.plist -o /Users/xinyufang/Library/Developer/Xcode/DerivedData/Buzz-faillbpsmponqzeruhhvskovixzk/Build/Products/Debug-iphonesimulator/Stripe_Stripe.bundle/Info.plist

SwiftDriver\ Compilation\ Requirements Auth normal arm64 com.apple.xcode.tools.swift.compiler (in target 'Auth' from project 'Supabase')
    cd /Users/xinyufang/Documents/Buzz/Buzz.xcodeproj
    builtin-Swift-Compilation-Requirements -- /Applications/Xcode.app/Contents/Developer/Toolchains/XcodeDefault.xctoolchain/usr/bin/swiftc -module-name Auth -Onone -enforce-exclusivity\=checked @/Users/xinyufang/Library/Developer/Xcode/DerivedData/Buzz-faillbpsmponqzeruhhvskovixzk/Build/Intermediates.noindex/Supabase.build/Debug-iphonesimulator/Auth.build/Objects-normal/arm64/Auth.SwiftFileList -DSWIFT_PACKAGE -DDEBUG -DSWIFT_MODULE_RESOURCE_BUNDLE_UNAVAILABLE -DXcode -enable-upcoming-feature ExistentialAny -enable-experimental-feature StrictConcurrency -plugin-path /Applications/Xcode.app/Contents/Developer/Toolchains/XcodeDefault.xctoolchain/usr/lib/swift/host/plugins/testing -enable-experimental-feature DebugDescriptionMacro -sdk /Applications/Xcode.app/Contents/Developer/Platforms/iPhoneSimulator.platform/Developer/SDKs/iPhoneSimulator26.0.sdk -target arm64-apple-ios13.0-simulator -g -module-cache-path /Users/xinyufang/Library/Developer/Xcode/DerivedData/ModuleCache.noindex -Xfrontend -serialize-debugging-options -enable-testing -suppress-warnings -index-store-path /Users/xinyufang/Library/Developer/Xcode/DerivedData/Buzz-faillbpsmponqzeruhhvskovixzk/Index.noindex/DataStore -Xcc -D_LIBCPP_HARDENING_MODE\=_LIBCPP_HARDENING_MODE_DEBUG -swift-version 5 -I /Users/xinyufang/Library/Developer/Xcode/DerivedData/Buzz-faillbpsmponqzeruhhvskovixzk/Build/Products/Debug-iphonesimulator -Isystem /Applications/Xcode.app/Contents/Developer/Platforms/iPhoneSimulator.platform/Developer/usr/lib -F /Users/xinyufang/Library/Developer/Xcode/DerivedData/Buzz-faillbpsmponqzeruhhvskovixzk/Build/Products/Debug-iphonesimulator/PackageFrameworks -F /Users/xinyufang/Library/Developer/Xcode/DerivedData/Buzz-faillbpsmponqzeruhhvskovixzk/Build/Products/Debug-iphonesimulator/PackageFrameworks -F /Users/xinyufang/Library/Developer/Xcode/DerivedData/Buzz-faillbpsmponqzeruhhvskovixzk/Build/Products/Debug-iphonesimulator/PackageFrameworks -F /Users/xinyufang/Library/Developer/Xcode/DerivedData/Buzz-faillbpsmponqzeruhhvskovixzk/Build/Products/Debug-iphonesimulator/PackageFrameworks -F /Users/xinyufang/Library/Developer/Xcode/DerivedData/Buzz-faillbpsmponqzeruhhvskovixzk/Build/Products/Debug-iphonesimulator/PackageFrameworks -F /Users/xinyufang/Library/Developer/Xcode/DerivedData/Buzz-faillbpsmponqzeruhhvskovixzk/Build/Products/Debug-iphonesimulator/PackageFrameworks -F /Users/xinyufang/Library/Developer/Xcode/DerivedData/Buzz-faillbpsmponqzeruhhvskovixzk/Build/Products/Debug-iphonesimulator/PackageFrameworks -F /Users/xinyufang/Library/Developer/Xcode/DerivedData/Buzz-faillbpsmponqzeruhhvskovixzk/Build/Products/Debug-iphonesimulator/PackageFrameworks -F /Users/xinyufang/Library/Developer/Xcode/DerivedData/Buzz-faillbpsmponqzeruhhvskovixzk/Build/Products/Debug-iphonesimulator -F /Applications/Xcode.app/Contents/Developer/Platforms/iPhoneSimulator.platform/Developer/Library/Frameworks -F /Applications/Xcode.app/Contents/Developer/Platforms/iPhoneSimulator.platform/Developer/SDKs/iPhoneSimulator26.0.sdk/Developer/Library/Frameworks -c -j8 -enable-batch-mode -incremental -Xcc -ivfsstatcache -Xcc /Users/xinyufang/Library/Developer/Xcode/DerivedData/SDKStatCaches.noindex/iphonesimulator26.0-23A339-26257891a6c027eb51374368541b8346.sdkstatcache -output-file-map /Users/xinyufang/Library/Developer/Xcode/DerivedData/Buzz-faillbpsmponqzeruhhvskovixzk/Build/Intermediates.noindex/Supabase.build/Debug-iphonesimulator/Auth.build/Objects-normal/arm64/Auth-OutputFileMap.json -use-frontend-parseable-output -save-temps -no-color-diagnostics -explicit-module-build -module-cache-path /Users/xinyufang/Library/Developer/Xcode/DerivedData/Buzz-faillbpsmponqzeruhhvskovixzk/Build/Intermediates.noindex/SwiftExplicitPrecompiledModules -clang-scanner-module-cache-path /Users/xinyufang/Library/Developer/Xcode/DerivedData/ModuleCache.noindex -sdk-module-cache-path /Users/xinyufang/Library/Developer/Xcode/DerivedData/ModuleCache.noindex -serialize-diagnostics -emit-dependencies -emit-module -emit-module-path /Users/xinyufang/Library/Developer/Xcode/DerivedData/Buzz-faillbpsmponqzeruhhvskovixzk/Build/Intermediates.noindex/Supabase.build/Debug-iphonesimulator/Auth.build/Objects-normal/arm64/Auth.swiftmodule -user-module-version 2.36.0 -validate-clang-modules-once -clang-build-session-file /Users/xinyufang/Library/Developer/Xcode/DerivedData/ModuleCache.noindex/Session.modulevalidation -package-name supabase_swift -Xcc -I/Users/xinyufang/Library/Developer/Xcode/DerivedData/Buzz-faillbpsmponqzeruhhvskovixzk/Build/Intermediates.noindex/Supabase.build/Debug-iphonesimulator/Auth.build/swift-overrides.hmap -emit-const-values -Xfrontend -const-gather-protocols-file -Xfrontend /Users/xinyufang/Library/Developer/Xcode/DerivedData/Buzz-faillbpsmponqzeruhhvskovixzk/Build/Intermediates.noindex/Supabase.build/Debug-iphonesimulator/Auth.build/Objects-normal/arm64/Auth_const_extract_protocols.json -Xcc -I/Users/xinyufang/Library/Developer/Xcode/DerivedData/Buzz-faillbpsmponqzeruhhvskovixzk/Build/Products/Debug-iphonesimulator/include -Xcc -I/Users/xinyufang/Library/Developer/Xcode/DerivedData/Buzz-faillbpsmponqzeruhhvskovixzk/Build/Intermediates.noindex/Supabase.build/Debug-iphonesimulator/Auth.build/DerivedSources-normal/arm64 -Xcc -I/Users/xinyufang/Library/Developer/Xcode/DerivedData/Buzz-faillbpsmponqzeruhhvskovixzk/Build/Intermediates.noindex/Supabase.build/Debug-iphonesimulator/Auth.build/DerivedSources/arm64 -Xcc -I/Users/xinyufang/Library/Developer/Xcode/DerivedData/Buzz-faillbpsmponqzeruhhvskovixzk/Build/Intermediates.noindex/Supabase.build/Debug-iphonesimulator/Auth.build/DerivedSources -Xcc -DSWIFT_PACKAGE -Xcc -DDEBUG\=1 -emit-objc-header -emit-objc-header-path /Users/xinyufang/Library/Developer/Xcode/DerivedData/Buzz-faillbpsmponqzeruhhvskovixzk/Build/Intermediates.noindex/Supabase.build/Debug-iphonesimulator/Auth.build/Objects-normal/arm64/Auth-Swift.h -working-directory /Users/xinyufang/Documents/Buzz/Buzz.xcodeproj -experimental-emit-module-separately -disable-cmo

CompileAssetCatalogVariant thinned /Users/xinyufang/Library/Developer/Xcode/DerivedData/Buzz-faillbpsmponqzeruhhvskovixzk/Build/Products/Debug-iphonesimulator/Buzz.app /Users/xinyufang/Documents/Buzz/Buzz/Assets.xcassets (in target 'Buzz' from project 'Buzz')
    cd /Users/xinyufang/Documents/Buzz
    /Applications/Xcode.app/Contents/Developer/usr/bin/actool /Users/xinyufang/Documents/Buzz/Buzz/Assets.xcassets --compile /Users/xinyufang/Library/Developer/Xcode/DerivedData/Buzz-faillbpsmponqzeruhhvskovixzk/Build/Intermediates.noindex/Buzz.build/Debug-iphonesimulator/Buzz.build/assetcatalog_output/thinned --output-format human-readable-text --notices --warnings --export-dependency-info /Users/xinyufang/Library/Developer/Xcode/DerivedData/Buzz-faillbpsmponqzeruhhvskovixzk/Build/Intermediates.noindex/Buzz.build/Debug-iphonesimulator/Buzz.build/assetcatalog_dependencies_thinned --output-partial-info-plist /Users/xinyufang/Library/Developer/Xcode/DerivedData/Buzz-faillbpsmponqzeruhhvskovixzk/Build/Intermediates.noindex/Buzz.build/Debug-iphonesimulator/Buzz.build/assetcatalog_generated_info.plist_thinned --app-icon AppIcon --accent-color AccentColor --compress-pngs --enable-on-demand-resources YES --filter-for-thinning-device-configuration iPhone18,3 --filter-for-device-os-version 26.0.1 --development-region en --target-device iphone --target-device ipad --minimum-deployment-target 26.0 --platform iphonesimulator
objc[36873]: Class _NoAnimationDelegate is implemented in both /Library/Developer/CoreSimulator/Volumes/iOS_23A8464/Library/Developer/CoreSimulator/Profiles/Runtimes/iOS 26.0.simruntime/Contents/Resources/RuntimeRoot/System/Library/Frameworks/SwiftUICore.framework/SwiftUICore (0x1439e4130) and /Library/Developer/CoreSimulator/Volumes/iOS_23A8464/Library/Developer/CoreSimulator/Profiles/Runtimes/iOS 26.0.simruntime/Contents/Resources/RuntimeRoot/System/Library/PrivateFrameworks/UIKitCore.framework/UIKitCore (0x140b4d198). This may cause spurious casting failures and mysterious crashes. One of the duplicates must be removed or renamed.
/* com.apple.actool.compilation-results */
/Users/xinyufang/Library/Developer/Xcode/DerivedData/Buzz-faillbpsmponqzeruhhvskovixzk/Build/Intermediates.noindex/Buzz.build/Debug-iphonesimulator/Buzz.build/assetcatalog_generated_info.plist_thinned
/Users/xinyufang/Library/Developer/Xcode/DerivedData/Buzz-faillbpsmponqzeruhhvskovixzk/Build/Intermediates.noindex/Buzz.build/Debug-iphonesimulator/Buzz.build/assetcatalog_output/thinned/AppIcon60x60@2x.png
/Users/xinyufang/Library/Developer/Xcode/DerivedData/Buzz-faillbpsmponqzeruhhvskovixzk/Build/Intermediates.noindex/Buzz.build/Debug-iphonesimulator/Buzz.build/assetcatalog_output/thinned/AppIcon76x76@2x~ipad.png
/Users/xinyufang/Library/Developer/Xcode/DerivedData/Buzz-faillbpsmponqzeruhhvskovixzk/Build/Intermediates.noindex/Buzz.build/Debug-iphonesimulator/Buzz.build/assetcatalog_output/thinned/Assets.car


SwiftDriver Buzz normal arm64 com.apple.xcode.tools.swift.compiler (in target 'Buzz' from project 'Buzz')
    cd /Users/xinyufang/Documents/Buzz
    builtin-SwiftDriver -- /Applications/Xcode.app/Contents/Developer/Toolchains/XcodeDefault.xctoolchain/usr/bin/swiftc -module-name Buzz -Onone -enforce-exclusivity\=checked @/Users/xinyufang/Library/Developer/Xcode/DerivedData/Buzz-faillbpsmponqzeruhhvskovixzk/Build/Intermediates.noindex/Buzz.build/Debug-iphonesimulator/Buzz.build/Objects-normal/arm64/Buzz.SwiftFileList -DDEBUG -Xcc -fmodule-map-file\=/Users/xinyufang/Library/Developer/Xcode/DerivedData/Buzz-faillbpsmponqzeruhhvskovixzk/Build/Intermediates.noindex/GeneratedModuleMaps-iphonesimulator/AppAuth.modulemap -Xcc -fmodule-map-file\=/Users/xinyufang/Library/Developer/Xcode/DerivedData/Buzz-faillbpsmponqzeruhhvskovixzk/Build/Intermediates.noindex/GeneratedModuleMaps-iphonesimulator/AppAuthCore.modulemap -Xcc -fmodule-map-file\=/Users/xinyufang/Library/Developer/Xcode/DerivedData/Buzz-faillbpsmponqzeruhhvskovixzk/Build/Intermediates.noindex/GeneratedModuleMaps-iphonesimulator/GoogleUtilities-Logger.modulemap -Xcc -fmodule-map-file\=/Users/xinyufang/Library/Developer/Xcode/DerivedData/Buzz-faillbpsmponqzeruhhvskovixzk/Build/Intermediates.noindex/GeneratedModuleMaps-iphonesimulator/GoogleUtilities-Environment.modulemap -Xcc -fmodule-map-file\=/Users/xinyufang/Library/Developer/Xcode/DerivedData/Buzz-faillbpsmponqzeruhhvskovixzk/Build/Intermediates.noindex/GeneratedModuleMaps-iphonesimulator/third-party-IsAppEncrypted.modulemap -Xcc -fmodule-map-file\=/Users/xinyufang/Library/Developer/Xcode/DerivedData/Buzz-faillbpsmponqzeruhhvskovixzk/Build/Intermediates.noindex/GeneratedModuleMaps-iphonesimulator/GoogleUtilities-UserDefaults.modulemap -Xcc -fmodule-map-file\=/Users/xinyufang/Library/Developer/Xcode/DerivedData/Buzz-faillbpsmponqzeruhhvskovixzk/Build/Intermediates.noindex/GeneratedModuleMaps-iphonesimulator/AppCheckCore.modulemap -Xcc -fmodule-map-file\=/Users/xinyufang/Library/Developer/Xcode/DerivedData/Buzz-faillbpsmponqzeruhhvskovixzk/Build/Intermediates.noindex/GeneratedModuleMaps-iphonesimulator/GTMSessionFetcherCore.modulemap -Xcc -fmodule-map-file\=/Users/xinyufang/Library/Developer/Xcode/DerivedData/Buzz-faillbpsmponqzeruhhvskovixzk/Build/Intermediates.noindex/GeneratedModuleMaps-iphonesimulator/GoogleSignIn.modulemap -Xcc -fmodule-map-file\=/Users/xinyufang/Library/Developer/Xcode/DerivedData/Buzz-faillbpsmponqzeruhhvskovixzk/Build/Intermediates.noindex/GeneratedModuleMaps-iphonesimulator/Stripe3DS2.modulemap -default-isolation\=MainActor -enable-bare-slash-regex -enable-upcoming-feature DisableOutwardActorInference -enable-upcoming-feature InferSendableFromCaptures -enable-upcoming-feature GlobalActorIsolatedTypesUsability -enable-upcoming-feature MemberImportVisibility -enable-upcoming-feature InferIsolatedConformances -enable-upcoming-feature NonisolatedNonsendingByDefault -enable-experimental-feature DebugDescriptionMacro -sdk /Applications/Xcode.app/Contents/Developer/Platforms/iPhoneSimulator.platform/Developer/SDKs/iPhoneSimulator26.0.sdk -target arm64-apple-ios26.0-simulator -g -module-cache-path /Users/xinyufang/Library/Developer/Xcode/DerivedData/ModuleCache.noindex -Xfrontend -serialize-debugging-options -enable-testing -index-store-path /Users/xinyufang/Library/Developer/Xcode/DerivedData/Buzz-faillbpsmponqzeruhhvskovixzk/Index.noindex/DataStore -Xcc -D_LIBCPP_HARDENING_MODE\=_LIBCPP_HARDENING_MODE_DEBUG -swift-version 5 -I /Users/xinyufang/Library/Developer/Xcode/DerivedData/Buzz-faillbpsmponqzeruhhvskovixzk/Build/Products/Debug-iphonesimulator -F /Users/xinyufang/Library/Developer/Xcode/DerivedData/Buzz-faillbpsmponqzeruhhvskovixzk/Build/Products/Debug-iphonesimulator/PackageFrameworks -F /Users/xinyufang/Library/Developer/Xcode/DerivedData/Buzz-faillbpsmponqzeruhhvskovixzk/Build/Products/Debug-iphonesimulator/PackageFrameworks -F /Users/xinyufang/Library/Developer/Xcode/DerivedData/Buzz-faillbpsmponqzeruhhvskovixzk/Build/Products/Debug-iphonesimulator/PackageFrameworks -F /Users/xinyufang/Library/Developer/Xcode/DerivedData/Buzz-faillbpsmponqzeruhhvskovixzk/Build/Products/Debug-iphonesimulator/PackageFrameworks -F /Users/xinyufang/Library/Developer/Xcode/DerivedData/Buzz-faillbpsmponqzeruhhvskovixzk/Build/Products/Debug-iphonesimulator/PackageFrameworks -F /Users/xinyufang/Library/Developer/Xcode/DerivedData/Buzz-faillbpsmponqzeruhhvskovixzk/Build/Products/Debug-iphonesimulator/PackageFrameworks -F /Users/xinyufang/Library/Developer/Xcode/DerivedData/Buzz-faillbpsmponqzeruhhvskovixzk/Build/Products/Debug-iphonesimulator/PackageFrameworks -F /Users/xinyufang/Library/Developer/Xcode/DerivedData/Buzz-faillbpsmponqzeruhhvskovixzk/Build/Products/Debug-iphonesimulator/PackageFrameworks -F /Users/xinyufang/Library/Developer/Xcode/DerivedData/Buzz-faillbpsmponqzeruhhvskovixzk/Build/Products/Debug-iphonesimulator/PackageFrameworks -F /Users/xinyufang/Library/Developer/Xcode/DerivedData/Buzz-faillbpsmponqzeruhhvskovixzk/Build/Products/Debug-iphonesimulator/PackageFrameworks -F /Users/xinyufang/Library/Developer/Xcode/DerivedData/Buzz-faillbpsmponqzeruhhvskovixzk/Build/Products/Debug-iphonesimulator/PackageFrameworks -F /Users/xinyufang/Library/Developer/Xcode/DerivedData/Buzz-faillbpsmponqzeruhhvskovixzk/Build/Products/Debug-iphonesimulator/PackageFrameworks -F /Users/xinyufang/Library/Developer/Xcode/DerivedData/Buzz-faillbpsmponqzeruhhvskovixzk/Build/Products/Debug-iphonesimulator/PackageFrameworks -F /Users/xinyufang/Library/Developer/Xcode/DerivedData/Buzz-faillbpsmponqzeruhhvskovixzk/Build/Products/Debug-iphonesimulator/PackageFrameworks -F /Users/xinyufang/Library/Developer/Xcode/DerivedData/Buzz-faillbpsmponqzeruhhvskovixzk/Build/Products/Debug-iphonesimulator/PackageFrameworks -F /Users/xinyufang/Library/Developer/Xcode/DerivedData/Buzz-faillbpsmponqzeruhhvskovixzk/Build/Products/Debug-iphonesimulator/PackageFrameworks -F /Users/xinyufang/Library/Developer/Xcode/DerivedData/Buzz-faillbpsmponqzeruhhvskovixzk/Build/Products/Debug-iphonesimulator/PackageFrameworks -F /Users/xinyufang/Library/Developer/Xcode/DerivedData/Buzz-faillbpsmponqzeruhhvskovixzk/Build/Products/Debug-iphonesimulator/PackageFrameworks -F /Users/xinyufang/Library/Developer/Xcode/DerivedData/Buzz-faillbpsmponqzeruhhvskovixzk/Build/Products/Debug-iphonesimulator/PackageFrameworks -F /Users/xinyufang/Library/Developer/Xcode/DerivedData/Buzz-faillbpsmponqzeruhhvskovixzk/Build/Products/Debug-iphonesimulator/PackageFrameworks -F /Users/xinyufang/Library/Developer/Xcode/DerivedData/Buzz-faillbpsmponqzeruhhvskovixzk/Build/Products/Debug-iphonesimulator/PackageFrameworks -F /Users/xinyufang/Library/Developer/Xcode/DerivedData/Buzz-faillbpsmponqzeruhhvskovixzk/Build/Products/Debug-iphonesimulator/PackageFrameworks -F /Users/xinyufang/Library/Developer/Xcode/DerivedData/Buzz-faillbpsmponqzeruhhvskovixzk/Build/Products/Debug-iphonesimulator/PackageFrameworks -F /Users/xinyufang/Library/Developer/Xcode/DerivedData/Buzz-faillbpsmponqzeruhhvskovixzk/Build/Products/Debug-iphonesimulator/PackageFrameworks -F /Users/xinyufang/Library/Developer/Xcode/DerivedData/Buzz-faillbpsmponqzeruhhvskovixzk/Build/Products/Debug-iphonesimulator/PackageFrameworks -F /Users/xinyufang/Library/Developer/Xcode/DerivedData/Buzz-faillbpsmponqzeruhhvskovixzk/Build/Products/Debug-iphonesimulator/PackageFrameworks -F /Users/xinyufang/Library/Developer/Xcode/DerivedData/Buzz-faillbpsmponqzeruhhvskovixzk/Build/Products/Debug-iphonesimulator/PackageFrameworks -F /Users/xinyufang/Library/Developer/Xcode/DerivedData/Buzz-faillbpsmponqzeruhhvskovixzk/Build/Products/Debug-iphonesimulator/PackageFrameworks -F /Users/xinyufang/Library/Developer/Xcode/DerivedData/Buzz-faillbpsmponqzeruhhvskovixzk/Build/Products/Debug-iphonesimulator/PackageFrameworks -F /Users/xinyufang/Library/Developer/Xcode/DerivedData/Buzz-faillbpsmponqzeruhhvskovixzk/Build/Products/Debug-iphonesimulator/PackageFrameworks -F /Users/xinyufang/Library/Developer/Xcode/DerivedData/Buzz-faillbpsmponqzeruhhvskovixzk/Build/Products/Debug-iphonesimulator/PackageFrameworks -F /Users/xinyufang/Library/Developer/Xcode/DerivedData/Buzz-faillbpsmponqzeruhhvskovixzk/Build/Products/Debug-iphonesimulator/PackageFrameworks -F /Users/xinyufang/Library/Developer/Xcode/DerivedData/Buzz-faillbpsmponqzeruhhvskovixzk/Build/Products/Debug-iphonesimulator/PackageFrameworks -F /Users/xinyufang/Library/Developer/Xcode/DerivedData/Buzz-faillbpsmponqzeruhhvskovixzk/Build/Products/Debug-iphonesimulator/PackageFrameworks -F /Users/xinyufang/Library/Developer/Xcode/DerivedData/Buzz-faillbpsmponqzeruhhvskovixzk/Build/Products/Debug-iphonesimulator/PackageFrameworks -F /Users/xinyufang/Library/Developer/Xcode/DerivedData/Buzz-faillbpsmponqzeruhhvskovixzk/Build/Products/Debug-iphonesimulator/PackageFrameworks -F /Users/xinyufang/Library/Developer/Xcode/DerivedData/Buzz-faillbpsmponqzeruhhvskovixzk/Build/Products/Debug-iphonesimulator/PackageFrameworks -F /Users/xinyufang/Library/Developer/Xcode/DerivedData/Buzz-faillbpsmponqzeruhhvskovixzk/Build/Products/Debug-iphonesimulator/PackageFrameworks -F /Users/xinyufang/Library/Developer/Xcode/DerivedData/Buzz-faillbpsmponqzeruhhvskovixzk/Build/Products/Debug-iphonesimulator/PackageFrameworks -F /Users/xinyufang/Library/Developer/Xcode/DerivedData/Buzz-faillbpsmponqzeruhhvskovixzk/Build/Products/Debug-iphonesimulator -emit-localized-strings -emit-localized-strings-path /Users/xinyufang/Library/Developer/Xcode/DerivedData/Buzz-faillbpsmponqzeruhhvskovixzk/Build/Intermediates.noindex/Buzz.build/Debug-iphonesimulator/Buzz.build/Objects-normal/arm64 -c -j8 -enable-batch-mode -incremental -Xcc -ivfsstatcache -Xcc /Users/xinyufang/Library/Developer/Xcode/DerivedData/SDKStatCaches.noindex/iphonesimulator26.0-23A339-26257891a6c027eb51374368541b8346.sdkstatcache -output-file-map /Users/xinyufang/Library/Developer/Xcode/DerivedData/Buzz-faillbpsmponqzeruhhvskovixzk/Build/Intermediates.noindex/Buzz.build/Debug-iphonesimulator/Buzz.build/Objects-normal/arm64/Buzz-OutputFileMap.json -use-frontend-parseable-output -save-temps -no-color-diagnostics -explicit-module-build -module-cache-path /Users/xinyufang/Library/Developer/Xcode/DerivedData/Buzz-faillbpsmponqzeruhhvskovixzk/Build/Intermediates.noindex/SwiftExplicitPrecompiledModules -clang-scanner-module-cache-path /Users/xinyufang/Library/Developer/Xcode/DerivedData/ModuleCache.noindex -sdk-module-cache-path /Users/xinyufang/Library/Developer/Xcode/DerivedData/ModuleCache.noindex -serialize-diagnostics -emit-dependencies -emit-module -emit-module-path /Users/xinyufang/Library/Developer/Xcode/DerivedData/Buzz-faillbpsmponqzeruhhvskovixzk/Build/Intermediates.noindex/Buzz.build/Debug-iphonesimulator/Buzz.build/Objects-normal/arm64/Buzz.swiftmodule -validate-clang-modules-once -clang-build-session-file /Users/xinyufang/Library/Developer/Xcode/DerivedData/ModuleCache.noindex/Session.modulevalidation -Xcc -I/Users/xinyufang/Library/Developer/Xcode/DerivedData/Buzz-faillbpsmponqzeruhhvskovixzk/Build/Intermediates.noindex/Buzz.build/Debug-iphonesimulator/Buzz.build/swift-overrides.hmap -emit-const-values -Xfrontend -const-gather-protocols-file -Xfrontend /Users/xinyufang/Library/Developer/Xcode/DerivedData/Buzz-faillbpsmponqzeruhhvskovixzk/Build/Intermediates.noindex/Buzz.build/Debug-iphonesimulator/Buzz.build/Objects-normal/arm64/Buzz_const_extract_protocols.json -Xcc -iquote -Xcc /Users/xinyufang/Library/Developer/Xcode/DerivedData/Buzz-faillbpsmponqzeruhhvskovixzk/Build/Intermediates.noindex/Buzz.build/Debug-iphonesimulator/Buzz.build/Buzz-generated-files.hmap -Xcc -I/Users/xinyufang/Library/Developer/Xcode/DerivedData/Buzz-faillbpsmponqzeruhhvskovixzk/Build/Intermediates.noindex/Buzz.build/Debug-iphonesimulator/Buzz.build/Buzz-own-target-headers.hmap -Xcc -I/Users/xinyufang/Library/Developer/Xcode/DerivedData/Buzz-faillbpsmponqzeruhhvskovixzk/Build/Intermediates.noindex/Buzz.build/Debug-iphonesimulator/Buzz.build/Buzz-all-non-framework-target-headers.hmap -Xcc -ivfsoverlay -Xcc /Users/xinyufang/Library/Developer/Xcode/DerivedData/Buzz-faillbpsmponqzeruhhvskovixzk/Build/Intermediates.noindex/Buzz.build/Debug-iphonesimulator/Buzz-f0f0de0f2b92c66dbd5712a40458aba1-VFS-iphonesimulator/all-product-headers.yaml -Xcc -iquote -Xcc /Users/xinyufang/Library/Developer/Xcode/DerivedData/Buzz-faillbpsmponqzeruhhvskovixzk/Build/Intermediates.noindex/Buzz.build/Debug-iphonesimulator/Buzz.build/Buzz-project-headers.hmap -Xcc -I/Users/xinyufang/Library/Developer/Xcode/DerivedData/Buzz-faillbpsmponqzeruhhvskovixzk/SourcePackages/checkouts/AppAuth-iOS/Sources/AppAuth -Xcc -I/Users/xinyufang/Library/Developer/Xcode/DerivedData/Buzz-faillbpsmponqzeruhhvskovixzk/SourcePackages/checkouts/AppAuth-iOS/Sources/AppAuthCore -Xcc -I/Users/xinyufang/Library/Developer/Xcode/DerivedData/Buzz-faillbpsmponqzeruhhvskovixzk/SourcePackages/checkouts/promises/Sources/FBLPromises/include -Xcc -I/Users/xinyufang/Library/Developer/Xcode/DerivedData/Buzz-faillbpsmponqzeruhhvskovixzk/SourcePackages/checkouts/GoogleUtilities/GoogleUtilities/Logger/Public -Xcc -I/Users/xinyufang/Library/Developer/Xcode/DerivedData/Buzz-faillbpsmponqzeruhhvskovixzk/SourcePackages/checkouts/GoogleUtilities/GoogleUtilities/Environment/Public -Xcc -I/Users/xinyufang/Library/Developer/Xcode/DerivedData/Buzz-faillbpsmponqzeruhhvskovixzk/SourcePackages/checkouts/GoogleUtilities/third_party/IsAppEncrypted/Public -Xcc -I/Users/xinyufang/Library/Developer/Xcode/DerivedData/Buzz-faillbpsmponqzeruhhvskovixzk/SourcePackages/checkouts/GoogleUtilities/GoogleUtilities/UserDefaults/Public -Xcc -I/Users/xinyufang/Library/Developer/Xcode/DerivedData/Buzz-faillbpsmponqzeruhhvskovixzk/SourcePackages/checkouts/app-check/AppCheckCore/Sources/Public -Xcc -I/Users/xinyufang/Library/Developer/Xcode/DerivedData/Buzz-faillbpsmponqzeruhhvskovixzk/SourcePackages/checkouts/gtm-session-fetcher/Sources/Core/Public -Xcc -I/Users/xinyufang/Library/Developer/Xcode/DerivedData/Buzz-faillbpsmponqzeruhhvskovixzk/SourcePackages/checkouts/GoogleSignIn-iOS/GoogleSignIn/Sources/Public -Xcc -I/Users/xinyufang/Library/Developer/Xcode/DerivedData/Buzz-faillbpsmponqzeruhhvskovixzk/SourcePackages/checkouts/stripe-ios-spm/Stripe3DS2/Stripe3DS2/include -Xcc -I/Users/xinyufang/Library/Developer/Xcode/DerivedData/Buzz-faillbpsmponqzeruhhvskovixzk/Build/Products/Debug-iphonesimulator/include -Xcc -I/Users/xinyufang/Library/Developer/Xcode/DerivedData/Buzz-faillbpsmponqzeruhhvskovixzk/Build/Intermediates.noindex/Buzz.build/Debug-iphonesimulator/Buzz.build/DerivedSources-normal/arm64 -Xcc -I/Users/xinyufang/Library/Developer/Xcode/DerivedData/Buzz-faillbpsmponqzeruhhvskovixzk/Build/Intermediates.noindex/Buzz.build/Debug-iphonesimulator/Buzz.build/DerivedSources/arm64 -Xcc -I/Users/xinyufang/Library/Developer/Xcode/DerivedData/Buzz-faillbpsmponqzeruhhvskovixzk/Build/Intermediates.noindex/Buzz.build/Debug-iphonesimulator/Buzz.build/DerivedSources -Xcc -DDEBUG\=1 -emit-objc-header -emit-objc-header-path /Users/xinyufang/Library/Developer/Xcode/DerivedData/Buzz-faillbpsmponqzeruhhvskovixzk/Build/Intermediates.noindex/Buzz.build/Debug-iphonesimulator/Buzz.build/Objects-normal/arm64/Buzz-Swift.h -working-directory /Users/xinyufang/Documents/Buzz -experimental-emit-module-separately -disable-cmo

RegisterExecutionPolicyException /Users/xinyufang/Library/Developer/Xcode/DerivedData/Buzz-faillbpsmponqzeruhhvskovixzk/Build/Products/Debug-iphonesimulator/Supabase.o (in target 'Supabase' from project 'Supabase')
    cd /Users/xinyufang/Library/Developer/Xcode/DerivedData/Buzz-faillbpsmponqzeruhhvskovixzk/SourcePackages/checkouts/supabase-swift
    builtin-RegisterExecutionPolicyException /Users/xinyufang/Library/Developer/Xcode/DerivedData/Buzz-faillbpsmponqzeruhhvskovixzk/Build/Products/Debug-iphonesimulator/Supabase.o

CpResource /Users/xinyufang/Library/Developer/Xcode/DerivedData/Buzz-faillbpsmponqzeruhhvskovixzk/Build/Products/Debug-iphonesimulator/Buzz.app/BuzzStoreKit.storekit /Users/xinyufang/Documents/Buzz/BuzzStoreKit.storekit (in target 'Buzz' from project 'Buzz')
    cd /Users/xinyufang/Documents/Buzz
    builtin-copy -exclude .DS_Store -exclude CVS -exclude .svn -exclude .git -exclude .hg -resolve-src-symlinks /Users/xinyufang/Documents/Buzz/BuzzStoreKit.storekit /Users/xinyufang/Library/Developer/Xcode/DerivedData/Buzz-faillbpsmponqzeruhhvskovixzk/Build/Products/Debug-iphonesimulator/Buzz.app

Copy /Users/xinyufang/Library/Developer/Xcode/DerivedData/Buzz-faillbpsmponqzeruhhvskovixzk/Build/Products/Debug-iphonesimulator/Buzz.app/swift-crypto_Crypto.bundle /Users/xinyufang/Library/Developer/Xcode/DerivedData/Buzz-faillbpsmponqzeruhhvskovixzk/Build/Products/Debug-iphonesimulator/swift-crypto_Crypto.bundle (in target 'Buzz' from project 'Buzz')
    cd /Users/xinyufang/Documents/Buzz
    builtin-copy -exclude .DS_Store -exclude CVS -exclude .svn -exclude .git -exclude .hg -resolve-src-symlinks /Users/xinyufang/Library/Developer/Xcode/DerivedData/Buzz-faillbpsmponqzeruhhvskovixzk/Build/Products/Debug-iphonesimulator/swift-crypto_Crypto.bundle /Users/xinyufang/Library/Developer/Xcode/DerivedData/Buzz-faillbpsmponqzeruhhvskovixzk/Build/Products/Debug-iphonesimulator/Buzz.app

Ld /Users/xinyufang/Library/Developer/Xcode/DerivedData/Buzz-faillbpsmponqzeruhhvskovixzk/Build/Products/Debug-iphonesimulator/Buzz.app/__preview.dylib normal (in target 'Buzz' from project 'Buzz')
    cd /Users/xinyufang/Documents/Buzz
    /Applications/Xcode.app/Contents/Developer/Toolchains/XcodeDefault.xctoolchain/usr/bin/clang -Xlinker -reproducible -target arm64-apple-ios26.0-simulator -dynamiclib -isysroot /Applications/Xcode.app/Contents/Developer/Platforms/iPhoneSimulator.platform/Developer/SDKs/iPhoneSimulator26.0.sdk -O0 -L/Users/xinyufang/Library/Developer/Xcode/DerivedData/Buzz-faillbpsmponqzeruhhvskovixzk/Build/Products/Debug-iphonesimulator -F/Users/xinyufang/Library/Developer/Xcode/DerivedData/Buzz-faillbpsmponqzeruhhvskovixzk/Build/Products/Debug-iphonesimulator/PackageFrameworks -F/Users/xinyufang/Library/Developer/Xcode/DerivedData/Buzz-faillbpsmponqzeruhhvskovixzk/Build/Products/Debug-iphonesimulator/PackageFrameworks -F/Users/xinyufang/Library/Developer/Xcode/DerivedData/Buzz-faillbpsmponqzeruhhvskovixzk/Build/Products/Debug-iphonesimulator/PackageFrameworks -F/Users/xinyufang/Library/Developer/Xcode/DerivedData/Buzz-faillbpsmponqzeruhhvskovixzk/Build/Products/Debug-iphonesimulator/PackageFrameworks -F/Users/xinyufang/Library/Developer/Xcode/DerivedData/Buzz-faillbpsmponqzeruhhvskovixzk/Build/Products/Debug-iphonesimulator/PackageFrameworks -F/Users/xinyufang/Library/Developer/Xcode/DerivedData/Buzz-faillbpsmponqzeruhhvskovixzk/Build/Products/Debug-iphonesimulator/PackageFrameworks -F/Users/xinyufang/Library/Developer/Xcode/DerivedData/Buzz-faillbpsmponqzeruhhvskovixzk/Build/Products/Debug-iphonesimulator/PackageFrameworks -F/Users/xinyufang/Library/Developer/Xcode/DerivedData/Buzz-faillbpsmponqzeruhhvskovixzk/Build/Products/Debug-iphonesimulator/PackageFrameworks -F/Users/xinyufang/Library/Developer/Xcode/DerivedData/Buzz-faillbpsmponqzeruhhvskovixzk/Build/Products/Debug-iphonesimulator/PackageFrameworks -F/Users/xinyufang/Library/Developer/Xcode/DerivedData/Buzz-faillbpsmponqzeruhhvskovixzk/Build/Products/Debug-iphonesimulator/PackageFrameworks -F/Users/xinyufang/Library/Developer/Xcode/DerivedData/Buzz-faillbpsmponqzeruhhvskovixzk/Build/Products/Debug-iphonesimulator/PackageFrameworks -F/Users/xinyufang/Library/Developer/Xcode/DerivedData/Buzz-faillbpsmponqzeruhhvskovixzk/Build/Products/Debug-iphonesimulator/PackageFrameworks -F/Users/xinyufang/Library/Developer/Xcode/DerivedData/Buzz-faillbpsmponqzeruhhvskovixzk/Build/Products/Debug-iphonesimulator/PackageFrameworks -F/Users/xinyufang/Library/Developer/Xcode/DerivedData/Buzz-faillbpsmponqzeruhhvskovixzk/Build/Products/Debug-iphonesimulator/PackageFrameworks -F/Users/xinyufang/Library/Developer/Xcode/DerivedData/Buzz-faillbpsmponqzeruhhvskovixzk/Build/Products/Debug-iphonesimulator/PackageFrameworks -F/Users/xinyufang/Library/Developer/Xcode/DerivedData/Buzz-faillbpsmponqzeruhhvskovixzk/Build/Products/Debug-iphonesimulator/PackageFrameworks -F/Users/xinyufang/Library/Developer/Xcode/DerivedData/Buzz-faillbpsmponqzeruhhvskovixzk/Build/Products/Debug-iphonesimulator/PackageFrameworks -F/Users/xinyufang/Library/Developer/Xcode/DerivedData/Buzz-faillbpsmponqzeruhhvskovixzk/Build/Products/Debug-iphonesimulator/PackageFrameworks -F/Users/xinyufang/Library/Developer/Xcode/DerivedData/Buzz-faillbpsmponqzeruhhvskovixzk/Build/Products/Debug-iphonesimulator/PackageFrameworks -F/Users/xinyufang/Library/Developer/Xcode/DerivedData/Buzz-faillbpsmponqzeruhhvskovixzk/Build/Products/Debug-iphonesimulator/PackageFrameworks -F/Users/xinyufang/Library/Developer/Xcode/DerivedData/Buzz-faillbpsmponqzeruhhvskovixzk/Build/Products/Debug-iphonesimulator/PackageFrameworks -F/Users/xinyufang/Library/Developer/Xcode/DerivedData/Buzz-faillbpsmponqzeruhhvskovixzk/Build/Products/Debug-iphonesimulator/PackageFrameworks -F/Users/xinyufang/Library/Developer/Xcode/DerivedData/Buzz-faillbpsmponqzeruhhvskovixzk/Build/Products/Debug-iphonesimulator/PackageFrameworks -F/Users/xinyufang/Library/Developer/Xcode/DerivedData/Buzz-faillbpsmponqzeruhhvskovixzk/Build/Products/Debug-iphonesimulator/PackageFrameworks -F/Users/xinyufang/Library/Developer/Xcode/DerivedData/Buzz-faillbpsmponqzeruhhvskovixzk/Build/Products/Debug-iphonesimulator/PackageFrameworks -F/Users/xinyufang/Library/Developer/Xcode/DerivedData/Buzz-faillbpsmponqzeruhhvskovixzk/Build/Products/Debug-iphonesimulator/PackageFrameworks -F/Users/xinyufang/Library/Developer/Xcode/DerivedData/Buzz-faillbpsmponqzeruhhvskovixzk/Build/Products/Debug-iphonesimulator/PackageFrameworks -F/Users/xinyufang/Library/Developer/Xcode/DerivedData/Buzz-faillbpsmponqzeruhhvskovixzk/Build/Products/Debug-iphonesimulator/PackageFrameworks -F/Users/xinyufang/Library/Developer/Xcode/DerivedData/Buzz-faillbpsmponqzeruhhvskovixzk/Build/Products/Debug-iphonesimulator/PackageFrameworks -F/Users/xinyufang/Library/Developer/Xcode/DerivedData/Buzz-faillbpsmponqzeruhhvskovixzk/Build/Products/Debug-iphonesimulator/PackageFrameworks -F/Users/xinyufang/Library/Developer/Xcode/DerivedData/Buzz-faillbpsmponqzeruhhvskovixzk/Build/Products/Debug-iphonesimulator/PackageFrameworks -F/Users/xinyufang/Library/Developer/Xcode/DerivedData/Buzz-faillbpsmponqzeruhhvskovixzk/Build/Products/Debug-iphonesimulator/PackageFrameworks -F/Users/xinyufang/Library/Developer/Xcode/DerivedData/Buzz-faillbpsmponqzeruhhvskovixzk/Build/Products/Debug-iphonesimulator/PackageFrameworks -F/Users/xinyufang/Library/Developer/Xcode/DerivedData/Buzz-faillbpsmponqzeruhhvskovixzk/Build/Products/Debug-iphonesimulator/PackageFrameworks -F/Users/xinyufang/Library/Developer/Xcode/DerivedData/Buzz-faillbpsmponqzeruhhvskovixzk/Build/Products/Debug-iphonesimulator/PackageFrameworks -F/Users/xinyufang/Library/Developer/Xcode/DerivedData/Buzz-faillbpsmponqzeruhhvskovixzk/Build/Products/Debug-iphonesimulator/PackageFrameworks -F/Users/xinyufang/Library/Developer/Xcode/DerivedData/Buzz-faillbpsmponqzeruhhvskovixzk/Build/Products/Debug-iphonesimulator/PackageFrameworks -F/Users/xinyufang/Library/Developer/Xcode/DerivedData/Buzz-faillbpsmponqzeruhhvskovixzk/Build/Products/Debug-iphonesimulator/PackageFrameworks -F/Users/xinyufang/Library/Developer/Xcode/DerivedData/Buzz-faillbpsmponqzeruhhvskovixzk/Build/Products/Debug-iphonesimulator/PackageFrameworks -F/Users/xinyufang/Library/Developer/Xcode/DerivedData/Buzz-faillbpsmponqzeruhhvskovixzk/Build/Products/Debug-iphonesimulator -install_name @rpath/Buzz.debug.dylib -dead_strip -rdynamic -Xlinker -no_deduplicate -Xlinker -objc_abi_version -Xlinker 2 -Xlinker -dependency_info -Xlinker /Users/xinyufang/Library/Developer/Xcode/DerivedData/Buzz-faillbpsmponqzeruhhvskovixzk/Build/Intermediates.noindex/Buzz.build/Debug-iphonesimulator/Buzz.build/Objects-normal/arm64/Buzz_dependency_info.dat -Xlinker -sectcreate -Xlinker __TEXT -Xlinker __entitlements -Xlinker /Users/xinyufang/Library/Developer/Xcode/DerivedData/Buzz-faillbpsmponqzeruhhvskovixzk/Build/Intermediates.noindex/Buzz.build/Debug-iphonesimulator/Buzz.build/Buzz.app-Simulated.xcent -Xlinker -sectcreate -Xlinker __TEXT -Xlinker __ents_der -Xlinker /Users/xinyufang/Library/Developer/Xcode/DerivedData/Buzz-faillbpsmponqzeruhhvskovixzk/Build/Intermediates.noindex/Buzz.build/Debug-iphonesimulator/Buzz.build/Buzz.app-Simulated.xcent.der -Xlinker -no_adhoc_codesign -o /Users/xinyufang/Library/Developer/Xcode/DerivedData/Buzz-faillbpsmponqzeruhhvskovixzk/Build/Products/Debug-iphonesimulator/Buzz.app/__preview.dylib

Copy /Users/xinyufang/Library/Developer/Xcode/DerivedData/Buzz-faillbpsmponqzeruhhvskovixzk/Build/Products/Debug-iphonesimulator/Buzz.app/Stripe_StripePaymentsUI.bundle /Users/xinyufang/Library/Developer/Xcode/DerivedData/Buzz-faillbpsmponqzeruhhvskovixzk/Build/Products/Debug-iphonesimulator/Stripe_StripePaymentsUI.bundle (in target 'Buzz' from project 'Buzz')
    cd /Users/xinyufang/Documents/Buzz
    builtin-copy -exclude .DS_Store -exclude CVS -exclude .svn -exclude .git -exclude .hg -resolve-src-symlinks /Users/xinyufang/Library/Developer/Xcode/DerivedData/Buzz-faillbpsmponqzeruhhvskovixzk/Build/Products/Debug-iphonesimulator/Stripe_StripePaymentsUI.bundle /Users/xinyufang/Library/Developer/Xcode/DerivedData/Buzz-faillbpsmponqzeruhhvskovixzk/Build/Products/Debug-iphonesimulator/Buzz.app

Copy /Users/xinyufang/Library/Developer/Xcode/DerivedData/Buzz-faillbpsmponqzeruhhvskovixzk/Build/Products/Debug-iphonesimulator/Buzz.app/Stripe_StripePayments.bundle /Users/xinyufang/Library/Developer/Xcode/DerivedData/Buzz-faillbpsmponqzeruhhvskovixzk/Build/Products/Debug-iphonesimulator/Stripe_StripePayments.bundle (in target 'Buzz' from project 'Buzz')
    cd /Users/xinyufang/Documents/Buzz
    builtin-copy -exclude .DS_Store -exclude CVS -exclude .svn -exclude .git -exclude .hg -resolve-src-symlinks /Users/xinyufang/Library/Developer/Xcode/DerivedData/Buzz-faillbpsmponqzeruhhvskovixzk/Build/Products/Debug-iphonesimulator/Stripe_StripePayments.bundle /Users/xinyufang/Library/Developer/Xcode/DerivedData/Buzz-faillbpsmponqzeruhhvskovixzk/Build/Products/Debug-iphonesimulator/Buzz.app

Copy /Users/xinyufang/Library/Developer/Xcode/DerivedData/Buzz-faillbpsmponqzeruhhvskovixzk/Build/Products/Debug-iphonesimulator/Buzz.app/Stripe_StripeUICore.bundle /Users/xinyufang/Library/Developer/Xcode/DerivedData/Buzz-faillbpsmponqzeruhhvskovixzk/Build/Products/Debug-iphonesimulator/Stripe_StripeUICore.bundle (in target 'Buzz' from project 'Buzz')
    cd /Users/xinyufang/Documents/Buzz
    builtin-copy -exclude .DS_Store -exclude CVS -exclude .svn -exclude .git -exclude .hg -resolve-src-symlinks /Users/xinyufang/Library/Developer/Xcode/DerivedData/Buzz-faillbpsmponqzeruhhvskovixzk/Build/Products/Debug-iphonesimulator/Stripe_StripeUICore.bundle /Users/xinyufang/Library/Developer/Xcode/DerivedData/Buzz-faillbpsmponqzeruhhvskovixzk/Build/Products/Debug-iphonesimulator/Buzz.app

Copy /Users/xinyufang/Library/Developer/Xcode/DerivedData/Buzz-faillbpsmponqzeruhhvskovixzk/Build/Products/Debug-iphonesimulator/Buzz.app/Stripe_StripePaymentSheet.bundle /Users/xinyufang/Library/Developer/Xcode/DerivedData/Buzz-faillbpsmponqzeruhhvskovixzk/Build/Products/Debug-iphonesimulator/Stripe_StripePaymentSheet.bundle (in target 'Buzz' from project 'Buzz')
    cd /Users/xinyufang/Documents/Buzz
    builtin-copy -exclude .DS_Store -exclude CVS -exclude .svn -exclude .git -exclude .hg -resolve-src-symlinks /Users/xinyufang/Library/Developer/Xcode/DerivedData/Buzz-faillbpsmponqzeruhhvskovixzk/Build/Products/Debug-iphonesimulator/Stripe_StripePaymentSheet.bundle /Users/xinyufang/Library/Developer/Xcode/DerivedData/Buzz-faillbpsmponqzeruhhvskovixzk/Build/Products/Debug-iphonesimulator/Buzz.app

Copy /Users/xinyufang/Library/Developer/Xcode/DerivedData/Buzz-faillbpsmponqzeruhhvskovixzk/Build/Products/Debug-iphonesimulator/Buzz.app/Stripe_StripeIdentity.bundle /Users/xinyufang/Library/Developer/Xcode/DerivedData/Buzz-faillbpsmponqzeruhhvskovixzk/Build/Products/Debug-iphonesimulator/Stripe_StripeIdentity.bundle (in target 'Buzz' from project 'Buzz')
    cd /Users/xinyufang/Documents/Buzz
    builtin-copy -exclude .DS_Store -exclude CVS -exclude .svn -exclude .git -exclude .hg -resolve-src-symlinks /Users/xinyufang/Library/Developer/Xcode/DerivedData/Buzz-faillbpsmponqzeruhhvskovixzk/Build/Products/Debug-iphonesimulator/Stripe_StripeIdentity.bundle /Users/xinyufang/Library/Developer/Xcode/DerivedData/Buzz-faillbpsmponqzeruhhvskovixzk/Build/Products/Debug-iphonesimulator/Buzz.app

Copy /Users/xinyufang/Library/Developer/Xcode/DerivedData/Buzz-faillbpsmponqzeruhhvskovixzk/Build/Products/Debug-iphonesimulator/Buzz.app/Stripe_StripeFinancialConnections.bundle /Users/xinyufang/Library/Developer/Xcode/DerivedData/Buzz-faillbpsmponqzeruhhvskovixzk/Build/Products/Debug-iphonesimulator/Stripe_StripeFinancialConnections.bundle (in target 'Buzz' from project 'Buzz')
    cd /Users/xinyufang/Documents/Buzz
    builtin-copy -exclude .DS_Store -exclude CVS -exclude .svn -exclude .git -exclude .hg -resolve-src-symlinks /Users/xinyufang/Library/Developer/Xcode/DerivedData/Buzz-faillbpsmponqzeruhhvskovixzk/Build/Products/Debug-iphonesimulator/Stripe_StripeFinancialConnections.bundle /Users/xinyufang/Library/Developer/Xcode/DerivedData/Buzz-faillbpsmponqzeruhhvskovixzk/Build/Products/Debug-iphonesimulator/Buzz.app

Copy /Users/xinyufang/Library/Developer/Xcode/DerivedData/Buzz-faillbpsmponqzeruhhvskovixzk/Build/Products/Debug-iphonesimulator/Buzz.app/Stripe_StripeCore.bundle /Users/xinyufang/Library/Developer/Xcode/DerivedData/Buzz-faillbpsmponqzeruhhvskovixzk/Build/Products/Debug-iphonesimulator/Stripe_StripeCore.bundle (in target 'Buzz' from project 'Buzz')
    cd /Users/xinyufang/Documents/Buzz
    builtin-copy -exclude .DS_Store -exclude CVS -exclude .svn -exclude .git -exclude .hg -resolve-src-symlinks /Users/xinyufang/Library/Developer/Xcode/DerivedData/Buzz-faillbpsmponqzeruhhvskovixzk/Build/Products/Debug-iphonesimulator/Stripe_StripeCore.bundle /Users/xinyufang/Library/Developer/Xcode/DerivedData/Buzz-faillbpsmponqzeruhhvskovixzk/Build/Products/Debug-iphonesimulator/Buzz.app

Copy /Users/xinyufang/Library/Developer/Xcode/DerivedData/Buzz-faillbpsmponqzeruhhvskovixzk/Build/Products/Debug-iphonesimulator/Buzz.app/Stripe_StripeConnect.bundle /Users/xinyufang/Library/Developer/Xcode/DerivedData/Buzz-faillbpsmponqzeruhhvskovixzk/Build/Products/Debug-iphonesimulator/Stripe_StripeConnect.bundle (in target 'Buzz' from project 'Buzz')
    cd /Users/xinyufang/Documents/Buzz
    builtin-copy -exclude .DS_Store -exclude CVS -exclude .svn -exclude .git -exclude .hg -resolve-src-symlinks /Users/xinyufang/Library/Developer/Xcode/DerivedData/Buzz-faillbpsmponqzeruhhvskovixzk/Build/Products/Debug-iphonesimulator/Stripe_StripeConnect.bundle /Users/xinyufang/Library/Developer/Xcode/DerivedData/Buzz-faillbpsmponqzeruhhvskovixzk/Build/Products/Debug-iphonesimulator/Buzz.app

Copy /Users/xinyufang/Library/Developer/Xcode/DerivedData/Buzz-faillbpsmponqzeruhhvskovixzk/Build/Products/Debug-iphonesimulator/Buzz.app/Stripe_StripeCardScan.bundle /Users/xinyufang/Library/Developer/Xcode/DerivedData/Buzz-faillbpsmponqzeruhhvskovixzk/Build/Products/Debug-iphonesimulator/Stripe_StripeCardScan.bundle (in target 'Buzz' from project 'Buzz')
    cd /Users/xinyufang/Documents/Buzz
    builtin-copy -exclude .DS_Store -exclude CVS -exclude .svn -exclude .git -exclude .hg -resolve-src-symlinks /Users/xinyufang/Library/Developer/Xcode/DerivedData/Buzz-faillbpsmponqzeruhhvskovixzk/Build/Products/Debug-iphonesimulator/Stripe_StripeCardScan.bundle /Users/xinyufang/Library/Developer/Xcode/DerivedData/Buzz-faillbpsmponqzeruhhvskovixzk/Build/Products/Debug-iphonesimulator/Buzz.app

Copy /Users/xinyufang/Library/Developer/Xcode/DerivedData/Buzz-faillbpsmponqzeruhhvskovixzk/Build/Products/Debug-iphonesimulator/Buzz.app/Stripe_Stripe3DS2.bundle /Users/xinyufang/Library/Developer/Xcode/DerivedData/Buzz-faillbpsmponqzeruhhvskovixzk/Build/Products/Debug-iphonesimulator/Stripe_Stripe3DS2.bundle (in target 'Buzz' from project 'Buzz')
    cd /Users/xinyufang/Documents/Buzz
    builtin-copy -exclude .DS_Store -exclude CVS -exclude .svn -exclude .git -exclude .hg -resolve-src-symlinks /Users/xinyufang/Library/Developer/Xcode/DerivedData/Buzz-faillbpsmponqzeruhhvskovixzk/Build/Products/Debug-iphonesimulator/Stripe_Stripe3DS2.bundle /Users/xinyufang/Library/Developer/Xcode/DerivedData/Buzz-faillbpsmponqzeruhhvskovixzk/Build/Products/Debug-iphonesimulator/Buzz.app

Copy /Users/xinyufang/Library/Developer/Xcode/DerivedData/Buzz-faillbpsmponqzeruhhvskovixzk/Build/Products/Debug-iphonesimulator/Buzz.app/Stripe_Stripe.bundle /Users/xinyufang/Library/Developer/Xcode/DerivedData/Buzz-faillbpsmponqzeruhhvskovixzk/Build/Products/Debug-iphonesimulator/Stripe_Stripe.bundle (in target 'Buzz' from project 'Buzz')
    cd /Users/xinyufang/Documents/Buzz
    builtin-copy -exclude .DS_Store -exclude CVS -exclude .svn -exclude .git -exclude .hg -resolve-src-symlinks /Users/xinyufang/Library/Developer/Xcode/DerivedData/Buzz-faillbpsmponqzeruhhvskovixzk/Build/Products/Debug-iphonesimulator/Stripe_Stripe.bundle /Users/xinyufang/Library/Developer/Xcode/DerivedData/Buzz-faillbpsmponqzeruhhvskovixzk/Build/Products/Debug-iphonesimulator/Buzz.app

Copy /Users/xinyufang/Library/Developer/Xcode/DerivedData/Buzz-faillbpsmponqzeruhhvskovixzk/Build/Products/Debug-iphonesimulator/Buzz.app/Promises_FBLPromises.bundle /Users/xinyufang/Library/Developer/Xcode/DerivedData/Buzz-faillbpsmponqzeruhhvskovixzk/Build/Products/Debug-iphonesimulator/Promises_FBLPromises.bundle (in target 'Buzz' from project 'Buzz')
    cd /Users/xinyufang/Documents/Buzz
    builtin-copy -exclude .DS_Store -exclude CVS -exclude .svn -exclude .git -exclude .hg -resolve-src-symlinks /Users/xinyufang/Library/Developer/Xcode/DerivedData/Buzz-faillbpsmponqzeruhhvskovixzk/Build/Products/Debug-iphonesimulator/Promises_FBLPromises.bundle /Users/xinyufang/Library/Developer/Xcode/DerivedData/Buzz-faillbpsmponqzeruhhvskovixzk/Build/Products/Debug-iphonesimulator/Buzz.app

Copy /Users/xinyufang/Library/Developer/Xcode/DerivedData/Buzz-faillbpsmponqzeruhhvskovixzk/Build/Products/Debug-iphonesimulator/Buzz.app/GoogleUtilities_GoogleUtilities-UserDefaults.bundle /Users/xinyufang/Library/Developer/Xcode/DerivedData/Buzz-faillbpsmponqzeruhhvskovixzk/Build/Products/Debug-iphonesimulator/GoogleUtilities_GoogleUtilities-UserDefaults.bundle (in target 'Buzz' from project 'Buzz')
    cd /Users/xinyufang/Documents/Buzz
    builtin-copy -exclude .DS_Store -exclude CVS -exclude .svn -exclude .git -exclude .hg -resolve-src-symlinks /Users/xinyufang/Library/Developer/Xcode/DerivedData/Buzz-faillbpsmponqzeruhhvskovixzk/Build/Products/Debug-iphonesimulator/GoogleUtilities_GoogleUtilities-UserDefaults.bundle /Users/xinyufang/Library/Developer/Xcode/DerivedData/Buzz-faillbpsmponqzeruhhvskovixzk/Build/Products/Debug-iphonesimulator/Buzz.app

Copy /Users/xinyufang/Library/Developer/Xcode/DerivedData/Buzz-faillbpsmponqzeruhhvskovixzk/Build/Products/Debug-iphonesimulator/Buzz.app/GoogleUtilities_GoogleUtilities-Logger.bundle /Users/xinyufang/Library/Developer/Xcode/DerivedData/Buzz-faillbpsmponqzeruhhvskovixzk/Build/Products/Debug-iphonesimulator/GoogleUtilities_GoogleUtilities-Logger.bundle (in target 'Buzz' from project 'Buzz')
    cd /Users/xinyufang/Documents/Buzz
    builtin-copy -exclude .DS_Store -exclude CVS -exclude .svn -exclude .git -exclude .hg -resolve-src-symlinks /Users/xinyufang/Library/Developer/Xcode/DerivedData/Buzz-faillbpsmponqzeruhhvskovixzk/Build/Products/Debug-iphonesimulator/GoogleUtilities_GoogleUtilities-Logger.bundle /Users/xinyufang/Library/Developer/Xcode/DerivedData/Buzz-faillbpsmponqzeruhhvskovixzk/Build/Products/Debug-iphonesimulator/Buzz.app

Copy /Users/xinyufang/Library/Developer/Xcode/DerivedData/Buzz-faillbpsmponqzeruhhvskovixzk/Build/Products/Debug-iphonesimulator/Buzz.app/GoogleUtilities_GoogleUtilities-Environment.bundle /Users/xinyufang/Library/Developer/Xcode/DerivedData/Buzz-faillbpsmponqzeruhhvskovixzk/Build/Products/Debug-iphonesimulator/GoogleUtilities_GoogleUtilities-Environment.bundle (in target 'Buzz' from project 'Buzz')
    cd /Users/xinyufang/Documents/Buzz
    builtin-copy -exclude .DS_Store -exclude CVS -exclude .svn -exclude .git -exclude .hg -resolve-src-symlinks /Users/xinyufang/Library/Developer/Xcode/DerivedData/Buzz-faillbpsmponqzeruhhvskovixzk/Build/Products/Debug-iphonesimulator/GoogleUtilities_GoogleUtilities-Environment.bundle /Users/xinyufang/Library/Developer/Xcode/DerivedData/Buzz-faillbpsmponqzeruhhvskovixzk/Build/Products/Debug-iphonesimulator/Buzz.app

Copy /Users/xinyufang/Library/Developer/Xcode/DerivedData/Buzz-faillbpsmponqzeruhhvskovixzk/Build/Products/Debug-iphonesimulator/Buzz.app/GoogleSignIn_GoogleSignInSwift.bundle /Users/xinyufang/Library/Developer/Xcode/DerivedData/Buzz-faillbpsmponqzeruhhvskovixzk/Build/Products/Debug-iphonesimulator/GoogleSignIn_GoogleSignInSwift.bundle (in target 'Buzz' from project 'Buzz')
    cd /Users/xinyufang/Documents/Buzz
    builtin-copy -exclude .DS_Store -exclude CVS -exclude .svn -exclude .git -exclude .hg -resolve-src-symlinks /Users/xinyufang/Library/Developer/Xcode/DerivedData/Buzz-faillbpsmponqzeruhhvskovixzk/Build/Products/Debug-iphonesimulator/GoogleSignIn_GoogleSignInSwift.bundle /Users/xinyufang/Library/Developer/Xcode/DerivedData/Buzz-faillbpsmponqzeruhhvskovixzk/Build/Products/Debug-iphonesimulator/Buzz.app

Copy /Users/xinyufang/Library/Developer/Xcode/DerivedData/Buzz-faillbpsmponqzeruhhvskovixzk/Build/Products/Debug-iphonesimulator/Buzz.app/GoogleSignIn_GoogleSignIn.bundle /Users/xinyufang/Library/Developer/Xcode/DerivedData/Buzz-faillbpsmponqzeruhhvskovixzk/Build/Products/Debug-iphonesimulator/GoogleSignIn_GoogleSignIn.bundle (in target 'Buzz' from project 'Buzz')
    cd /Users/xinyufang/Documents/Buzz
    builtin-copy -exclude .DS_Store -exclude CVS -exclude .svn -exclude .git -exclude .hg -resolve-src-symlinks /Users/xinyufang/Library/Developer/Xcode/DerivedData/Buzz-faillbpsmponqzeruhhvskovixzk/Build/Products/Debug-iphonesimulator/GoogleSignIn_GoogleSignIn.bundle /Users/xinyufang/Library/Developer/Xcode/DerivedData/Buzz-faillbpsmponqzeruhhvskovixzk/Build/Products/Debug-iphonesimulator/Buzz.app

Copy /Users/xinyufang/Library/Developer/Xcode/DerivedData/Buzz-faillbpsmponqzeruhhvskovixzk/Build/Products/Debug-iphonesimulator/Buzz.app/GTMSessionFetcher_GTMSessionFetcherCore.bundle /Users/xinyufang/Library/Developer/Xcode/DerivedData/Buzz-faillbpsmponqzeruhhvskovixzk/Build/Products/Debug-iphonesimulator/GTMSessionFetcher_GTMSessionFetcherCore.bundle (in target 'Buzz' from project 'Buzz')
    cd /Users/xinyufang/Documents/Buzz
    builtin-copy -exclude .DS_Store -exclude CVS -exclude .svn -exclude .git -exclude .hg -resolve-src-symlinks /Users/xinyufang/Library/Developer/Xcode/DerivedData/Buzz-faillbpsmponqzeruhhvskovixzk/Build/Products/Debug-iphonesimulator/GTMSessionFetcher_GTMSessionFetcherCore.bundle /Users/xinyufang/Library/Developer/Xcode/DerivedData/Buzz-faillbpsmponqzeruhhvskovixzk/Build/Products/Debug-iphonesimulator/Buzz.app

Copy /Users/xinyufang/Library/Developer/Xcode/DerivedData/Buzz-faillbpsmponqzeruhhvskovixzk/Build/Products/Debug-iphonesimulator/Buzz.app/GTMAppAuth_GTMAppAuth.bundle /Users/xinyufang/Library/Developer/Xcode/DerivedData/Buzz-faillbpsmponqzeruhhvskovixzk/Build/Products/Debug-iphonesimulator/GTMAppAuth_GTMAppAuth.bundle (in target 'Buzz' from project 'Buzz')
    cd /Users/xinyufang/Documents/Buzz
    builtin-copy -exclude .DS_Store -exclude CVS -exclude .svn -exclude .git -exclude .hg -resolve-src-symlinks /Users/xinyufang/Library/Developer/Xcode/DerivedData/Buzz-faillbpsmponqzeruhhvskovixzk/Build/Products/Debug-iphonesimulator/GTMAppAuth_GTMAppAuth.bundle /Users/xinyufang/Library/Developer/Xcode/DerivedData/Buzz-faillbpsmponqzeruhhvskovixzk/Build/Products/Debug-iphonesimulator/Buzz.app

Copy /Users/xinyufang/Library/Developer/Xcode/DerivedData/Buzz-faillbpsmponqzeruhhvskovixzk/Build/Products/Debug-iphonesimulator/Buzz.app/AppAuth_AppAuthCore.bundle /Users/xinyufang/Library/Developer/Xcode/DerivedData/Buzz-faillbpsmponqzeruhhvskovixzk/Build/Products/Debug-iphonesimulator/AppAuth_AppAuthCore.bundle (in target 'Buzz' from project 'Buzz')
    cd /Users/xinyufang/Documents/Buzz
    builtin-copy -exclude .DS_Store -exclude CVS -exclude .svn -exclude .git -exclude .hg -resolve-src-symlinks /Users/xinyufang/Library/Developer/Xcode/DerivedData/Buzz-faillbpsmponqzeruhhvskovixzk/Build/Products/Debug-iphonesimulator/AppAuth_AppAuthCore.bundle /Users/xinyufang/Library/Developer/Xcode/DerivedData/Buzz-faillbpsmponqzeruhhvskovixzk/Build/Products/Debug-iphonesimulator/Buzz.app

Copy /Users/xinyufang/Library/Developer/Xcode/DerivedData/Buzz-faillbpsmponqzeruhhvskovixzk/Build/Products/Debug-iphonesimulator/Buzz.app/AppAuth_AppAuth.bundle /Users/xinyufang/Library/Developer/Xcode/DerivedData/Buzz-faillbpsmponqzeruhhvskovixzk/Build/Products/Debug-iphonesimulator/AppAuth_AppAuth.bundle (in target 'Buzz' from project 'Buzz')
    cd /Users/xinyufang/Documents/Buzz
    builtin-copy -exclude .DS_Store -exclude CVS -exclude .svn -exclude .git -exclude .hg -resolve-src-symlinks /Users/xinyufang/Library/Developer/Xcode/DerivedData/Buzz-faillbpsmponqzeruhhvskovixzk/Build/Products/Debug-iphonesimulator/AppAuth_AppAuth.bundle /Users/xinyufang/Library/Developer/Xcode/DerivedData/Buzz-faillbpsmponqzeruhhvskovixzk/Build/Products/Debug-iphonesimulator/Buzz.app

SwiftCompile normal arm64 Compiling\ NotificationManager.swift,\ NotificationPreferencesService.swift,\ OCRService.swift,\ PaymentService.swift,\ ProfilePictureService.swift,\ ProfileService.swift,\ RankingService.swift,\ RatingService.swift,\ ShopifyService.swift,\ StoreKitManager.swift,\ StripeConnectService.swift,\ SubscriptionService.swift,\ SupabaseClient.swift,\ TopGunService.swift,\ TransponderService.swift,\ WeatherService.swift,\ AcademyView.swift /Users/xinyufang/Documents/Buzz/Buzz/Services/NotificationManager.swift /Users/xinyufang/Documents/Buzz/Buzz/Services/NotificationPreferencesService.swift /Users/xinyufang/Documents/Buzz/Buzz/Services/OCRService.swift /Users/xinyufang/Documents/Buzz/Buzz/Services/PaymentService.swift /Users/xinyufang/Documents/Buzz/Buzz/Services/ProfilePictureService.swift /Users/xinyufang/Documents/Buzz/Buzz/Services/ProfileService.swift /Users/xinyufang/Documents/Buzz/Buzz/Services/RankingService.swift /Users/xinyufang/Documents/Buzz/Buzz/Services/RatingService.swift /Users/xinyufang/Documents/Buzz/Buzz/Services/ShopifyService.swift /Users/xinyufang/Documents/Buzz/Buzz/Services/StoreKitManager.swift /Users/xinyufang/Documents/Buzz/Buzz/Services/StripeConnectService.swift /Users/xinyufang/Documents/Buzz/Buzz/Services/SubscriptionService.swift /Users/xinyufang/Documents/Buzz/Buzz/Services/SupabaseClient.swift /Users/xinyufang/Documents/Buzz/Buzz/Services/TopGunService.swift /Users/xinyufang/Documents/Buzz/Buzz/Services/TransponderService.swift /Users/xinyufang/Documents/Buzz/Buzz/Services/WeatherService.swift /Users/xinyufang/Documents/Buzz/Buzz/Views/Academy/AcademyView.swift (in target 'Buzz' from project 'Buzz')
SwiftCompile normal arm64 /Users/xinyufang/Documents/Buzz/Buzz/Services/NotificationManager.swift (in target 'Buzz' from project 'Buzz')
    cd /Users/xinyufang/Documents/Buzz
    
/Users/xinyufang/Documents/Buzz/Buzz/Services/OCRService.swift:643:37: warning: variable 'extracted' was never mutated; consider changing to 'let' constant
                                var extracted = (afterKeyword as NSString).substring(with: numberRange)
                                ~~~ ^
                                let

SwiftCompile normal arm64 /Users/xinyufang/Documents/Buzz/Buzz/Services/NotificationPreferencesService.swift (in target 'Buzz' from project 'Buzz')
    cd /Users/xinyufang/Documents/Buzz
    
/Users/xinyufang/Documents/Buzz/Buzz/Services/OCRService.swift:643:37: warning: variable 'extracted' was never mutated; consider changing to 'let' constant
                                var extracted = (afterKeyword as NSString).substring(with: numberRange)
                                ~~~ ^
                                let

SwiftCompile normal arm64 /Users/xinyufang/Documents/Buzz/Buzz/Services/OCRService.swift (in target 'Buzz' from project 'Buzz')
    cd /Users/xinyufang/Documents/Buzz
    
/Users/xinyufang/Documents/Buzz/Buzz/Services/OCRService.swift:643:37: warning: variable 'extracted' was never mutated; consider changing to 'let' constant
                                var extracted = (afterKeyword as NSString).substring(with: numberRange)
                                ~~~ ^
                                let

SwiftCompile normal arm64 /Users/xinyufang/Documents/Buzz/Buzz/Services/PaymentService.swift (in target 'Buzz' from project 'Buzz')
    cd /Users/xinyufang/Documents/Buzz
    
/Users/xinyufang/Documents/Buzz/Buzz/Services/OCRService.swift:643:37: warning: variable 'extracted' was never mutated; consider changing to 'let' constant
                                var extracted = (afterKeyword as NSString).substring(with: numberRange)
                                ~~~ ^
                                let

SwiftCompile normal arm64 /Users/xinyufang/Documents/Buzz/Buzz/Services/ProfilePictureService.swift (in target 'Buzz' from project 'Buzz')
    cd /Users/xinyufang/Documents/Buzz
    
/Users/xinyufang/Documents/Buzz/Buzz/Services/OCRService.swift:643:37: warning: variable 'extracted' was never mutated; consider changing to 'let' constant
                                var extracted = (afterKeyword as NSString).substring(with: numberRange)
                                ~~~ ^
                                let
/Users/xinyufang/Documents/Buzz/Buzz/Services/ProfilePictureService.swift:59:17: warning: result of 'try?' is unused
                try? await supabase.storage
                ^~~~~~~~~~~~~~~~~~~~~~~~~~~
/Users/xinyufang/Documents/Buzz/Buzz/Services/ProfilePictureService.swift:63:15: warning: 'catch' block is unreachable because no errors are thrown in 'do' block
            } catch {
              ^

SwiftCompile normal arm64 /Users/xinyufang/Documents/Buzz/Buzz/Services/ProfileService.swift (in target 'Buzz' from project 'Buzz')
    cd /Users/xinyufang/Documents/Buzz
    
/Users/xinyufang/Documents/Buzz/Buzz/Services/OCRService.swift:643:37: warning: variable 'extracted' was never mutated; consider changing to 'let' constant
                                var extracted = (afterKeyword as NSString).substring(with: numberRange)
                                ~~~ ^
                                let
/Users/xinyufang/Documents/Buzz/Buzz/Services/ProfileService.swift:84:13: warning: variable 'updates' was never mutated; consider changing to 'let' constant
        var updates: [String: AnyJSON] = [
        ~~~ ^
        let

SwiftCompile normal arm64 /Users/xinyufang/Documents/Buzz/Buzz/Services/RankingService.swift (in target 'Buzz' from project 'Buzz')
    cd /Users/xinyufang/Documents/Buzz
    
/Users/xinyufang/Documents/Buzz/Buzz/Services/OCRService.swift:643:37: warning: variable 'extracted' was never mutated; consider changing to 'let' constant
                                var extracted = (afterKeyword as NSString).substring(with: numberRange)
                                ~~~ ^
                                let

SwiftCompile normal arm64 /Users/xinyufang/Documents/Buzz/Buzz/Services/RatingService.swift (in target 'Buzz' from project 'Buzz')
    cd /Users/xinyufang/Documents/Buzz
    
/Users/xinyufang/Documents/Buzz/Buzz/Services/OCRService.swift:643:37: warning: variable 'extracted' was never mutated; consider changing to 'let' constant
                                var extracted = (afterKeyword as NSString).substring(with: numberRange)
                                ~~~ ^
                                let

SwiftCompile normal arm64 /Users/xinyufang/Documents/Buzz/Buzz/Services/ShopifyService.swift (in target 'Buzz' from project 'Buzz')
    cd /Users/xinyufang/Documents/Buzz
    
/Users/xinyufang/Documents/Buzz/Buzz/Services/OCRService.swift:643:37: warning: variable 'extracted' was never mutated; consider changing to 'let' constant
                                var extracted = (afterKeyword as NSString).substring(with: numberRange)
                                ~~~ ^
                                let
/Users/xinyufang/Documents/Buzz/Buzz/Services/ShopifyService.swift:320:22: warning: no calls to throwing functions occur within 'try' expression
            images = try imageEdges.compactMap { edge -> ShopifyProductImage? in
                     ^
/Users/xinyufang/Documents/Buzz/Buzz/Services/ShopifyService.swift:340:24: warning: no calls to throwing functions occur within 'try' expression
            variants = try variantEdges.compactMap { edge -> ShopifyProductVariant? in
                       ^

SwiftCompile normal arm64 /Users/xinyufang/Documents/Buzz/Buzz/Services/StoreKitManager.swift (in target 'Buzz' from project 'Buzz')
    cd /Users/xinyufang/Documents/Buzz
    
/Users/xinyufang/Documents/Buzz/Buzz/Services/OCRService.swift:643:37: warning: variable 'extracted' was never mutated; consider changing to 'let' constant
                                var extracted = (afterKeyword as NSString).substring(with: numberRange)
                                ~~~ ^
                                let
/Users/xinyufang/Documents/Buzz/Buzz/Services/StoreKitManager.swift:182:43: warning: no 'async' operations occur within 'await' expression
                    let transaction = try await self.checkVerified(result)
                                          ^

SwiftCompile normal arm64 /Users/xinyufang/Documents/Buzz/Buzz/Services/StripeConnectService.swift (in target 'Buzz' from project 'Buzz')
    cd /Users/xinyufang/Documents/Buzz
    
/Users/xinyufang/Documents/Buzz/Buzz/Services/OCRService.swift:643:37: warning: variable 'extracted' was never mutated; consider changing to 'let' constant
                                var extracted = (afterKeyword as NSString).substring(with: numberRange)
                                ~~~ ^
                                let

SwiftCompile normal arm64 /Users/xinyufang/Documents/Buzz/Buzz/Services/SubscriptionService.swift (in target 'Buzz' from project 'Buzz')
    cd /Users/xinyufang/Documents/Buzz
    
/Users/xinyufang/Documents/Buzz/Buzz/Services/OCRService.swift:643:37: warning: variable 'extracted' was never mutated; consider changing to 'let' constant
                                var extracted = (afterKeyword as NSString).substring(with: numberRange)
                                ~~~ ^
                                let

SwiftCompile normal arm64 /Users/xinyufang/Documents/Buzz/Buzz/Services/SupabaseClient.swift (in target 'Buzz' from project 'Buzz')
    cd /Users/xinyufang/Documents/Buzz
    
/Users/xinyufang/Documents/Buzz/Buzz/Services/OCRService.swift:643:37: warning: variable 'extracted' was never mutated; consider changing to 'let' constant
                                var extracted = (afterKeyword as NSString).substring(with: numberRange)
                                ~~~ ^
                                let

SwiftCompile normal arm64 /Users/xinyufang/Documents/Buzz/Buzz/Services/TopGunService.swift (in target 'Buzz' from project 'Buzz')
    cd /Users/xinyufang/Documents/Buzz
    
/Users/xinyufang/Documents/Buzz/Buzz/Services/OCRService.swift:643:37: warning: variable 'extracted' was never mutated; consider changing to 'let' constant
                                var extracted = (afterKeyword as NSString).substring(with: numberRange)
                                ~~~ ^
                                let
/Users/xinyufang/Documents/Buzz/Buzz/Services/TopGunService.swift:67:11: warning: 'catch' block is unreachable because no errors are thrown in 'do' block
        } catch {
          ^
/Users/xinyufang/Documents/Buzz/Buzz/Services/TopGunService.swift:84:11: warning: 'catch' block is unreachable because no errors are thrown in 'do' block
        } catch {
          ^

SwiftCompile normal arm64 /Users/xinyufang/Documents/Buzz/Buzz/Services/TransponderService.swift (in target 'Buzz' from project 'Buzz')
    cd /Users/xinyufang/Documents/Buzz
    
/Users/xinyufang/Documents/Buzz/Buzz/Services/OCRService.swift:643:37: warning: variable 'extracted' was never mutated; consider changing to 'let' constant
                                var extracted = (afterKeyword as NSString).substring(with: numberRange)
                                ~~~ ^
                                let

SwiftCompile normal arm64 /Users/xinyufang/Documents/Buzz/Buzz/Services/WeatherService.swift (in target 'Buzz' from project 'Buzz')
    cd /Users/xinyufang/Documents/Buzz
    
/Users/xinyufang/Documents/Buzz/Buzz/Services/OCRService.swift:643:37: warning: variable 'extracted' was never mutated; consider changing to 'let' constant
                                var extracted = (afterKeyword as NSString).substring(with: numberRange)
                                ~~~ ^
                                let

SwiftCompile normal arm64 /Users/xinyufang/Documents/Buzz/Buzz/Views/Academy/AcademyView.swift (in target 'Buzz' from project 'Buzz')
    cd /Users/xinyufang/Documents/Buzz
    
/Users/xinyufang/Documents/Buzz/Buzz/Services/OCRService.swift:643:37: warning: variable 'extracted' was never mutated; consider changing to 'let' constant
                                var extracted = (afterKeyword as NSString).substring(with: numberRange)
                                ~~~ ^
                                let
/Users/xinyufang/Documents/Buzz/Buzz/Views/Academy/AcademyView.swift:746:28: warning: value 'badgeId' was defined but never used; consider replacing with boolean test
                    if let badgeId = course.badgeId {
                       ~~~~^~~~~~~~~~
                                                    != nil

SwiftCompile normal arm64 Compiling\ CallSignEditView.swift,\ ChangePasswordView.swift,\ CustomerProfileView.swift,\ DeleteAccountView.swift,\ DirectMessageView.swift,\ EmailEditView.swift,\ ExpressPromotionView.swift,\ FlightPackagesView.swift,\ FlightPackageView.swift,\ GenderEditView.swift,\ GovernmentIDView.swift,\ HelpView.swift,\ LoginSecurityView.swift,\ NameEditView.swift,\ NotificationsView.swift,\ PersonalInfoView.swift,\ PhoneEditView.swift /Users/xinyufang/Documents/Buzz/Buzz/Views/Profile/CallSignEditView.swift /Users/xinyufang/Documents/Buzz/Buzz/Views/Profile/ChangePasswordView.swift /Users/xinyufang/Documents/Buzz/Buzz/Views/Profile/CustomerProfileView.swift /Users/xinyufang/Documents/Buzz/Buzz/Views/Profile/DeleteAccountView.swift /Users/xinyufang/Documents/Buzz/Buzz/Views/Profile/DirectMessageView.swift /Users/xinyufang/Documents/Buzz/Buzz/Views/Profile/EmailEditView.swift /Users/xinyufang/Documents/Buzz/Buzz/Views/Profile/ExpressPromotionView.swift /Users/xinyufang/Documents/Buzz/Buzz/Views/Profile/FlightPackagesView.swift /Users/xinyufang/Documents/Buzz/Buzz/Views/Profile/FlightPackageView.swift /Users/xinyufang/Documents/Buzz/Buzz/Views/Profile/GenderEditView.swift /Users/xinyufang/Documents/Buzz/Buzz/Views/Profile/GovernmentIDView.swift /Users/xinyufang/Documents/Buzz/Buzz/Views/Profile/HelpView.swift /Users/xinyufang/Documents/Buzz/Buzz/Views/Profile/LoginSecurityView.swift /Users/xinyufang/Documents/Buzz/Buzz/Views/Profile/NameEditView.swift /Users/xinyufang/Documents/Buzz/Buzz/Views/Profile/NotificationsView.swift /Users/xinyufang/Documents/Buzz/Buzz/Views/Profile/PersonalInfoView.swift /Users/xinyufang/Documents/Buzz/Buzz/Views/Profile/PhoneEditView.swift (in target 'Buzz' from project 'Buzz')
SwiftCompile normal arm64 /Users/xinyufang/Documents/Buzz/Buzz/Views/Profile/CallSignEditView.swift (in target 'Buzz' from project 'Buzz')
    cd /Users/xinyufang/Documents/Buzz
    

SwiftCompile normal arm64 /Users/xinyufang/Documents/Buzz/Buzz/Views/Profile/ChangePasswordView.swift (in target 'Buzz' from project 'Buzz')
    cd /Users/xinyufang/Documents/Buzz
    

SwiftCompile normal arm64 /Users/xinyufang/Documents/Buzz/Buzz/Views/Profile/CustomerProfileView.swift (in target 'Buzz' from project 'Buzz')
    cd /Users/xinyufang/Documents/Buzz
    
/Users/xinyufang/Documents/Buzz/Buzz/Views/Profile/CustomerProfileView.swift:166:21: warning: 'init(destination:isActive:label:)' was deprecated in iOS 16.0: use NavigationLink(value:label:), or navigationDestination(isPresented:destination:), inside a NavigationStack or NavigationSplitView
                    NavigationLink(
                    ^
/Users/xinyufang/Documents/Buzz/Buzz/Views/Profile/CustomerProfileView.swift:174:21: warning: 'init(destination:isActive:label:)' was deprecated in iOS 16.0: use NavigationLink(value:label:), or navigationDestination(isPresented:destination:), inside a NavigationStack or NavigationSplitView
                    NavigationLink(
                    ^
/Users/xinyufang/Documents/Buzz/Buzz/Views/Profile/CustomerProfileView.swift:190:28: warning: value 'currentUser' was defined but never used; consider replacing with boolean test
                    if let currentUser = authService.currentUser {
                       ~~~~^~~~~~~~~~~~~~
                                                                 != nil

SwiftCompile normal arm64 /Users/xinyufang/Documents/Buzz/Buzz/Views/Profile/DeleteAccountView.swift (in target 'Buzz' from project 'Buzz')
    cd /Users/xinyufang/Documents/Buzz
    

SwiftCompile normal arm64 /Users/xinyufang/Documents/Buzz/Buzz/Views/Profile/DirectMessageView.swift (in target 'Buzz' from project 'Buzz')
    cd /Users/xinyufang/Documents/Buzz
    

SwiftCompile normal arm64 /Users/xinyufang/Documents/Buzz/Buzz/Views/Profile/EmailEditView.swift (in target 'Buzz' from project 'Buzz')
    cd /Users/xinyufang/Documents/Buzz
    
/Users/xinyufang/Documents/Buzz/Buzz/Views/Profile/EmailEditView.swift:122:19: warning: value 'currentUser' was defined but never used; consider replacing with boolean test
        guard let currentUser = authService.currentUser else { return }
              ~~~~^~~~~~~~~~~~~~
                                                        != nil

SwiftCompile normal arm64 /Users/xinyufang/Documents/Buzz/Buzz/Views/Profile/ExpressPromotionView.swift (in target 'Buzz' from project 'Buzz')
    cd /Users/xinyufang/Documents/Buzz
    

SwiftCompile normal arm64 /Users/xinyufang/Documents/Buzz/Buzz/Views/Profile/FlightPackagesView.swift (in target 'Buzz' from project 'Buzz')
    cd /Users/xinyufang/Documents/Buzz
    

SwiftCompile normal arm64 /Users/xinyufang/Documents/Buzz/Buzz/Views/Profile/FlightPackageView.swift (in target 'Buzz' from project 'Buzz')
    cd /Users/xinyufang/Documents/Buzz
    
/Users/xinyufang/Documents/Buzz/Buzz/Views/Profile/FlightPackageView.swift:1305:28: warning: immutable value 'lookupKey' was never used; consider replacing with '_' or removing it
                    if let lookupKey = rankLookupKey, filteredPlans.count == 1 {
                       ~~~~^~~~~~~~~
                       _

SwiftCompile normal arm64 /Users/xinyufang/Documents/Buzz/Buzz/Views/Profile/GenderEditView.swift (in target 'Buzz' from project 'Buzz')
    cd /Users/xinyufang/Documents/Buzz
    

SwiftCompile normal arm64 /Users/xinyufang/Documents/Buzz/Buzz/Views/Profile/GovernmentIDView.swift (in target 'Buzz' from project 'Buzz')
    cd /Users/xinyufang/Documents/Buzz
    
/Users/xinyufang/Documents/Buzz/Buzz/Views/Profile/GovernmentIDView.swift:319:41: warning: no 'async' operations occur within 'await' expression
                guard let windowScene = await UIApplication.shared.connectedScenes.first as? UIWindowScene,
                                        ^
/Users/xinyufang/Documents/Buzz/Buzz/Views/Profile/GovernmentIDView.swift:320:48: warning: no 'async' operations occur within 'await' expression
                      let rootViewController = await windowScene.windows.first?.rootViewController else {
                                               ^

SwiftCompile normal arm64 /Users/xinyufang/Documents/Buzz/Buzz/Views/Profile/HelpView.swift (in target 'Buzz' from project 'Buzz')
    cd /Users/xinyufang/Documents/Buzz
    
/Users/xinyufang/Documents/Buzz/Buzz/Views/Profile/HelpView.swift:481:13: warning: initialization of immutable value 'messageText' was never used; consider replacing with assignment to '_' or removing it
        let messageText = inputText
        ~~~~^~~~~~~~~~~
        _

SwiftCompile normal arm64 /Users/xinyufang/Documents/Buzz/Buzz/Views/Profile/LoginSecurityView.swift (in target 'Buzz' from project 'Buzz')
    cd /Users/xinyufang/Documents/Buzz
    

SwiftCompile normal arm64 /Users/xinyufang/Documents/Buzz/Buzz/Views/Profile/NameEditView.swift (in target 'Buzz' from project 'Buzz')
    cd /Users/xinyufang/Documents/Buzz
    

SwiftCompile normal arm64 /Users/xinyufang/Documents/Buzz/Buzz/Views/Profile/NotificationsView.swift (in target 'Buzz' from project 'Buzz')
    cd /Users/xinyufang/Documents/Buzz
    

SwiftCompile normal arm64 /Users/xinyufang/Documents/Buzz/Buzz/Views/Profile/PersonalInfoView.swift (in target 'Buzz' from project 'Buzz')
    cd /Users/xinyufang/Documents/Buzz
    

SwiftCompile normal arm64 /Users/xinyufang/Documents/Buzz/Buzz/Views/Profile/PhoneEditView.swift (in target 'Buzz' from project 'Buzz')
    cd /Users/xinyufang/Documents/Buzz
    

SwiftEmitModule normal arm64 Emitting\ module\ for\ Buzz (in target 'Buzz' from project 'Buzz')

EmitSwiftModule normal arm64 (in target 'Buzz' from project 'Buzz')
    cd /Users/xinyufang/Documents/Buzz
    
/Users/xinyufang/Documents/Buzz/Buzz/Services/BookingService.swift:905:84: warning: immutable value 'pilotId' was never used; consider replacing with '_' or removing it
                if let chargeId = booking.chargeId, booking.transferId == nil, let pilotId = booking.pilotId {
                                                                               ~~~~^~~~~~~
                                                                               _
/Users/xinyufang/Documents/Buzz/Buzz/Services/BookingService.swift:986:20: warning: immutable value 'pilotId' was never used; consider replacing with '_' or removing it
               let pilotId = booking.pilotId {
               ~~~~^~~~~~~
               _
/Users/xinyufang/Documents/Buzz/Buzz/Services/BookingService.swift:1007:21: warning: immutable value 'transferResponse' was never used; consider replacing with '_' or removing it
                let transferResponse: TransferResponse = try await supabase.functions
                    ^~~~~~~~~~~~~~~~
                    _
/Users/xinyufang/Documents/Buzz/Buzz/Services/IdentityVerificationService.swift:63:34: warning: conditional cast from 'any Error' to 'NSError' always succeeds
            if let error = error as? NSError,
                                 ^
/Users/xinyufang/Documents/Buzz/Buzz/Views/Welcome/WelcomeView.swift:16:56: warning: 'main' was deprecated in iOS 26.0: Use a UIScreen instance found through context instead (i.e, view.window.windowScene.screen), or for properties like UIScreen.scale with trait equivalents, use a traitCollection found through context.
    @State private var screenWidth: CGFloat = UIScreen.main.bounds.width
                                                       ^

SwiftCompile normal arm64 Compiling\ PilotProfileView.swift,\ ProfileView.swift,\ PublicProfileView.swift,\ RatingsListView.swift,\ RealEstatePackageView.swift,\ RevenueDetailsView.swift,\ SavedPaymentsView.swift,\ SettingsView.swift,\ StripeAccountSetupView.swift,\ TaxDocumentView.swift,\ VeteranVerificationView.swift,\ LeaderboardView.swift,\ RankingBadgeView.swift,\ WelcomeView.swift,\ BuzzApp.swift,\ Config.swift,\ GeneratedAssetSymbols.swift /Users/xinyufang/Documents/Buzz/Buzz/Views/Profile/PilotProfileView.swift /Users/xinyufang/Documents/Buzz/Buzz/Views/Profile/ProfileView.swift /Users/xinyufang/Documents/Buzz/Buzz/Views/Profile/PublicProfileView.swift /Users/xinyufang/Documents/Buzz/Buzz/Views/Profile/RatingsListView.swift /Users/xinyufang/Documents/Buzz/Buzz/Views/Profile/RealEstatePackageView.swift /Users/xinyufang/Documents/Buzz/Buzz/Views/Profile/RevenueDetailsView.swift /Users/xinyufang/Documents/Buzz/Buzz/Views/Profile/SavedPaymentsView.swift /Users/xinyufang/Documents/Buzz/Buzz/Views/Profile/SettingsView.swift /Users/xinyufang/Documents/Buzz/Buzz/Views/Profile/StripeAccountSetupView.swift /Users/xinyufang/Documents/Buzz/Buzz/Views/Profile/TaxDocumentView.swift /Users/xinyufang/Documents/Buzz/Buzz/Views/Profile/VeteranVerificationView.swift /Users/xinyufang/Documents/Buzz/Buzz/Views/Rankings/LeaderboardView.swift /Users/xinyufang/Documents/Buzz/Buzz/Views/Rankings/RankingBadgeView.swift /Users/xinyufang/Documents/Buzz/Buzz/Views/Welcome/WelcomeView.swift /Users/xinyufang/Documents/Buzz/Buzz/BuzzApp.swift /Users/xinyufang/Documents/Buzz/Buzz/Config.swift /Users/xinyufang/Library/Developer/Xcode/DerivedData/Buzz-faillbpsmponqzeruhhvskovixzk/Build/Intermediates.noindex/Buzz.build/Debug-iphonesimulator/Buzz.build/DerivedSources/GeneratedAssetSymbols.swift (in target 'Buzz' from project 'Buzz')

SwiftCompile normal arm64 /Users/xinyufang/Documents/Buzz/Buzz/Views/Profile/PilotProfileView.swift (in target 'Buzz' from project 'Buzz')
    cd /Users/xinyufang/Documents/Buzz
    
/Users/xinyufang/Documents/Buzz/Buzz/Views/Profile/PilotProfileView.swift:185:21: warning: 'init(destination:isActive:label:)' was deprecated in iOS 16.0: use NavigationLink(value:label:), or navigationDestination(isPresented:destination:), inside a NavigationStack or NavigationSplitView
                    NavigationLink(
                    ^
/Users/xinyufang/Documents/Buzz/Buzz/Views/Profile/PilotProfileView.swift:193:21: warning: 'init(destination:isActive:label:)' was deprecated in iOS 16.0: use NavigationLink(value:label:), or navigationDestination(isPresented:destination:), inside a NavigationStack or NavigationSplitView
                    NavigationLink(
                    ^
/Users/xinyufang/Documents/Buzz/Buzz/Views/Profile/PilotProfileView.swift:263:28: warning: value 'currentUser' was defined but never used; consider replacing with boolean test
                    if let currentUser = authService.currentUser {
                       ~~~~^~~~~~~~~~~~~~
                                                                 != nil

SwiftCompile normal arm64 /Users/xinyufang/Documents/Buzz/Buzz/Views/Profile/ProfileView.swift (in target 'Buzz' from project 'Buzz')
    cd /Users/xinyufang/Documents/Buzz
    

SwiftCompile normal arm64 /Users/xinyufang/Documents/Buzz/Buzz/Views/Profile/PublicProfileView.swift (in target 'Buzz' from project 'Buzz')
    cd /Users/xinyufang/Documents/Buzz
    

SwiftCompile normal arm64 /Users/xinyufang/Documents/Buzz/Buzz/Views/Profile/RatingsListView.swift (in target 'Buzz' from project 'Buzz')
    cd /Users/xinyufang/Documents/Buzz
    

SwiftCompile normal arm64 /Users/xinyufang/Documents/Buzz/Buzz/Views/Profile/RealEstatePackageView.swift (in target 'Buzz' from project 'Buzz')
    cd /Users/xinyufang/Documents/Buzz
    

SwiftCompile normal arm64 /Users/xinyufang/Documents/Buzz/Buzz/Views/Profile/RevenueDetailsView.swift (in target 'Buzz' from project 'Buzz')
    cd /Users/xinyufang/Documents/Buzz
    

SwiftCompile normal arm64 /Users/xinyufang/Documents/Buzz/Buzz/Views/Profile/SavedPaymentsView.swift (in target 'Buzz' from project 'Buzz')
    cd /Users/xinyufang/Documents/Buzz
    

SwiftCompile normal arm64 /Users/xinyufang/Documents/Buzz/Buzz/Views/Profile/SettingsView.swift (in target 'Buzz' from project 'Buzz')
    cd /Users/xinyufang/Documents/Buzz
    
/Users/xinyufang/Documents/Buzz/Buzz/Views/Profile/SettingsView.swift:85:14: warning: 'onChange(of:perform:)' was deprecated in iOS 17.0: Use `onChange` with a two or zero parameter action closure instead.
            .onChange(of: communicationPreference) { newValue in
             ^
/Users/xinyufang/Documents/Buzz/Buzz/Views/Profile/SettingsView.swift:106:14: warning: 'onChange(of:perform:)' was deprecated in iOS 17.0: Use `onChange` with a two or zero parameter action closure instead.
            .onChange(of: appearanceMode) { newValue in
             ^
/Users/xinyufang/Documents/Buzz/Buzz/Views/Profile/SettingsView.swift:114:22: warning: 'onChange(of:perform:)' was deprecated in iOS 17.0: Use `onChange` with a two or zero parameter action closure instead.
                    .onChange(of: demoModeManager.isDemoModeEnabled) { newValue in
                     ^

SwiftCompile normal arm64 /Users/xinyufang/Documents/Buzz/Buzz/Views/Profile/StripeAccountSetupView.swift (in target 'Buzz' from project 'Buzz')
    cd /Users/xinyufang/Documents/Buzz
    
/Users/xinyufang/Documents/Buzz/Buzz/Views/Profile/StripeAccountSetupView.swift:332:41: warning: no 'async' operations occur within 'await' expression
                guard let windowScene = await UIApplication.shared.connectedScenes.first as? UIWindowScene,
                                        ^
/Users/xinyufang/Documents/Buzz/Buzz/Views/Profile/StripeAccountSetupView.swift:333:48: warning: no 'async' operations occur within 'await' expression
                      let rootViewController = await windowScene.windows.first?.rootViewController else {
                                               ^

SwiftCompile normal arm64 /Users/xinyufang/Documents/Buzz/Buzz/Views/Profile/TaxDocumentView.swift (in target 'Buzz' from project 'Buzz')
    cd /Users/xinyufang/Documents/Buzz
    
/Users/xinyufang/Documents/Buzz/Buzz/Views/Profile/TaxDocumentView.swift:63:19: warning: value 'currentUser' was defined but never used; consider replacing with boolean test
        guard let currentUser = authService.currentUser else { return }
              ~~~~^~~~~~~~~~~~~~
                                                        != nil
/Users/xinyufang/Documents/Buzz/Buzz/Views/Profile/TaxDocumentView.swift:71:11: warning: 'catch' block is unreachable because no errors are thrown in 'do' block
        } catch {
          ^

SwiftCompile normal arm64 /Users/xinyufang/Documents/Buzz/Buzz/Views/Profile/VeteranVerificationView.swift (in target 'Buzz' from project 'Buzz')
    cd /Users/xinyufang/Documents/Buzz
    

SwiftCompile normal arm64 /Users/xinyufang/Documents/Buzz/Buzz/Views/Rankings/LeaderboardView.swift (in target 'Buzz' from project 'Buzz')
    cd /Users/xinyufang/Documents/Buzz
    

SwiftCompile normal arm64 /Users/xinyufang/Documents/Buzz/Buzz/Views/Rankings/RankingBadgeView.swift (in target 'Buzz' from project 'Buzz')
    cd /Users/xinyufang/Documents/Buzz
    

SwiftCompile normal arm64 /Users/xinyufang/Documents/Buzz/Buzz/Views/Welcome/WelcomeView.swift (in target 'Buzz' from project 'Buzz')
    cd /Users/xinyufang/Documents/Buzz
    
/Users/xinyufang/Documents/Buzz/Buzz/Views/Welcome/WelcomeView.swift:16:56: warning: 'main' was deprecated in iOS 26.0: Use a UIScreen instance found through context instead (i.e, view.window.windowScene.screen), or for properties like UIScreen.scale with trait equivalents, use a traitCollection found through context.
    @State private var screenWidth: CGFloat = UIScreen.main.bounds.width
                                                       ^

SwiftCompile normal arm64 /Users/xinyufang/Documents/Buzz/Buzz/BuzzApp.swift (in target 'Buzz' from project 'Buzz')
    cd /Users/xinyufang/Documents/Buzz
    

SwiftCompile normal arm64 /Users/xinyufang/Documents/Buzz/Buzz/Config.swift (in target 'Buzz' from project 'Buzz')
    cd /Users/xinyufang/Documents/Buzz
    

SwiftCompile normal arm64 /Users/xinyufang/Library/Developer/Xcode/DerivedData/Buzz-faillbpsmponqzeruhhvskovixzk/Build/Intermediates.noindex/Buzz.build/Debug-iphonesimulator/Buzz.build/DerivedSources/GeneratedAssetSymbols.swift (in target 'Buzz' from project 'Buzz')
    cd /Users/xinyufang/Documents/Buzz
    

SwiftCompile normal arm64 Compiling\ TrainingCourse.swift,\ Transponder.swift,\ UserProfile.swift,\ Weather.swift,\ AcademyService.swift,\ AuthService.swift,\ AvailabilityBlockoutService.swift,\ BadgeService.swift,\ BookingService.swift,\ CourseSubscriptionService.swift,\ DemoModeManager.swift,\ DroneRegistrationService.swift,\ ExpressPromotionService.swift,\ IdentityVerificationService.swift,\ LicenseUploadService.swift,\ LocationHelper.swift,\ MessageService.swift /Users/xinyufang/Documents/Buzz/Buzz/Models/TrainingCourse.swift /Users/xinyufang/Documents/Buzz/Buzz/Models/Transponder.swift /Users/xinyufang/Documents/Buzz/Buzz/Models/UserProfile.swift /Users/xinyufang/Documents/Buzz/Buzz/Models/Weather.swift /Users/xinyufang/Documents/Buzz/Buzz/Services/AcademyService.swift /Users/xinyufang/Documents/Buzz/Buzz/Services/AuthService.swift /Users/xinyufang/Documents/Buzz/Buzz/Services/AvailabilityBlockoutService.swift /Users/xinyufang/Documents/Buzz/Buzz/Services/BadgeService.swift /Users/xinyufang/Documents/Buzz/Buzz/Services/BookingService.swift /Users/xinyufang/Documents/Buzz/Buzz/Services/CourseSubscriptionService.swift /Users/xinyufang/Documents/Buzz/Buzz/Services/DemoModeManager.swift /Users/xinyufang/Documents/Buzz/Buzz/Services/DroneRegistrationService.swift /Users/xinyufang/Documents/Buzz/Buzz/Services/ExpressPromotionService.swift /Users/xinyufang/Documents/Buzz/Buzz/Services/IdentityVerificationService.swift /Users/xinyufang/Documents/Buzz/Buzz/Services/LicenseUploadService.swift /Users/xinyufang/Documents/Buzz/Buzz/Services/LocationHelper.swift /Users/xinyufang/Documents/Buzz/Buzz/Services/MessageService.swift (in target 'Buzz' from project 'Buzz')

SwiftCompile normal arm64 /Users/xinyufang/Documents/Buzz/Buzz/Models/TrainingCourse.swift (in target 'Buzz' from project 'Buzz')
    cd /Users/xinyufang/Documents/Buzz
    

SwiftCompile normal arm64 /Users/xinyufang/Documents/Buzz/Buzz/Models/Transponder.swift (in target 'Buzz' from project 'Buzz')
    cd /Users/xinyufang/Documents/Buzz
    

SwiftCompile normal arm64 /Users/xinyufang/Documents/Buzz/Buzz/Models/UserProfile.swift (in target 'Buzz' from project 'Buzz')
    cd /Users/xinyufang/Documents/Buzz
    

SwiftCompile normal arm64 /Users/xinyufang/Documents/Buzz/Buzz/Models/Weather.swift (in target 'Buzz' from project 'Buzz')
    cd /Users/xinyufang/Documents/Buzz
    

SwiftCompile normal arm64 /Users/xinyufang/Documents/Buzz/Buzz/Services/AcademyService.swift (in target 'Buzz' from project 'Buzz')
    cd /Users/xinyufang/Documents/Buzz
    

SwiftCompile normal arm64 /Users/xinyufang/Documents/Buzz/Buzz/Services/AuthService.swift (in target 'Buzz' from project 'Buzz')
    cd /Users/xinyufang/Documents/Buzz
    
/Users/xinyufang/Documents/Buzz/Buzz/Services/AuthService.swift:258:37: warning: no 'async' operations occur within 'await' expression
            guard let windowScene = await UIApplication.shared.connectedScenes.first as? UIWindowScene,
                                    ^
/Users/xinyufang/Documents/Buzz/Buzz/Services/AuthService.swift:259:44: warning: no 'async' operations occur within 'await' expression
                  let rootViewController = await windowScene.windows.first?.rootViewController else {
                                           ^
/Users/xinyufang/Documents/Buzz/Buzz/Services/AuthService.swift:501:17: warning: variable 'attributes' was never mutated; consider changing to 'let' constant
            var attributes = UserAttributes(email: newEmail)
            ~~~ ^
            let

SwiftCompile normal arm64 /Users/xinyufang/Documents/Buzz/Buzz/Services/AvailabilityBlockoutService.swift (in target 'Buzz' from project 'Buzz')
    cd /Users/xinyufang/Documents/Buzz
    

SwiftCompile normal arm64 /Users/xinyufang/Documents/Buzz/Buzz/Services/BadgeService.swift (in target 'Buzz' from project 'Buzz')
    cd /Users/xinyufang/Documents/Buzz
    
/Users/xinyufang/Documents/Buzz/Buzz/Services/BadgeService.swift:361:17: warning: initialization of immutable value 'response' was never used; consider replacing with assignment to '_' or removing it
            let response = try await supabase
            ~~~~^~~~~~~~
            _

SwiftCompile normal arm64 /Users/xinyufang/Documents/Buzz/Buzz/Services/BookingService.swift (in target 'Buzz' from project 'Buzz')
    cd /Users/xinyufang/Documents/Buzz
    
/Users/xinyufang/Documents/Buzz/Buzz/Services/BookingService.swift:905:84: warning: immutable value 'pilotId' was never used; consider replacing with '_' or removing it
                if let chargeId = booking.chargeId, booking.transferId == nil, let pilotId = booking.pilotId {
                                                                               ~~~~^~~~~~~
                                                                               _
/Users/xinyufang/Documents/Buzz/Buzz/Services/BookingService.swift:986:20: warning: immutable value 'pilotId' was never used; consider replacing with '_' or removing it
               let pilotId = booking.pilotId {
               ~~~~^~~~~~~
               _
/Users/xinyufang/Documents/Buzz/Buzz/Services/BookingService.swift:1007:21: warning: immutable value 'transferResponse' was never used; consider replacing with '_' or removing it
                let transferResponse: TransferResponse = try await supabase.functions
                    ^~~~~~~~~~~~~~~~
                    _

SwiftCompile normal arm64 /Users/xinyufang/Documents/Buzz/Buzz/Services/CourseSubscriptionService.swift (in target 'Buzz' from project 'Buzz')
    cd /Users/xinyufang/Documents/Buzz
    

SwiftCompile normal arm64 /Users/xinyufang/Documents/Buzz/Buzz/Services/DemoModeManager.swift (in target 'Buzz' from project 'Buzz')
    cd /Users/xinyufang/Documents/Buzz
    

SwiftCompile normal arm64 /Users/xinyufang/Documents/Buzz/Buzz/Services/DroneRegistrationService.swift (in target 'Buzz' from project 'Buzz')
    cd /Users/xinyufang/Documents/Buzz
    
/Users/xinyufang/Documents/Buzz/Buzz/Services/DroneRegistrationService.swift:86:25: warning: result of 'try?' is unused
                        try? await supabase.storage
                        ^~~~~~~~~~~~~~~~~~~~~~~~~~~

SwiftCompile normal arm64 /Users/xinyufang/Documents/Buzz/Buzz/Services/ExpressPromotionService.swift (in target 'Buzz' from project 'Buzz')
    cd /Users/xinyufang/Documents/Buzz
    
/Users/xinyufang/Documents/Buzz/Buzz/Services/ExpressPromotionService.swift:134:18: warning: 'in(_:value:)' is deprecated: renamed to 'in(_:values:)'
                .in("status", value: ["pending", "in_review", "verified"])
                 ^
/Users/xinyufang/Documents/Buzz/Buzz/Services/ExpressPromotionService.swift:134:18: note: use 'in(_:values:)' instead
                .in("status", value: ["pending", "in_review", "verified"])
                 ^            ~~~~~
                              values
/Users/xinyufang/Documents/Buzz/Buzz/Services/ExpressPromotionService.swift:281:18: warning: 'in(_:value:)' is deprecated: renamed to 'in(_:values:)'
                .in("status", value: ["pending", "in_review"])
                 ^
/Users/xinyufang/Documents/Buzz/Buzz/Services/ExpressPromotionService.swift:281:18: note: use 'in(_:values:)' instead
                .in("status", value: ["pending", "in_review"])
                 ^            ~~~~~
                              values

SwiftCompile normal arm64 /Users/xinyufang/Documents/Buzz/Buzz/Services/IdentityVerificationService.swift (in target 'Buzz' from project 'Buzz')
    cd /Users/xinyufang/Documents/Buzz
    
/Users/xinyufang/Documents/Buzz/Buzz/Services/IdentityVerificationService.swift:63:34: warning: conditional cast from 'any Error' to 'NSError' always succeeds
            if let error = error as? NSError,
                                 ^

SwiftCompile normal arm64 /Users/xinyufang/Documents/Buzz/Buzz/Services/LicenseUploadService.swift (in target 'Buzz' from project 'Buzz')
    cd /Users/xinyufang/Documents/Buzz
    

SwiftCompile normal arm64 /Users/xinyufang/Documents/Buzz/Buzz/Services/LocationHelper.swift (in target 'Buzz' from project 'Buzz')
    cd /Users/xinyufang/Documents/Buzz
    

SwiftCompile normal arm64 /Users/xinyufang/Documents/Buzz/Buzz/Services/MessageService.swift (in target 'Buzz' from project 'Buzz')
    cd /Users/xinyufang/Documents/Buzz
    
/Users/xinyufang/Documents/Buzz/Buzz/Services/MessageService.swift:142:13: warning: variable 'hash' was never mutated; consider changing to 'let' constant
        var hash = combined.hashValue
        ~~~ ^
        let
/Users/xinyufang/Documents/Buzz/Buzz/Services/MessageService.swift:379:13: warning: initialization of immutable value 'query' was never used; consider replacing with assignment to '_' or removing it
        let query = """
        ~~~~^~~~~
        _
/Users/xinyufang/Documents/Buzz/Buzz/Services/MessageService.swift:476:13: warning: initialization of immutable value 'conversationId' was never used; consider replacing with assignment to '_' or removing it
        let conversationId = Self.conversationId(fromUserId: fromUserId, toUserId: toUserId)
        ~~~~^~~~~~~~~~~~~~
        _

SwiftCompile normal arm64 Compiling\ CreateBookingStep1IndustryView.swift,\ CreateBookingStep1View.swift,\ CreateBookingStep2DetailsView.swift,\ CreateBookingStep2View.swift,\ CreateBookingStep3PaymentView.swift,\ CreateBookingStep4ConfirmView.swift,\ CustomerActivityView.swift,\ CustomerBookingView.swift,\ LocationSearchView.swift,\ MessageView.swift,\ PilotBookingListView.swift,\ CockpitView.swift,\ FlightRadarView.swift,\ GamesView.swift,\ RacerView.swift,\ ShopView.swift,\ SOPView.swift /Users/xinyufang/Documents/Buzz/Buzz/Views/Bookings/CreateBookingStep1IndustryView.swift /Users/xinyufang/Documents/Buzz/Buzz/Views/Bookings/CreateBookingStep1View.swift /Users/xinyufang/Documents/Buzz/Buzz/Views/Bookings/CreateBookingStep2DetailsView.swift /Users/xinyufang/Documents/Buzz/Buzz/Views/Bookings/CreateBookingStep2View.swift /Users/xinyufang/Documents/Buzz/Buzz/Views/Bookings/CreateBookingStep3PaymentView.swift /Users/xinyufang/Documents/Buzz/Buzz/Views/Bookings/CreateBookingStep4ConfirmView.swift /Users/xinyufang/Documents/Buzz/Buzz/Views/Bookings/CustomerActivityView.swift /Users/xinyufang/Documents/Buzz/Buzz/Views/Bookings/CustomerBookingView.swift /Users/xinyufang/Documents/Buzz/Buzz/Views/Bookings/LocationSearchView.swift /Users/xinyufang/Documents/Buzz/Buzz/Views/Bookings/MessageView.swift /Users/xinyufang/Documents/Buzz/Buzz/Views/Bookings/PilotBookingListView.swift /Users/xinyufang/Documents/Buzz/Buzz/Views/Cockpit/CockpitView.swift /Users/xinyufang/Documents/Buzz/Buzz/Views/Cockpit/FlightRadarView.swift /Users/xinyufang/Documents/Buzz/Buzz/Views/Cockpit/GamesView.swift /Users/xinyufang/Documents/Buzz/Buzz/Views/Cockpit/RacerView.swift /Users/xinyufang/Documents/Buzz/Buzz/Views/Cockpit/ShopView.swift /Users/xinyufang/Documents/Buzz/Buzz/Views/Cockpit/SOPView.swift (in target 'Buzz' from project 'Buzz')
SwiftCompile normal arm64 /Users/xinyufang/Documents/Buzz/Buzz/Views/Bookings/CreateBookingStep1IndustryView.swift (in target 'Buzz' from project 'Buzz')
    cd /Users/xinyufang/Documents/Buzz
    

SwiftCompile normal arm64 /Users/xinyufang/Documents/Buzz/Buzz/Views/Bookings/CreateBookingStep1View.swift (in target 'Buzz' from project 'Buzz')
    cd /Users/xinyufang/Documents/Buzz
    

SwiftCompile normal arm64 /Users/xinyufang/Documents/Buzz/Buzz/Views/Bookings/CreateBookingStep2DetailsView.swift (in target 'Buzz' from project 'Buzz')
    cd /Users/xinyufang/Documents/Buzz
    

SwiftCompile normal arm64 /Users/xinyufang/Documents/Buzz/Buzz/Views/Bookings/CreateBookingStep2View.swift (in target 'Buzz' from project 'Buzz')
    cd /Users/xinyufang/Documents/Buzz
    

SwiftCompile normal arm64 /Users/xinyufang/Documents/Buzz/Buzz/Views/Bookings/CreateBookingStep3PaymentView.swift (in target 'Buzz' from project 'Buzz')
    cd /Users/xinyufang/Documents/Buzz
    

SwiftCompile normal arm64 /Users/xinyufang/Documents/Buzz/Buzz/Views/Bookings/CreateBookingStep4ConfirmView.swift (in target 'Buzz' from project 'Buzz')
    cd /Users/xinyufang/Documents/Buzz
    

SwiftCompile normal arm64 /Users/xinyufang/Documents/Buzz/Buzz/Views/Bookings/CustomerActivityView.swift (in target 'Buzz' from project 'Buzz')
    cd /Users/xinyufang/Documents/Buzz
    

SwiftCompile normal arm64 /Users/xinyufang/Documents/Buzz/Buzz/Views/Bookings/CustomerBookingView.swift (in target 'Buzz' from project 'Buzz')
    cd /Users/xinyufang/Documents/Buzz
    
/Users/xinyufang/Documents/Buzz/Buzz/Views/Bookings/CustomerBookingView.swift:27:17: warning: 'init(destination:tag:selection:label:)' was deprecated in iOS 16.0: use NavigationLink(value:label:), or navigationDestination(isPresented:destination:), inside a NavigationStack or NavigationSplitView
                NavigationLink(
                ^
/Users/xinyufang/Documents/Buzz/Buzz/Views/Bookings/CustomerBookingView.swift:36:17: warning: 'init(destination:tag:selection:label:)' was deprecated in iOS 16.0: use NavigationLink(value:label:), or navigationDestination(isPresented:destination:), inside a NavigationStack or NavigationSplitView
                NavigationLink(
                ^
/Users/xinyufang/Documents/Buzz/Buzz/Views/Bookings/CustomerBookingView.swift:130:25: warning: 'init(destination:isActive:label:)' was deprecated in iOS 16.0: use NavigationLink(value:label:), or navigationDestination(isPresented:destination:), inside a NavigationStack or NavigationSplitView
                        NavigationLink(
                        ^
/Users/xinyufang/Documents/Buzz/Buzz/Views/Bookings/CustomerBookingView.swift:118:24: warning: value 'booking' was defined but never used; consider replacing with boolean test
                if let booking = newlyCreatedBooking {
                   ~~~~^~~~~~~~~~
                                                     != nil
/Users/xinyufang/Documents/Buzz/Buzz/Views/Bookings/CustomerBookingView.swift:842:17: warning: 'init(coordinateRegion:interactionModes:showsUserLocation:userTrackingMode:annotationItems:annotationContent:)' was deprecated in iOS 17.0: Use Map initializers that take a MapContentBuilder instead.
                Map(coordinateRegion: .constant(region), annotationItems: [currentBooking]) { booking in
                ^
/Users/xinyufang/Documents/Buzz/Buzz/Views/Bookings/CustomerBookingView.swift:843:21: warning: 'MapAnnotation' was deprecated in iOS 17.0: Use Annotation along with Map initializers that take a MapContentBuilder instead.
                    MapAnnotation(coordinate: booking.coordinate) {
                    ^

SwiftCompile normal arm64 /Users/xinyufang/Documents/Buzz/Buzz/Views/Bookings/LocationSearchView.swift (in target 'Buzz' from project 'Buzz')
    cd /Users/xinyufang/Documents/Buzz
    
/Users/xinyufang/Documents/Buzz/Buzz/Views/Bookings/LocationSearchView.swift:43:17: warning: 'init(coordinateRegion:interactionModes:showsUserLocation:userTrackingMode:)' was deprecated in iOS 17.0: Use Map initializers that take a MapContentBuilder instead.
                Map(coordinateRegion: $region, interactionModes: .all, showsUserLocation: true)
                ^
/Users/xinyufang/Documents/Buzz/Buzz/Views/Bookings/LocationSearchView.swift:219:37: warning: 'placemark' was deprecated in iOS 26.0: Use location, address and addressRepresentations instead
        guard let coordinate = item.placemark.location?.coordinate else { return }
                                    ^
/Users/xinyufang/Documents/Buzz/Buzz/Views/Bookings/LocationSearchView.swift:232:24: warning: 'CLGeocoder' was deprecated in iOS 26.0: Use MapKit
        let geocoder = CLGeocoder()
                       ^
/Users/xinyufang/Documents/Buzz/Buzz/Views/Bookings/LocationSearchView.swift:233:18: warning: 'reverseGeocodeLocation(_:completionHandler:)' was deprecated in iOS 26.0: Use MKReverseGeocodingRequest
        geocoder.reverseGeocodeLocation(item.placemark.location!) { placemarks, error in
                 ^
/Users/xinyufang/Documents/Buzz/Buzz/Views/Bookings/LocationSearchView.swift:233:46: warning: 'placemark' was deprecated in iOS 26.0: Use location, address and addressRepresentations instead
        geocoder.reverseGeocodeLocation(item.placemark.location!) { placemarks, error in
                                             ^
/Users/xinyufang/Documents/Buzz/Buzz/Views/Bookings/LocationSearchView.swift:259:24: warning: 'CLGeocoder' was deprecated in iOS 26.0: Use MapKit
        let geocoder = CLGeocoder()
                       ^
/Users/xinyufang/Documents/Buzz/Buzz/Views/Bookings/LocationSearchView.swift:260:18: warning: 'reverseGeocodeLocation(_:completionHandler:)' was deprecated in iOS 26.0: Use MKReverseGeocodingRequest
        geocoder.reverseGeocodeLocation(location) { placemarks, error in
                 ^
/Users/xinyufang/Documents/Buzz/Buzz/Views/Bookings/LocationSearchView.swift:347:30: warning: 'placemark' was deprecated in iOS 26.0: Use location, address and addressRepresentations instead
        let placemark = item.placemark
                             ^

SwiftCompile normal arm64 /Users/xinyufang/Documents/Buzz/Buzz/Views/Bookings/MessageView.swift (in target 'Buzz' from project 'Buzz')
    cd /Users/xinyufang/Documents/Buzz
    

SwiftCompile normal arm64 /Users/xinyufang/Documents/Buzz/Buzz/Views/Bookings/PilotBookingListView.swift (in target 'Buzz' from project 'Buzz')
    cd /Users/xinyufang/Documents/Buzz
    

SwiftCompile normal arm64 /Users/xinyufang/Documents/Buzz/Buzz/Views/Cockpit/CockpitView.swift (in target 'Buzz' from project 'Buzz')
    cd /Users/xinyufang/Documents/Buzz
    
/Users/xinyufang/Documents/Buzz/Buzz/Views/Cockpit/CockpitView.swift:1104:19: warning: constant 'bookingsTask' inferred to have type '()', which may be unexpected
        async let bookingsTask = bookingService.fetchMyBookings(userId: currentUser.id, isPilot: true)
                  ^
/Users/xinyufang/Documents/Buzz/Buzz/Views/Cockpit/CockpitView.swift:1104:19: note: add an explicit type annotation to silence this warning
        async let bookingsTask = bookingService.fetchMyBookings(userId: currentUser.id, isPilot: true)
                  ^
                              : ()
/Users/xinyufang/Documents/Buzz/Buzz/Views/Cockpit/CockpitView.swift:1105:19: warning: constant 'blockoutsTask' inferred to have type '()', which may be unexpected
        async let blockoutsTask = blockoutService.fetchBlockouts(pilotId: currentUser.id)
                  ^
/Users/xinyufang/Documents/Buzz/Buzz/Views/Cockpit/CockpitView.swift:1105:19: note: add an explicit type annotation to silence this warning
        async let blockoutsTask = blockoutService.fetchBlockouts(pilotId: currentUser.id)
                  ^
                               : ()

SwiftCompile normal arm64 /Users/xinyufang/Documents/Buzz/Buzz/Views/Cockpit/FlightRadarView.swift (in target 'Buzz' from project 'Buzz')
    cd /Users/xinyufang/Documents/Buzz
    
/Users/xinyufang/Documents/Buzz/Buzz/Views/Cockpit/FlightRadarView.swift:57:13: warning: 'init(coordinateRegion:interactionModes:showsUserLocation:userTrackingMode:annotationItems:annotationContent:)' was deprecated in iOS 17.0: Use Map initializers that take a MapContentBuilder instead.
            Map(coordinateRegion: $region, annotationItems: activeTranspondersWithLocation) { transponder in
            ^
/Users/xinyufang/Documents/Buzz/Buzz/Views/Cockpit/FlightRadarView.swift:58:17: warning: 'MapAnnotation' was deprecated in iOS 17.0: Use Annotation along with Map initializers that take a MapContentBuilder instead.
                MapAnnotation(coordinate: transponder.lastLocation!) {
                ^

SwiftCompile normal arm64 /Users/xinyufang/Documents/Buzz/Buzz/Views/Cockpit/GamesView.swift (in target 'Buzz' from project 'Buzz')
    cd /Users/xinyufang/Documents/Buzz
    

SwiftCompile normal arm64 /Users/xinyufang/Documents/Buzz/Buzz/Views/Cockpit/RacerView.swift (in target 'Buzz' from project 'Buzz')
    cd /Users/xinyufang/Documents/Buzz
    

SwiftCompile normal arm64 /Users/xinyufang/Documents/Buzz/Buzz/Views/Cockpit/ShopView.swift (in target 'Buzz' from project 'Buzz')
    cd /Users/xinyufang/Documents/Buzz
    

SwiftCompile normal arm64 /Users/xinyufang/Documents/Buzz/Buzz/Views/Cockpit/SOPView.swift (in target 'Buzz' from project 'Buzz')
    cd /Users/xinyufang/Documents/Buzz
    

SwiftCompile normal arm64 Compiling\ TopGunView.swift,\ TransponderView.swift,\ WeatherView.swift,\ CustomButton.swift,\ EmptyStateView.swift,\ ErrorView.swift,\ FileViewer.swift,\ LoadingView.swift,\ RatingView.swift,\ SubscriptionStatusView.swift,\ DroneRegistrationView.swift,\ LicenseManagementView.swift,\ MainTabView.swift,\ AcademyPassManagementView.swift,\ BadgePreviewCard.swift,\ BadgesView.swift,\ BalanceView.swift /Users/xinyufang/Documents/Buzz/Buzz/Views/Cockpit/TopGunView.swift /Users/xinyufang/Documents/Buzz/Buzz/Views/Cockpit/TransponderView.swift /Users/xinyufang/Documents/Buzz/Buzz/Views/Cockpit/WeatherView.swift /Users/xinyufang/Documents/Buzz/Buzz/Views/Components/CustomButton.swift /Users/xinyufang/Documents/Buzz/Buzz/Views/Components/EmptyStateView.swift /Users/xinyufang/Documents/Buzz/Buzz/Views/Components/ErrorView.swift /Users/xinyufang/Documents/Buzz/Buzz/Views/Components/FileViewer.swift /Users/xinyufang/Documents/Buzz/Buzz/Views/Components/LoadingView.swift /Users/xinyufang/Documents/Buzz/Buzz/Views/Components/RatingView.swift /Users/xinyufang/Documents/Buzz/Buzz/Views/Components/SubscriptionStatusView.swift /Users/xinyufang/Documents/Buzz/Buzz/Views/License/DroneRegistrationView.swift /Users/xinyufang/Documents/Buzz/Buzz/Views/License/LicenseManagementView.swift /Users/xinyufang/Documents/Buzz/Buzz/Views/Navigation/MainTabView.swift /Users/xinyufang/Documents/Buzz/Buzz/Views/Profile/AcademyPassManagementView.swift /Users/xinyufang/Documents/Buzz/Buzz/Views/Profile/BadgePreviewCard.swift /Users/xinyufang/Documents/Buzz/Buzz/Views/Profile/BadgesView.swift /Users/xinyufang/Documents/Buzz/Buzz/Views/Profile/BalanceView.swift (in target 'Buzz' from project 'Buzz')

SwiftCompile normal arm64 /Users/xinyufang/Documents/Buzz/Buzz/Views/Cockpit/TopGunView.swift (in target 'Buzz' from project 'Buzz')
    cd /Users/xinyufang/Documents/Buzz
    

SwiftCompile normal arm64 /Users/xinyufang/Documents/Buzz/Buzz/Views/Cockpit/TransponderView.swift (in target 'Buzz' from project 'Buzz')
    cd /Users/xinyufang/Documents/Buzz
    

SwiftCompile normal arm64 /Users/xinyufang/Documents/Buzz/Buzz/Views/Cockpit/WeatherView.swift (in target 'Buzz' from project 'Buzz')
    cd /Users/xinyufang/Documents/Buzz
    
/Users/xinyufang/Documents/Buzz/Buzz/Views/Cockpit/WeatherView.swift:167:28: warning: 'CLGeocoder' was deprecated in iOS 26.0: Use MapKit
            let geocoder = CLGeocoder()
                           ^
/Users/xinyufang/Documents/Buzz/Buzz/Views/Cockpit/WeatherView.swift:171:53: warning: 'reverseGeocodeLocation' was deprecated in iOS 26.0: Use MKReverseGeocodingRequest
                let placemarks = try await geocoder.reverseGeocodeLocation(CLLocation(latitude: location.latitude, longitude: location.longitude))
                                                    ^

SwiftCompile normal arm64 /Users/xinyufang/Documents/Buzz/Buzz/Views/Components/CustomButton.swift (in target 'Buzz' from project 'Buzz')
    cd /Users/xinyufang/Documents/Buzz
    

SwiftCompile normal arm64 /Users/xinyufang/Documents/Buzz/Buzz/Views/Components/EmptyStateView.swift (in target 'Buzz' from project 'Buzz')
    cd /Users/xinyufang/Documents/Buzz
    

SwiftCompile normal arm64 /Users/xinyufang/Documents/Buzz/Buzz/Views/Components/ErrorView.swift (in target 'Buzz' from project 'Buzz')
    cd /Users/xinyufang/Documents/Buzz
    

SwiftCompile normal arm64 /Users/xinyufang/Documents/Buzz/Buzz/Views/Components/FileViewer.swift (in target 'Buzz' from project 'Buzz')
    cd /Users/xinyufang/Documents/Buzz
    
/Users/xinyufang/Documents/Buzz/Buzz/Views/Components/FileViewer.swift:634:23: warning: value 'imageView' was defined but never used; consider replacing with boolean test
            guard let imageView = imageView else { return }
                  ~~~~^~~~~~~~~~~~
                                            != nil

SwiftCompile normal arm64 /Users/xinyufang/Documents/Buzz/Buzz/Views/Components/LoadingView.swift (in target 'Buzz' from project 'Buzz')
    cd /Users/xinyufang/Documents/Buzz
    

SwiftCompile normal arm64 /Users/xinyufang/Documents/Buzz/Buzz/Views/Components/RatingView.swift (in target 'Buzz' from project 'Buzz')
    cd /Users/xinyufang/Documents/Buzz
    

SwiftCompile normal arm64 /Users/xinyufang/Documents/Buzz/Buzz/Views/Components/SubscriptionStatusView.swift (in target 'Buzz' from project 'Buzz')
    cd /Users/xinyufang/Documents/Buzz
    

SwiftCompile normal arm64 /Users/xinyufang/Documents/Buzz/Buzz/Views/License/DroneRegistrationView.swift (in target 'Buzz' from project 'Buzz')
    cd /Users/xinyufang/Documents/Buzz
    

SwiftCompile normal arm64 /Users/xinyufang/Documents/Buzz/Buzz/Views/License/LicenseManagementView.swift (in target 'Buzz' from project 'Buzz')
    cd /Users/xinyufang/Documents/Buzz
    

SwiftCompile normal arm64 /Users/xinyufang/Documents/Buzz/Buzz/Views/Navigation/MainTabView.swift (in target 'Buzz' from project 'Buzz')
    cd /Users/xinyufang/Documents/Buzz
    

SwiftCompile normal arm64 /Users/xinyufang/Documents/Buzz/Buzz/Views/Profile/AcademyPassManagementView.swift (in target 'Buzz' from project 'Buzz')
    cd /Users/xinyufang/Documents/Buzz
    

SwiftCompile normal arm64 /Users/xinyufang/Documents/Buzz/Buzz/Views/Profile/BadgePreviewCard.swift (in target 'Buzz' from project 'Buzz')
    cd /Users/xinyufang/Documents/Buzz
    

SwiftCompile normal arm64 /Users/xinyufang/Documents/Buzz/Buzz/Views/Profile/BadgesView.swift (in target 'Buzz' from project 'Buzz')
    cd /Users/xinyufang/Documents/Buzz
    
/Users/xinyufang/Documents/Buzz/Buzz/Views/Profile/BadgesView.swift:190:23: warning: constant 'badgesTask' inferred to have type '()', which may be unexpected
            async let badgesTask = badgeService.fetchPilotBadges(pilotId: currentUser.id)
                      ^
/Users/xinyufang/Documents/Buzz/Buzz/Views/Profile/BadgesView.swift:190:23: note: add an explicit type annotation to silence this warning
            async let badgesTask = badgeService.fetchPilotBadges(pilotId: currentUser.id)
                      ^
                                : ()
/Users/xinyufang/Documents/Buzz/Buzz/Views/Profile/BadgesView.swift:191:23: warning: constant 'availableBadgesTask' inferred to have type '()', which may be unexpected
            async let availableBadgesTask = badgeService.fetchAvailableBadges(pilotId: currentUser.id)
                      ^
/Users/xinyufang/Documents/Buzz/Buzz/Views/Profile/BadgesView.swift:191:23: note: add an explicit type annotation to silence this warning
            async let availableBadgesTask = badgeService.fetchAvailableBadges(pilotId: currentUser.id)
                      ^
                                         : ()

SwiftCompile normal arm64 /Users/xinyufang/Documents/Buzz/Buzz/Views/Profile/BalanceView.swift (in target 'Buzz' from project 'Buzz')
    cd /Users/xinyufang/Documents/Buzz
    

SwiftCompile normal arm64 Compiling\ ProductIdentifiers.swift,\ StoreKitExtensions.swift,\ AvailabilityBlockout.swift,\ Badge.swift,\ Booking.swift,\ CourseTest.swift,\ CourseUnit.swift,\ DirectMessage.swift,\ DroneRegistration.swift,\ ExpressPromotionApplication.swift,\ GovernmentID.swift,\ Message.swift,\ NotificationPreferences.swift,\ PilotLicense.swift,\ PilotStats.swift,\ Rating.swift,\ ShopifyProduct.swift,\ TaxDocument.swift /Users/xinyufang/Documents/Buzz/Buzz/Config/ProductIdentifiers.swift /Users/xinyufang/Documents/Buzz/Buzz/Helpers/StoreKitExtensions.swift /Users/xinyufang/Documents/Buzz/Buzz/Models/AvailabilityBlockout.swift /Users/xinyufang/Documents/Buzz/Buzz/Models/Badge.swift /Users/xinyufang/Documents/Buzz/Buzz/Models/Booking.swift /Users/xinyufang/Documents/Buzz/Buzz/Models/CourseTest.swift /Users/xinyufang/Documents/Buzz/Buzz/Models/CourseUnit.swift /Users/xinyufang/Documents/Buzz/Buzz/Models/DirectMessage.swift /Users/xinyufang/Documents/Buzz/Buzz/Models/DroneRegistration.swift /Users/xinyufang/Documents/Buzz/Buzz/Models/ExpressPromotionApplication.swift /Users/xinyufang/Documents/Buzz/Buzz/Models/GovernmentID.swift /Users/xinyufang/Documents/Buzz/Buzz/Models/Message.swift /Users/xinyufang/Documents/Buzz/Buzz/Models/NotificationPreferences.swift /Users/xinyufang/Documents/Buzz/Buzz/Models/PilotLicense.swift /Users/xinyufang/Documents/Buzz/Buzz/Models/PilotStats.swift /Users/xinyufang/Documents/Buzz/Buzz/Models/Rating.swift /Users/xinyufang/Documents/Buzz/Buzz/Models/ShopifyProduct.swift /Users/xinyufang/Documents/Buzz/Buzz/Models/TaxDocument.swift (in target 'Buzz' from project 'Buzz')

SwiftCompile normal arm64 /Users/xinyufang/Documents/Buzz/Buzz/Config/ProductIdentifiers.swift (in target 'Buzz' from project 'Buzz')
    cd /Users/xinyufang/Documents/Buzz
    

SwiftCompile normal arm64 /Users/xinyufang/Documents/Buzz/Buzz/Helpers/StoreKitExtensions.swift (in target 'Buzz' from project 'Buzz')
    cd /Users/xinyufang/Documents/Buzz
    

SwiftCompile normal arm64 /Users/xinyufang/Documents/Buzz/Buzz/Models/AvailabilityBlockout.swift (in target 'Buzz' from project 'Buzz')
    cd /Users/xinyufang/Documents/Buzz
    
/Users/xinyufang/Documents/Buzz/Buzz/Models/AvailabilityBlockout.swift:53:13: warning: initialization of immutable value 'calendar' was never used; consider replacing with assignment to '_' or removing it
        let calendar = Calendar.current
        ~~~~^~~~~~~~
        _

SwiftCompile normal arm64 /Users/xinyufang/Documents/Buzz/Buzz/Models/Badge.swift (in target 'Buzz' from project 'Buzz')
    cd /Users/xinyufang/Documents/Buzz
    

SwiftCompile normal arm64 /Users/xinyufang/Documents/Buzz/Buzz/Models/Booking.swift (in target 'Buzz' from project 'Buzz')
    cd /Users/xinyufang/Documents/Buzz
    

SwiftCompile normal arm64 /Users/xinyufang/Documents/Buzz/Buzz/Models/CourseTest.swift (in target 'Buzz' from project 'Buzz')
    cd /Users/xinyufang/Documents/Buzz
    

SwiftCompile normal arm64 /Users/xinyufang/Documents/Buzz/Buzz/Models/CourseUnit.swift (in target 'Buzz' from project 'Buzz')
    cd /Users/xinyufang/Documents/Buzz
    

SwiftCompile normal arm64 /Users/xinyufang/Documents/Buzz/Buzz/Models/DirectMessage.swift (in target 'Buzz' from project 'Buzz')
    cd /Users/xinyufang/Documents/Buzz
    

SwiftCompile normal arm64 /Users/xinyufang/Documents/Buzz/Buzz/Models/DroneRegistration.swift (in target 'Buzz' from project 'Buzz')
    cd /Users/xinyufang/Documents/Buzz
    

SwiftCompile normal arm64 /Users/xinyufang/Documents/Buzz/Buzz/Models/ExpressPromotionApplication.swift (in target 'Buzz' from project 'Buzz')
    cd /Users/xinyufang/Documents/Buzz
    

SwiftCompile normal arm64 /Users/xinyufang/Documents/Buzz/Buzz/Models/GovernmentID.swift (in target 'Buzz' from project 'Buzz')
    cd /Users/xinyufang/Documents/Buzz
    

SwiftCompile normal arm64 /Users/xinyufang/Documents/Buzz/Buzz/Models/Message.swift (in target 'Buzz' from project 'Buzz')
    cd /Users/xinyufang/Documents/Buzz
    

SwiftCompile normal arm64 /Users/xinyufang/Documents/Buzz/Buzz/Models/NotificationPreferences.swift (in target 'Buzz' from project 'Buzz')
    cd /Users/xinyufang/Documents/Buzz
    

SwiftCompile normal arm64 /Users/xinyufang/Documents/Buzz/Buzz/Models/PilotLicense.swift (in target 'Buzz' from project 'Buzz')
    cd /Users/xinyufang/Documents/Buzz
    

SwiftCompile normal arm64 /Users/xinyufang/Documents/Buzz/Buzz/Models/PilotStats.swift (in target 'Buzz' from project 'Buzz')
    cd /Users/xinyufang/Documents/Buzz
    

SwiftCompile normal arm64 /Users/xinyufang/Documents/Buzz/Buzz/Models/Rating.swift (in target 'Buzz' from project 'Buzz')
    cd /Users/xinyufang/Documents/Buzz
    

SwiftCompile normal arm64 /Users/xinyufang/Documents/Buzz/Buzz/Models/ShopifyProduct.swift (in target 'Buzz' from project 'Buzz')
    cd /Users/xinyufang/Documents/Buzz
    

SwiftCompile normal arm64 /Users/xinyufang/Documents/Buzz/Buzz/Models/TaxDocument.swift (in target 'Buzz' from project 'Buzz')
    cd /Users/xinyufang/Documents/Buzz
    

SwiftDriverJobDiscovery normal arm64 Emitting module for Buzz (in target 'Buzz' from project 'Buzz')

SwiftDriver\ Compilation\ Requirements Buzz normal arm64 com.apple.xcode.tools.swift.compiler (in target 'Buzz' from project 'Buzz')
    cd /Users/xinyufang/Documents/Buzz
    builtin-Swift-Compilation-Requirements -- /Applications/Xcode.app/Contents/Developer/Toolchains/XcodeDefault.xctoolchain/usr/bin/swiftc -module-name Buzz -Onone -enforce-exclusivity\=checked @/Users/xinyufang/Library/Developer/Xcode/DerivedData/Buzz-faillbpsmponqzeruhhvskovixzk/Build/Intermediates.noindex/Buzz.build/Debug-iphonesimulator/Buzz.build/Objects-normal/arm64/Buzz.SwiftFileList -DDEBUG -Xcc -fmodule-map-file\=/Users/xinyufang/Library/Developer/Xcode/DerivedData/Buzz-faillbpsmponqzeruhhvskovixzk/Build/Intermediates.noindex/GeneratedModuleMaps-iphonesimulator/AppAuth.modulemap -Xcc -fmodule-map-file\=/Users/xinyufang/Library/Developer/Xcode/DerivedData/Buzz-faillbpsmponqzeruhhvskovixzk/Build/Intermediates.noindex/GeneratedModuleMaps-iphonesimulator/AppAuthCore.modulemap -Xcc -fmodule-map-file\=/Users/xinyufang/Library/Developer/Xcode/DerivedData/Buzz-faillbpsmponqzeruhhvskovixzk/Build/Intermediates.noindex/GeneratedModuleMaps-iphonesimulator/GoogleUtilities-Logger.modulemap -Xcc -fmodule-map-file\=/Users/xinyufang/Library/Developer/Xcode/DerivedData/Buzz-faillbpsmponqzeruhhvskovixzk/Build/Intermediates.noindex/GeneratedModuleMaps-iphonesimulator/GoogleUtilities-Environment.modulemap -Xcc -fmodule-map-file\=/Users/xinyufang/Library/Developer/Xcode/DerivedData/Buzz-faillbpsmponqzeruhhvskovixzk/Build/Intermediates.noindex/GeneratedModuleMaps-iphonesimulator/third-party-IsAppEncrypted.modulemap -Xcc -fmodule-map-file\=/Users/xinyufang/Library/Developer/Xcode/DerivedData/Buzz-faillbpsmponqzeruhhvskovixzk/Build/Intermediates.noindex/GeneratedModuleMaps-iphonesimulator/GoogleUtilities-UserDefaults.modulemap -Xcc -fmodule-map-file\=/Users/xinyufang/Library/Developer/Xcode/DerivedData/Buzz-faillbpsmponqzeruhhvskovixzk/Build/Intermediates.noindex/GeneratedModuleMaps-iphonesimulator/AppCheckCore.modulemap -Xcc -fmodule-map-file\=/Users/xinyufang/Library/Developer/Xcode/DerivedData/Buzz-faillbpsmponqzeruhhvskovixzk/Build/Intermediates.noindex/GeneratedModuleMaps-iphonesimulator/GTMSessionFetcherCore.modulemap -Xcc -fmodule-map-file\=/Users/xinyufang/Library/Developer/Xcode/DerivedData/Buzz-faillbpsmponqzeruhhvskovixzk/Build/Intermediates.noindex/GeneratedModuleMaps-iphonesimulator/GoogleSignIn.modulemap -Xcc -fmodule-map-file\=/Users/xinyufang/Library/Developer/Xcode/DerivedData/Buzz-faillbpsmponqzeruhhvskovixzk/Build/Intermediates.noindex/GeneratedModuleMaps-iphonesimulator/Stripe3DS2.modulemap -default-isolation\=MainActor -enable-bare-slash-regex -enable-upcoming-feature DisableOutwardActorInference -enable-upcoming-feature InferSendableFromCaptures -enable-upcoming-feature GlobalActorIsolatedTypesUsability -enable-upcoming-feature MemberImportVisibility -enable-upcoming-feature InferIsolatedConformances -enable-upcoming-feature NonisolatedNonsendingByDefault -enable-experimental-feature DebugDescriptionMacro -sdk /Applications/Xcode.app/Contents/Developer/Platforms/iPhoneSimulator.platform/Developer/SDKs/iPhoneSimulator26.0.sdk -target arm64-apple-ios26.0-simulator -g -module-cache-path /Users/xinyufang/Library/Developer/Xcode/DerivedData/ModuleCache.noindex -Xfrontend -serialize-debugging-options -enable-testing -index-store-path /Users/xinyufang/Library/Developer/Xcode/DerivedData/Buzz-faillbpsmponqzeruhhvskovixzk/Index.noindex/DataStore -Xcc -D_LIBCPP_HARDENING_MODE\=_LIBCPP_HARDENING_MODE_DEBUG -swift-version 5 -I /Users/xinyufang/Library/Developer/Xcode/DerivedData/Buzz-faillbpsmponqzeruhhvskovixzk/Build/Products/Debug-iphonesimulator -F /Users/xinyufang/Library/Developer/Xcode/DerivedData/Buzz-faillbpsmponqzeruhhvskovixzk/Build/Products/Debug-iphonesimulator/PackageFrameworks -F /Users/xinyufang/Library/Developer/Xcode/DerivedData/Buzz-faillbpsmponqzeruhhvskovixzk/Build/Products/Debug-iphonesimulator/PackageFrameworks -F /Users/xinyufang/Library/Developer/Xcode/DerivedData/Buzz-faillbpsmponqzeruhhvskovixzk/Build/Products/Debug-iphonesimulator/PackageFrameworks -F /Users/xinyufang/Library/Developer/Xcode/DerivedData/Buzz-faillbpsmponqzeruhhvskovixzk/Build/Products/Debug-iphonesimulator/PackageFrameworks -F /Users/xinyufang/Library/Developer/Xcode/DerivedData/Buzz-faillbpsmponqzeruhhvskovixzk/Build/Products/Debug-iphonesimulator/PackageFrameworks -F /Users/xinyufang/Library/Developer/Xcode/DerivedData/Buzz-faillbpsmponqzeruhhvskovixzk/Build/Products/Debug-iphonesimulator/PackageFrameworks -F /Users/xinyufang/Library/Developer/Xcode/DerivedData/Buzz-faillbpsmponqzeruhhvskovixzk/Build/Products/Debug-iphonesimulator/PackageFrameworks -F /Users/xinyufang/Library/Developer/Xcode/DerivedData/Buzz-faillbpsmponqzeruhhvskovixzk/Build/Products/Debug-iphonesimulator/PackageFrameworks -F /Users/xinyufang/Library/Developer/Xcode/DerivedData/Buzz-faillbpsmponqzeruhhvskovixzk/Build/Products/Debug-iphonesimulator/PackageFrameworks -F /Users/xinyufang/Library/Developer/Xcode/DerivedData/Buzz-faillbpsmponqzeruhhvskovixzk/Build/Products/Debug-iphonesimulator/PackageFrameworks -F /Users/xinyufang/Library/Developer/Xcode/DerivedData/Buzz-faillbpsmponqzeruhhvskovixzk/Build/Products/Debug-iphonesimulator/PackageFrameworks -F /Users/xinyufang/Library/Developer/Xcode/DerivedData/Buzz-faillbpsmponqzeruhhvskovixzk/Build/Products/Debug-iphonesimulator/PackageFrameworks -F /Users/xinyufang/Library/Developer/Xcode/DerivedData/Buzz-faillbpsmponqzeruhhvskovixzk/Build/Products/Debug-iphonesimulator/PackageFrameworks -F /Users/xinyufang/Library/Developer/Xcode/DerivedData/Buzz-faillbpsmponqzeruhhvskovixzk/Build/Products/Debug-iphonesimulator/PackageFrameworks -F /Users/xinyufang/Library/Developer/Xcode/DerivedData/Buzz-faillbpsmponqzeruhhvskovixzk/Build/Products/Debug-iphonesimulator/PackageFrameworks -F /Users/xinyufang/Library/Developer/Xcode/DerivedData/Buzz-faillbpsmponqzeruhhvskovixzk/Build/Products/Debug-iphonesimulator/PackageFrameworks -F /Users/xinyufang/Library/Developer/Xcode/DerivedData/Buzz-faillbpsmponqzeruhhvskovixzk/Build/Products/Debug-iphonesimulator/PackageFrameworks -F /Users/xinyufang/Library/Developer/Xcode/DerivedData/Buzz-faillbpsmponqzeruhhvskovixzk/Build/Products/Debug-iphonesimulator/PackageFrameworks -F /Users/xinyufang/Library/Developer/Xcode/DerivedData/Buzz-faillbpsmponqzeruhhvskovixzk/Build/Products/Debug-iphonesimulator/PackageFrameworks -F /Users/xinyufang/Library/Developer/Xcode/DerivedData/Buzz-faillbpsmponqzeruhhvskovixzk/Build/Products/Debug-iphonesimulator/PackageFrameworks -F /Users/xinyufang/Library/Developer/Xcode/DerivedData/Buzz-faillbpsmponqzeruhhvskovixzk/Build/Products/Debug-iphonesimulator/PackageFrameworks -F /Users/xinyufang/Library/Developer/Xcode/DerivedData/Buzz-faillbpsmponqzeruhhvskovixzk/Build/Products/Debug-iphonesimulator/PackageFrameworks -F /Users/xinyufang/Library/Developer/Xcode/DerivedData/Buzz-faillbpsmponqzeruhhvskovixzk/Build/Products/Debug-iphonesimulator/PackageFrameworks -F /Users/xinyufang/Library/Developer/Xcode/DerivedData/Buzz-faillbpsmponqzeruhhvskovixzk/Build/Products/Debug-iphonesimulator/PackageFrameworks -F /Users/xinyufang/Library/Developer/Xcode/DerivedData/Buzz-faillbpsmponqzeruhhvskovixzk/Build/Products/Debug-iphonesimulator/PackageFrameworks -F /Users/xinyufang/Library/Developer/Xcode/DerivedData/Buzz-faillbpsmponqzeruhhvskovixzk/Build/Products/Debug-iphonesimulator/PackageFrameworks -F /Users/xinyufang/Library/Developer/Xcode/DerivedData/Buzz-faillbpsmponqzeruhhvskovixzk/Build/Products/Debug-iphonesimulator/PackageFrameworks -F /Users/xinyufang/Library/Developer/Xcode/DerivedData/Buzz-faillbpsmponqzeruhhvskovixzk/Build/Products/Debug-iphonesimulator/PackageFrameworks -F /Users/xinyufang/Library/Developer/Xcode/DerivedData/Buzz-faillbpsmponqzeruhhvskovixzk/Build/Products/Debug-iphonesimulator/PackageFrameworks -F /Users/xinyufang/Library/Developer/Xcode/DerivedData/Buzz-faillbpsmponqzeruhhvskovixzk/Build/Products/Debug-iphonesimulator/PackageFrameworks -F /Users/xinyufang/Library/Developer/Xcode/DerivedData/Buzz-faillbpsmponqzeruhhvskovixzk/Build/Products/Debug-iphonesimulator/PackageFrameworks -F /Users/xinyufang/Library/Developer/Xcode/DerivedData/Buzz-faillbpsmponqzeruhhvskovixzk/Build/Products/Debug-iphonesimulator/PackageFrameworks -F /Users/xinyufang/Library/Developer/Xcode/DerivedData/Buzz-faillbpsmponqzeruhhvskovixzk/Build/Products/Debug-iphonesimulator/PackageFrameworks -F /Users/xinyufang/Library/Developer/Xcode/DerivedData/Buzz-faillbpsmponqzeruhhvskovixzk/Build/Products/Debug-iphonesimulator/PackageFrameworks -F /Users/xinyufang/Library/Developer/Xcode/DerivedData/Buzz-faillbpsmponqzeruhhvskovixzk/Build/Products/Debug-iphonesimulator/PackageFrameworks -F /Users/xinyufang/Library/Developer/Xcode/DerivedData/Buzz-faillbpsmponqzeruhhvskovixzk/Build/Products/Debug-iphonesimulator/PackageFrameworks -F /Users/xinyufang/Library/Developer/Xcode/DerivedData/Buzz-faillbpsmponqzeruhhvskovixzk/Build/Products/Debug-iphonesimulator/PackageFrameworks -F /Users/xinyufang/Library/Developer/Xcode/DerivedData/Buzz-faillbpsmponqzeruhhvskovixzk/Build/Products/Debug-iphonesimulator/PackageFrameworks -F /Users/xinyufang/Library/Developer/Xcode/DerivedData/Buzz-faillbpsmponqzeruhhvskovixzk/Build/Products/Debug-iphonesimulator/PackageFrameworks -F /Users/xinyufang/Library/Developer/Xcode/DerivedData/Buzz-faillbpsmponqzeruhhvskovixzk/Build/Products/Debug-iphonesimulator -emit-localized-strings -emit-localized-strings-path /Users/xinyufang/Library/Developer/Xcode/DerivedData/Buzz-faillbpsmponqzeruhhvskovixzk/Build/Intermediates.noindex/Buzz.build/Debug-iphonesimulator/Buzz.build/Objects-normal/arm64 -c -j8 -enable-batch-mode -incremental -Xcc -ivfsstatcache -Xcc /Users/xinyufang/Library/Developer/Xcode/DerivedData/SDKStatCaches.noindex/iphonesimulator26.0-23A339-26257891a6c027eb51374368541b8346.sdkstatcache -output-file-map /Users/xinyufang/Library/Developer/Xcode/DerivedData/Buzz-faillbpsmponqzeruhhvskovixzk/Build/Intermediates.noindex/Buzz.build/Debug-iphonesimulator/Buzz.build/Objects-normal/arm64/Buzz-OutputFileMap.json -use-frontend-parseable-output -save-temps -no-color-diagnostics -explicit-module-build -module-cache-path /Users/xinyufang/Library/Developer/Xcode/DerivedData/Buzz-faillbpsmponqzeruhhvskovixzk/Build/Intermediates.noindex/SwiftExplicitPrecompiledModules -clang-scanner-module-cache-path /Users/xinyufang/Library/Developer/Xcode/DerivedData/ModuleCache.noindex -sdk-module-cache-path /Users/xinyufang/Library/Developer/Xcode/DerivedData/ModuleCache.noindex -serialize-diagnostics -emit-dependencies -emit-module -emit-module-path /Users/xinyufang/Library/Developer/Xcode/DerivedData/Buzz-faillbpsmponqzeruhhvskovixzk/Build/Intermediates.noindex/Buzz.build/Debug-iphonesimulator/Buzz.build/Objects-normal/arm64/Buzz.swiftmodule -validate-clang-modules-once -clang-build-session-file /Users/xinyufang/Library/Developer/Xcode/DerivedData/ModuleCache.noindex/Session.modulevalidation -Xcc -I/Users/xinyufang/Library/Developer/Xcode/DerivedData/Buzz-faillbpsmponqzeruhhvskovixzk/Build/Intermediates.noindex/Buzz.build/Debug-iphonesimulator/Buzz.build/swift-overrides.hmap -emit-const-values -Xfrontend -const-gather-protocols-file -Xfrontend /Users/xinyufang/Library/Developer/Xcode/DerivedData/Buzz-faillbpsmponqzeruhhvskovixzk/Build/Intermediates.noindex/Buzz.build/Debug-iphonesimulator/Buzz.build/Objects-normal/arm64/Buzz_const_extract_protocols.json -Xcc -iquote -Xcc /Users/xinyufang/Library/Developer/Xcode/DerivedData/Buzz-faillbpsmponqzeruhhvskovixzk/Build/Intermediates.noindex/Buzz.build/Debug-iphonesimulator/Buzz.build/Buzz-generated-files.hmap -Xcc -I/Users/xinyufang/Library/Developer/Xcode/DerivedData/Buzz-faillbpsmponqzeruhhvskovixzk/Build/Intermediates.noindex/Buzz.build/Debug-iphonesimulator/Buzz.build/Buzz-own-target-headers.hmap -Xcc -I/Users/xinyufang/Library/Developer/Xcode/DerivedData/Buzz-faillbpsmponqzeruhhvskovixzk/Build/Intermediates.noindex/Buzz.build/Debug-iphonesimulator/Buzz.build/Buzz-all-non-framework-target-headers.hmap -Xcc -ivfsoverlay -Xcc /Users/xinyufang/Library/Developer/Xcode/DerivedData/Buzz-faillbpsmponqzeruhhvskovixzk/Build/Intermediates.noindex/Buzz.build/Debug-iphonesimulator/Buzz-f0f0de0f2b92c66dbd5712a40458aba1-VFS-iphonesimulator/all-product-headers.yaml -Xcc -iquote -Xcc /Users/xinyufang/Library/Developer/Xcode/DerivedData/Buzz-faillbpsmponqzeruhhvskovixzk/Build/Intermediates.noindex/Buzz.build/Debug-iphonesimulator/Buzz.build/Buzz-project-headers.hmap -Xcc -I/Users/xinyufang/Library/Developer/Xcode/DerivedData/Buzz-faillbpsmponqzeruhhvskovixzk/SourcePackages/checkouts/AppAuth-iOS/Sources/AppAuth -Xcc -I/Users/xinyufang/Library/Developer/Xcode/DerivedData/Buzz-faillbpsmponqzeruhhvskovixzk/SourcePackages/checkouts/AppAuth-iOS/Sources/AppAuthCore -Xcc -I/Users/xinyufang/Library/Developer/Xcode/DerivedData/Buzz-faillbpsmponqzeruhhvskovixzk/SourcePackages/checkouts/promises/Sources/FBLPromises/include -Xcc -I/Users/xinyufang/Library/Developer/Xcode/DerivedData/Buzz-faillbpsmponqzeruhhvskovixzk/SourcePackages/checkouts/GoogleUtilities/GoogleUtilities/Logger/Public -Xcc -I/Users/xinyufang/Library/Developer/Xcode/DerivedData/Buzz-faillbpsmponqzeruhhvskovixzk/SourcePackages/checkouts/GoogleUtilities/GoogleUtilities/Environment/Public -Xcc -I/Users/xinyufang/Library/Developer/Xcode/DerivedData/Buzz-faillbpsmponqzeruhhvskovixzk/SourcePackages/checkouts/GoogleUtilities/third_party/IsAppEncrypted/Public -Xcc -I/Users/xinyufang/Library/Developer/Xcode/DerivedData/Buzz-faillbpsmponqzeruhhvskovixzk/SourcePackages/checkouts/GoogleUtilities/GoogleUtilities/UserDefaults/Public -Xcc -I/Users/xinyufang/Library/Developer/Xcode/DerivedData/Buzz-faillbpsmponqzeruhhvskovixzk/SourcePackages/checkouts/app-check/AppCheckCore/Sources/Public -Xcc -I/Users/xinyufang/Library/Developer/Xcode/DerivedData/Buzz-faillbpsmponqzeruhhvskovixzk/SourcePackages/checkouts/gtm-session-fetcher/Sources/Core/Public -Xcc -I/Users/xinyufang/Library/Developer/Xcode/DerivedData/Buzz-faillbpsmponqzeruhhvskovixzk/SourcePackages/checkouts/GoogleSignIn-iOS/GoogleSignIn/Sources/Public -Xcc -I/Users/xinyufang/Library/Developer/Xcode/DerivedData/Buzz-faillbpsmponqzeruhhvskovixzk/SourcePackages/checkouts/stripe-ios-spm/Stripe3DS2/Stripe3DS2/include -Xcc -I/Users/xinyufang/Library/Developer/Xcode/DerivedData/Buzz-faillbpsmponqzeruhhvskovixzk/Build/Products/Debug-iphonesimulator/include -Xcc -I/Users/xinyufang/Library/Developer/Xcode/DerivedData/Buzz-faillbpsmponqzeruhhvskovixzk/Build/Intermediates.noindex/Buzz.build/Debug-iphonesimulator/Buzz.build/DerivedSources-normal/arm64 -Xcc -I/Users/xinyufang/Library/Developer/Xcode/DerivedData/Buzz-faillbpsmponqzeruhhvskovixzk/Build/Intermediates.noindex/Buzz.build/Debug-iphonesimulator/Buzz.build/DerivedSources/arm64 -Xcc -I/Users/xinyufang/Library/Developer/Xcode/DerivedData/Buzz-faillbpsmponqzeruhhvskovixzk/Build/Intermediates.noindex/Buzz.build/Debug-iphonesimulator/Buzz.build/DerivedSources -Xcc -DDEBUG\=1 -emit-objc-header -emit-objc-header-path /Users/xinyufang/Library/Developer/Xcode/DerivedData/Buzz-faillbpsmponqzeruhhvskovixzk/Build/Intermediates.noindex/Buzz.build/Debug-iphonesimulator/Buzz.build/Objects-normal/arm64/Buzz-Swift.h -working-directory /Users/xinyufang/Documents/Buzz -experimental-emit-module-separately -disable-cmo

SwiftDriverJobDiscovery normal arm64 Compiling ProductIdentifiers.swift, StoreKitExtensions.swift, AvailabilityBlockout.swift, Badge.swift, Booking.swift, CourseTest.swift, CourseUnit.swift, DirectMessage.swift, DroneRegistration.swift, ExpressPromotionApplication.swift, GovernmentID.swift, Message.swift, NotificationPreferences.swift, PilotLicense.swift, PilotStats.swift, Rating.swift, ShopifyProduct.swift, TaxDocument.swift (in target 'Buzz' from project 'Buzz')

SwiftCompile normal arm64 Compiling\ ChartImageViewer.swift,\ CourseContentView.swift,\ CourseSubscriptionView.swift,\ GroundSchoolTestIntroView.swift,\ GroundSchoolTestView.swift,\ QuestionNavigatorView.swift,\ UnitDetailView.swift,\ AuthenticationView.swift,\ PackagePromotionView.swift,\ PasswordResetFlowView.swift,\ PremiumIntroAnimationView.swift,\ SignUpView.swift,\ BookingDetailView.swift,\ BookingMapView.swift,\ BookingSuccessAnimationView.swift,\ ConversationHelpers.swift,\ ConversationsListView.swift /Users/xinyufang/Documents/Buzz/Buzz/Views/Academy/ChartImageViewer.swift /Users/xinyufang/Documents/Buzz/Buzz/Views/Academy/CourseContentView.swift /Users/xinyufang/Documents/Buzz/Buzz/Views/Academy/CourseSubscriptionView.swift /Users/xinyufang/Documents/Buzz/Buzz/Views/Academy/GroundSchoolTestIntroView.swift /Users/xinyufang/Documents/Buzz/Buzz/Views/Academy/GroundSchoolTestView.swift /Users/xinyufang/Documents/Buzz/Buzz/Views/Academy/QuestionNavigatorView.swift /Users/xinyufang/Documents/Buzz/Buzz/Views/Academy/UnitDetailView.swift /Users/xinyufang/Documents/Buzz/Buzz/Views/Auth/AuthenticationView.swift /Users/xinyufang/Documents/Buzz/Buzz/Views/Auth/PackagePromotionView.swift /Users/xinyufang/Documents/Buzz/Buzz/Views/Auth/PasswordResetFlowView.swift /Users/xinyufang/Documents/Buzz/Buzz/Views/Auth/PremiumIntroAnimationView.swift /Users/xinyufang/Documents/Buzz/Buzz/Views/Auth/SignUpView.swift /Users/xinyufang/Documents/Buzz/Buzz/Views/Bookings/BookingDetailView.swift /Users/xinyufang/Documents/Buzz/Buzz/Views/Bookings/BookingMapView.swift /Users/xinyufang/Documents/Buzz/Buzz/Views/Bookings/BookingSuccessAnimationView.swift /Users/xinyufang/Documents/Buzz/Buzz/Views/Bookings/ConversationHelpers.swift /Users/xinyufang/Documents/Buzz/Buzz/Views/Bookings/ConversationsListView.swift (in target 'Buzz' from project 'Buzz')

SwiftCompile normal arm64 /Users/xinyufang/Documents/Buzz/Buzz/Views/Academy/ChartImageViewer.swift (in target 'Buzz' from project 'Buzz')
    cd /Users/xinyufang/Documents/Buzz
    

SwiftCompile normal arm64 /Users/xinyufang/Documents/Buzz/Buzz/Views/Academy/CourseContentView.swift (in target 'Buzz' from project 'Buzz')
    cd /Users/xinyufang/Documents/Buzz
    
/Users/xinyufang/Documents/Buzz/Buzz/Views/Academy/CourseContentView.swift:203:13: warning: 'init(destination:isActive:label:)' was deprecated in iOS 16.0: use NavigationLink(value:label:), or navigationDestination(isPresented:destination:), inside a NavigationStack or NavigationSplitView
            NavigationLink(
            ^

SwiftCompile normal arm64 /Users/xinyufang/Documents/Buzz/Buzz/Views/Academy/CourseSubscriptionView.swift (in target 'Buzz' from project 'Buzz')
    cd /Users/xinyufang/Documents/Buzz
    

SwiftCompile normal arm64 /Users/xinyufang/Documents/Buzz/Buzz/Views/Academy/GroundSchoolTestIntroView.swift (in target 'Buzz' from project 'Buzz')
    cd /Users/xinyufang/Documents/Buzz
    

SwiftCompile normal arm64 /Users/xinyufang/Documents/Buzz/Buzz/Views/Academy/GroundSchoolTestView.swift (in target 'Buzz' from project 'Buzz')
    cd /Users/xinyufang/Documents/Buzz
    

SwiftCompile normal arm64 /Users/xinyufang/Documents/Buzz/Buzz/Views/Academy/QuestionNavigatorView.swift (in target 'Buzz' from project 'Buzz')
    cd /Users/xinyufang/Documents/Buzz
    

SwiftCompile normal arm64 /Users/xinyufang/Documents/Buzz/Buzz/Views/Academy/UnitDetailView.swift (in target 'Buzz' from project 'Buzz')
    cd /Users/xinyufang/Documents/Buzz
    

SwiftCompile normal arm64 /Users/xinyufang/Documents/Buzz/Buzz/Views/Auth/AuthenticationView.swift (in target 'Buzz' from project 'Buzz')
    cd /Users/xinyufang/Documents/Buzz
    
/Users/xinyufang/Documents/Buzz/Buzz/Views/Auth/AuthenticationView.swift:234:17: warning: switch must be exhaustive
                switch authError.code {
                ^
/Users/xinyufang/Documents/Buzz/Buzz/Views/Auth/AuthenticationView.swift:234:17: note: add missing case: '.notInteractive'
                switch authError.code {
                ^
/Users/xinyufang/Documents/Buzz/Buzz/Views/Auth/AuthenticationView.swift:234:17: note: add missing case: '.matchedExcludedCredential'
                switch authError.code {
                ^
/Users/xinyufang/Documents/Buzz/Buzz/Views/Auth/AuthenticationView.swift:234:17: note: add missing case: '.credentialImport'
                switch authError.code {
                ^
/Users/xinyufang/Documents/Buzz/Buzz/Views/Auth/AuthenticationView.swift:234:17: note: add missing case: '.credentialExport'
                switch authError.code {
                ^
/Users/xinyufang/Documents/Buzz/Buzz/Views/Auth/AuthenticationView.swift:234:17: note: add missing case: '.preferSignInWithApple'
                switch authError.code {
                ^
/Users/xinyufang/Documents/Buzz/Buzz/Views/Auth/AuthenticationView.swift:234:17: note: add missing case: '.deviceNotConfiguredForPasskeyCreation'
                switch authError.code {
                ^
/Users/xinyufang/Documents/Buzz/Buzz/Views/Auth/AuthenticationView.swift:234:17: note: add missing cases
                switch authError.code {
                ^

SwiftCompile normal arm64 /Users/xinyufang/Documents/Buzz/Buzz/Views/Auth/PackagePromotionView.swift (in target 'Buzz' from project 'Buzz')
    cd /Users/xinyufang/Documents/Buzz
    

SwiftCompile normal arm64 /Users/xinyufang/Documents/Buzz/Buzz/Views/Auth/PasswordResetFlowView.swift (in target 'Buzz' from project 'Buzz')
    cd /Users/xinyufang/Documents/Buzz
    

SwiftCompile normal arm64 /Users/xinyufang/Documents/Buzz/Buzz/Views/Auth/PremiumIntroAnimationView.swift (in target 'Buzz' from project 'Buzz')
    cd /Users/xinyufang/Documents/Buzz
    

SwiftCompile normal arm64 /Users/xinyufang/Documents/Buzz/Buzz/Views/Auth/SignUpView.swift (in target 'Buzz' from project 'Buzz')
    cd /Users/xinyufang/Documents/Buzz
    

SwiftCompile normal arm64 /Users/xinyufang/Documents/Buzz/Buzz/Views/Bookings/BookingDetailView.swift (in target 'Buzz' from project 'Buzz')
    cd /Users/xinyufang/Documents/Buzz
    
/Users/xinyufang/Documents/Buzz/Buzz/Views/Bookings/BookingDetailView.swift:54:17: warning: 'init(coordinateRegion:interactionModes:showsUserLocation:userTrackingMode:annotationItems:annotationContent:)' was deprecated in iOS 17.0: Use Map initializers that take a MapContentBuilder instead.
                Map(coordinateRegion: .constant(region), annotationItems: [booking]) { booking in
                ^
/Users/xinyufang/Documents/Buzz/Buzz/Views/Bookings/BookingDetailView.swift:55:21: warning: 'MapAnnotation' was deprecated in iOS 17.0: Use Annotation along with Map initializers that take a MapContentBuilder instead.
                    MapAnnotation(coordinate: booking.coordinate) {
                    ^
/Users/xinyufang/Documents/Buzz/Buzz/Views/Bookings/BookingDetailView.swift:703:23: warning: 'init(placemark:)' was deprecated in iOS 26.0: Use init(location:address:)
        let mapItem = MKMapItem(placemark: MKPlacemark(coordinate: coordinate))
                      ^
/Users/xinyufang/Documents/Buzz/Buzz/Views/Bookings/BookingDetailView.swift:703:44: warning: 'MKPlacemark' was deprecated in iOS 26.0: Use MKMapItem's location, address and addressRepresentations properties instead. Use MKAddressRepresentations for formatted address strings for MapKit provided MKMapItems
        let mapItem = MKMapItem(placemark: MKPlacemark(coordinate: coordinate))
                                           ^

SwiftCompile normal arm64 /Users/xinyufang/Documents/Buzz/Buzz/Views/Bookings/BookingMapView.swift (in target 'Buzz' from project 'Buzz')
    cd /Users/xinyufang/Documents/Buzz
    
/Users/xinyufang/Documents/Buzz/Buzz/Views/Bookings/BookingMapView.swift:27:13: warning: 'init(coordinateRegion:interactionModes:showsUserLocation:userTrackingMode:annotationItems:annotationContent:)' was deprecated in iOS 17.0: Use Map initializers that take a MapContentBuilder instead.
            Map(coordinateRegion: $region, annotationItems: bookings) { booking in
            ^
/Users/xinyufang/Documents/Buzz/Buzz/Views/Bookings/BookingMapView.swift:28:17: warning: 'MapAnnotation' was deprecated in iOS 17.0: Use Annotation along with Map initializers that take a MapContentBuilder instead.
                MapAnnotation(coordinate: booking.coordinate) {
                ^
/Users/xinyufang/Documents/Buzz/Buzz/Views/Bookings/BookingMapView.swift:288:13: warning: 'init(coordinateRegion:interactionModes:showsUserLocation:userTrackingMode:)' was deprecated in iOS 17.0: Use Map initializers that take a MapContentBuilder instead.
            Map(coordinateRegion: $region, interactionModes: .all, showsUserLocation: true)
            ^
/Users/xinyufang/Documents/Buzz/Buzz/Views/Bookings/BookingMapView.swift:320:24: warning: 'CLGeocoder' was deprecated in iOS 26.0: Use MapKit
        let geocoder = CLGeocoder()
                       ^
/Users/xinyufang/Documents/Buzz/Buzz/Views/Bookings/BookingMapView.swift:323:18: warning: 'reverseGeocodeLocation(_:completionHandler:)' was deprecated in iOS 26.0: Use MKReverseGeocodingRequest
        geocoder.reverseGeocodeLocation(location) { placemarks, error in
                 ^

SwiftCompile normal arm64 /Users/xinyufang/Documents/Buzz/Buzz/Views/Bookings/BookingSuccessAnimationView.swift (in target 'Buzz' from project 'Buzz')
    cd /Users/xinyufang/Documents/Buzz
    
/Users/xinyufang/Documents/Buzz/Buzz/Views/Bookings/BookingSuccessAnimationView.swift:43:60: warning: 'main' was deprecated in iOS 26.0: Use a UIScreen instance found through context instead (i.e, view.window.windowScene.screen), or for properties like UIScreen.scale with trait equivalents, use a traitCollection found through context.
                        x: CGFloat.random(in: 0...UIScreen.main.bounds.width),
                                                           ^
/Users/xinyufang/Documents/Buzz/Buzz/Views/Bookings/BookingSuccessAnimationView.swift:44:60: warning: 'main' was deprecated in iOS 26.0: Use a UIScreen instance found through context instead (i.e, view.window.windowScene.screen), or for properties like UIScreen.scale with trait equivalents, use a traitCollection found through context.
                        y: CGFloat.random(in: 0...UIScreen.main.bounds.height)
                                                           ^

SwiftCompile normal arm64 /Users/xinyufang/Documents/Buzz/Buzz/Views/Bookings/ConversationHelpers.swift (in target 'Buzz' from project 'Buzz')
    cd /Users/xinyufang/Documents/Buzz
    

SwiftCompile normal arm64 /Users/xinyufang/Documents/Buzz/Buzz/Views/Bookings/ConversationsListView.swift (in target 'Buzz' from project 'Buzz')
    cd /Users/xinyufang/Documents/Buzz
    

SwiftMergeGeneratedHeaders /Users/xinyufang/Library/Developer/Xcode/DerivedData/Buzz-faillbpsmponqzeruhhvskovixzk/Build/Intermediates.noindex/Buzz.build/Debug-iphonesimulator/Buzz.build/DerivedSources/Buzz-Swift.h /Users/xinyufang/Library/Developer/Xcode/DerivedData/Buzz-faillbpsmponqzeruhhvskovixzk/Build/Intermediates.noindex/Buzz.build/Debug-iphonesimulator/Buzz.build/Objects-normal/arm64/Buzz-Swift.h (in target 'Buzz' from project 'Buzz')
    cd /Users/xinyufang/Documents/Buzz
    builtin-swiftHeaderTool -arch arm64 /Users/xinyufang/Library/Developer/Xcode/DerivedData/Buzz-faillbpsmponqzeruhhvskovixzk/Build/Intermediates.noindex/Buzz.build/Debug-iphonesimulator/Buzz.build/Objects-normal/arm64/Buzz-Swift.h -o /Users/xinyufang/Library/Developer/Xcode/DerivedData/Buzz-faillbpsmponqzeruhhvskovixzk/Build/Intermediates.noindex/Buzz.build/Debug-iphonesimulator/Buzz.build/DerivedSources/Buzz-Swift.h

SwiftDriverJobDiscovery normal arm64 Compiling TrainingCourse.swift, Transponder.swift, UserProfile.swift, Weather.swift, AcademyService.swift, AuthService.swift, AvailabilityBlockoutService.swift, BadgeService.swift, BookingService.swift, CourseSubscriptionService.swift, DemoModeManager.swift, DroneRegistrationService.swift, ExpressPromotionService.swift, IdentityVerificationService.swift, LicenseUploadService.swift, LocationHelper.swift, MessageService.swift (in target 'Buzz' from project 'Buzz')

Copy /Users/xinyufang/Library/Developer/Xcode/DerivedData/Buzz-faillbpsmponqzeruhhvskovixzk/Build/Products/Debug-iphonesimulator/Buzz.swiftmodule/arm64-apple-ios-simulator.swiftmodule /Users/xinyufang/Library/Developer/Xcode/DerivedData/Buzz-faillbpsmponqzeruhhvskovixzk/Build/Intermediates.noindex/Buzz.build/Debug-iphonesimulator/Buzz.build/Objects-normal/arm64/Buzz.swiftmodule (in target 'Buzz' from project 'Buzz')
    cd /Users/xinyufang/Documents/Buzz
    builtin-copy -exclude .DS_Store -exclude CVS -exclude .svn -exclude .git -exclude .hg -resolve-src-symlinks -rename /Users/xinyufang/Library/Developer/Xcode/DerivedData/Buzz-faillbpsmponqzeruhhvskovixzk/Build/Intermediates.noindex/Buzz.build/Debug-iphonesimulator/Buzz.build/Objects-normal/arm64/Buzz.swiftmodule /Users/xinyufang/Library/Developer/Xcode/DerivedData/Buzz-faillbpsmponqzeruhhvskovixzk/Build/Products/Debug-iphonesimulator/Buzz.swiftmodule/arm64-apple-ios-simulator.swiftmodule

Copy /Users/xinyufang/Library/Developer/Xcode/DerivedData/Buzz-faillbpsmponqzeruhhvskovixzk/Build/Products/Debug-iphonesimulator/Buzz.swiftmodule/arm64-apple-ios-simulator.swiftdoc /Users/xinyufang/Library/Developer/Xcode/DerivedData/Buzz-faillbpsmponqzeruhhvskovixzk/Build/Intermediates.noindex/Buzz.build/Debug-iphonesimulator/Buzz.build/Objects-normal/arm64/Buzz.swiftdoc (in target 'Buzz' from project 'Buzz')
    cd /Users/xinyufang/Documents/Buzz
    builtin-copy -exclude .DS_Store -exclude CVS -exclude .svn -exclude .git -exclude .hg -resolve-src-symlinks -rename /Users/xinyufang/Library/Developer/Xcode/DerivedData/Buzz-faillbpsmponqzeruhhvskovixzk/Build/Intermediates.noindex/Buzz.build/Debug-iphonesimulator/Buzz.build/Objects-normal/arm64/Buzz.swiftdoc /Users/xinyufang/Library/Developer/Xcode/DerivedData/Buzz-faillbpsmponqzeruhhvskovixzk/Build/Products/Debug-iphonesimulator/Buzz.swiftmodule/arm64-apple-ios-simulator.swiftdoc

Copy /Users/xinyufang/Library/Developer/Xcode/DerivedData/Buzz-faillbpsmponqzeruhhvskovixzk/Build/Products/Debug-iphonesimulator/Buzz.swiftmodule/arm64-apple-ios-simulator.abi.json /Users/xinyufang/Library/Developer/Xcode/DerivedData/Buzz-faillbpsmponqzeruhhvskovixzk/Build/Intermediates.noindex/Buzz.build/Debug-iphonesimulator/Buzz.build/Objects-normal/arm64/Buzz.abi.json (in target 'Buzz' from project 'Buzz')
    cd /Users/xinyufang/Documents/Buzz
    builtin-copy -exclude .DS_Store -exclude CVS -exclude .svn -exclude .git -exclude .hg -resolve-src-symlinks -rename /Users/xinyufang/Library/Developer/Xcode/DerivedData/Buzz-faillbpsmponqzeruhhvskovixzk/Build/Intermediates.noindex/Buzz.build/Debug-iphonesimulator/Buzz.build/Objects-normal/arm64/Buzz.abi.json /Users/xinyufang/Library/Developer/Xcode/DerivedData/Buzz-faillbpsmponqzeruhhvskovixzk/Build/Products/Debug-iphonesimulator/Buzz.swiftmodule/arm64-apple-ios-simulator.abi.json

Copy /Users/xinyufang/Library/Developer/Xcode/DerivedData/Buzz-faillbpsmponqzeruhhvskovixzk/Build/Products/Debug-iphonesimulator/Buzz.swiftmodule/Project/arm64-apple-ios-simulator.swiftsourceinfo /Users/xinyufang/Library/Developer/Xcode/DerivedData/Buzz-faillbpsmponqzeruhhvskovixzk/Build/Intermediates.noindex/Buzz.build/Debug-iphonesimulator/Buzz.build/Objects-normal/arm64/Buzz.swiftsourceinfo (in target 'Buzz' from project 'Buzz')
    cd /Users/xinyufang/Documents/Buzz
    builtin-copy -exclude .DS_Store -exclude CVS -exclude .svn -exclude .git -exclude .hg -resolve-src-symlinks -rename /Users/xinyufang/Library/Developer/Xcode/DerivedData/Buzz-faillbpsmponqzeruhhvskovixzk/Build/Intermediates.noindex/Buzz.build/Debug-iphonesimulator/Buzz.build/Objects-normal/arm64/Buzz.swiftsourceinfo /Users/xinyufang/Library/Developer/Xcode/DerivedData/Buzz-faillbpsmponqzeruhhvskovixzk/Build/Products/Debug-iphonesimulator/Buzz.swiftmodule/Project/arm64-apple-ios-simulator.swiftsourceinfo

LinkAssetCatalog /Users/xinyufang/Documents/Buzz/Buzz/Assets.xcassets (in target 'Buzz' from project 'Buzz')
    cd /Users/xinyufang/Documents/Buzz
    builtin-linkAssetCatalog --thinned /Users/xinyufang/Library/Developer/Xcode/DerivedData/Buzz-faillbpsmponqzeruhhvskovixzk/Build/Intermediates.noindex/Buzz.build/Debug-iphonesimulator/Buzz.build/assetcatalog_output/thinned --thinned-dependencies /Users/xinyufang/Library/Developer/Xcode/DerivedData/Buzz-faillbpsmponqzeruhhvskovixzk/Build/Intermediates.noindex/Buzz.build/Debug-iphonesimulator/Buzz.build/assetcatalog_dependencies_thinned --thinned-info-plist-content /Users/xinyufang/Library/Developer/Xcode/DerivedData/Buzz-faillbpsmponqzeruhhvskovixzk/Build/Intermediates.noindex/Buzz.build/Debug-iphonesimulator/Buzz.build/assetcatalog_generated_info.plist_thinned --unthinned /Users/xinyufang/Library/Developer/Xcode/DerivedData/Buzz-faillbpsmponqzeruhhvskovixzk/Build/Intermediates.noindex/Buzz.build/Debug-iphonesimulator/Buzz.build/assetcatalog_output/unthinned --unthinned-dependencies /Users/xinyufang/Library/Developer/Xcode/DerivedData/Buzz-faillbpsmponqzeruhhvskovixzk/Build/Intermediates.noindex/Buzz.build/Debug-iphonesimulator/Buzz.build/assetcatalog_dependencies_unthinned --unthinned-info-plist-content /Users/xinyufang/Library/Developer/Xcode/DerivedData/Buzz-faillbpsmponqzeruhhvskovixzk/Build/Intermediates.noindex/Buzz.build/Debug-iphonesimulator/Buzz.build/assetcatalog_generated_info.plist_unthinned --output /Users/xinyufang/Library/Developer/Xcode/DerivedData/Buzz-faillbpsmponqzeruhhvskovixzk/Build/Products/Debug-iphonesimulator/Buzz.app --plist-output /Users/xinyufang/Library/Developer/Xcode/DerivedData/Buzz-faillbpsmponqzeruhhvskovixzk/Build/Intermediates.noindex/Buzz.build/Debug-iphonesimulator/Buzz.build/assetcatalog_generated_info.plist
note: Emplaced /Users/xinyufang/Library/Developer/Xcode/DerivedData/Buzz-faillbpsmponqzeruhhvskovixzk/Build/Products/Debug-iphonesimulator/Buzz.app/AppIcon76x76@2x~ipad.png (in target 'Buzz' from project 'Buzz')
note: Emplaced /Users/xinyufang/Library/Developer/Xcode/DerivedData/Buzz-faillbpsmponqzeruhhvskovixzk/Build/Products/Debug-iphonesimulator/Buzz.app/AppIcon60x60@2x.png (in target 'Buzz' from project 'Buzz')
note: Emplaced /Users/xinyufang/Library/Developer/Xcode/DerivedData/Buzz-faillbpsmponqzeruhhvskovixzk/Build/Products/Debug-iphonesimulator/Buzz.app/Assets.car (in target 'Buzz' from project 'Buzz')

ProcessInfoPlistFile /Users/xinyufang/Library/Developer/Xcode/DerivedData/Buzz-faillbpsmponqzeruhhvskovixzk/Build/Products/Debug-iphonesimulator/Buzz.app/Info.plist /Users/xinyufang/Documents/Buzz/Buzz/Info.plist (in target 'Buzz' from project 'Buzz')
    cd /Users/xinyufang/Documents/Buzz
    builtin-infoPlistUtility /Users/xinyufang/Documents/Buzz/Buzz/Info.plist -producttype com.apple.product-type.application -genpkginfo /Users/xinyufang/Library/Developer/Xcode/DerivedData/Buzz-faillbpsmponqzeruhhvskovixzk/Build/Products/Debug-iphonesimulator/Buzz.app/PkgInfo -expandbuildsettings -format binary -platform iphonesimulator -additionalcontentfile /Users/xinyufang/Library/Developer/Xcode/DerivedData/Buzz-faillbpsmponqzeruhhvskovixzk/Build/Intermediates.noindex/Buzz.build/Debug-iphonesimulator/Buzz.build/assetcatalog_generated_info.plist -scanforprivacyfile /Users/xinyufang/Library/Developer/Xcode/DerivedData/Buzz-faillbpsmponqzeruhhvskovixzk/Build/Products/Debug-iphonesimulator/Buzz.app/AppAuth_AppAuth.bundle -scanforprivacyfile /Users/xinyufang/Library/Developer/Xcode/DerivedData/Buzz-faillbpsmponqzeruhhvskovixzk/Build/Products/Debug-iphonesimulator/Buzz.app/AppAuth_AppAuthCore.bundle -scanforprivacyfile /Users/xinyufang/Library/Developer/Xcode/DerivedData/Buzz-faillbpsmponqzeruhhvskovixzk/Build/Products/Debug-iphonesimulator/Buzz.app/GTMAppAuth_GTMAppAuth.bundle -scanforprivacyfile /Users/xinyufang/Library/Developer/Xcode/DerivedData/Buzz-faillbpsmponqzeruhhvskovixzk/Build/Products/Debug-iphonesimulator/Buzz.app/GTMSessionFetcher_GTMSessionFetcherCore.bundle -scanforprivacyfile /Users/xinyufang/Library/Developer/Xcode/DerivedData/Buzz-faillbpsmponqzeruhhvskovixzk/Build/Products/Debug-iphonesimulator/Buzz.app/GoogleSignIn_GoogleSignIn.bundle -scanforprivacyfile /Users/xinyufang/Library/Developer/Xcode/DerivedData/Buzz-faillbpsmponqzeruhhvskovixzk/Build/Products/Debug-iphonesimulator/Buzz.app/GoogleSignIn_GoogleSignInSwift.bundle -scanforprivacyfile /Users/xinyufang/Library/Developer/Xcode/DerivedData/Buzz-faillbpsmponqzeruhhvskovixzk/Build/Products/Debug-iphonesimulator/Buzz.app/GoogleUtilities_GoogleUtilities-Environment.bundle -scanforprivacyfile /Users/xinyufang/Library/Developer/Xcode/DerivedData/Buzz-faillbpsmponqzeruhhvskovixzk/Build/Products/Debug-iphonesimulator/Buzz.app/GoogleUtilities_GoogleUtilities-Logger.bundle -scanforprivacyfile /Users/xinyufang/Library/Developer/Xcode/DerivedData/Buzz-faillbpsmponqzeruhhvskovixzk/Build/Products/Debug-iphonesimulator/Buzz.app/GoogleUtilities_GoogleUtilities-UserDefaults.bundle -scanforprivacyfile /Users/xinyufang/Library/Developer/Xcode/DerivedData/Buzz-faillbpsmponqzeruhhvskovixzk/Build/Products/Debug-iphonesimulator/Buzz.app/Promises_FBLPromises.bundle -scanforprivacyfile /Users/xinyufang/Library/Developer/Xcode/DerivedData/Buzz-faillbpsmponqzeruhhvskovixzk/Build/Products/Debug-iphonesimulator/Buzz.app/Stripe_Stripe.bundle -scanforprivacyfile /Users/xinyufang/Library/Developer/Xcode/DerivedData/Buzz-faillbpsmponqzeruhhvskovixzk/Build/Products/Debug-iphonesimulator/Buzz.app/Stripe_Stripe3DS2.bundle -scanforprivacyfile /Users/xinyufang/Library/Developer/Xcode/DerivedData/Buzz-faillbpsmponqzeruhhvskovixzk/Build/Products/Debug-iphonesimulator/Buzz.app/Stripe_StripeCardScan.bundle -scanforprivacyfile /Users/xinyufang/Library/Developer/Xcode/DerivedData/Buzz-faillbpsmponqzeruhhvskovixzk/Build/Products/Debug-iphonesimulator/Buzz.app/Stripe_StripeConnect.bundle -scanforprivacyfile /Users/xinyufang/Library/Developer/Xcode/DerivedData/Buzz-faillbpsmponqzeruhhvskovixzk/Build/Products/Debug-iphonesimulator/Buzz.app/Stripe_StripeCore.bundle -scanforprivacyfile /Users/xinyufang/Library/Developer/Xcode/DerivedData/Buzz-faillbpsmponqzeruhhvskovixzk/Build/Products/Debug-iphonesimulator/Buzz.app/Stripe_StripeFinancialConnections.bundle -scanforprivacyfile /Users/xinyufang/Library/Developer/Xcode/DerivedData/Buzz-faillbpsmponqzeruhhvskovixzk/Build/Products/Debug-iphonesimulator/Buzz.app/Stripe_StripeIdentity.bundle -scanforprivacyfile /Users/xinyufang/Library/Developer/Xcode/DerivedData/Buzz-faillbpsmponqzeruhhvskovixzk/Build/Products/Debug-iphonesimulator/Buzz.app/Stripe_StripePaymentSheet.bundle -scanforprivacyfile /Users/xinyufang/Library/Developer/Xcode/DerivedData/Buzz-faillbpsmponqzeruhhvskovixzk/Build/Products/Debug-iphonesimulator/Buzz.app/Stripe_StripePayments.bundle -scanforprivacyfile /Users/xinyufang/Library/Developer/Xcode/DerivedData/Buzz-faillbpsmponqzeruhhvskovixzk/Build/Products/Debug-iphonesimulator/Buzz.app/Stripe_StripePaymentsUI.bundle -scanforprivacyfile /Users/xinyufang/Library/Developer/Xcode/DerivedData/Buzz-faillbpsmponqzeruhhvskovixzk/Build/Products/Debug-iphonesimulator/Buzz.app/Stripe_StripeUICore.bundle -scanforprivacyfile /Users/xinyufang/Library/Developer/Xcode/DerivedData/Buzz-faillbpsmponqzeruhhvskovixzk/Build/Products/Debug-iphonesimulator/Buzz.app/swift-crypto_Crypto.bundle -o /Users/xinyufang/Library/Developer/Xcode/DerivedData/Buzz-faillbpsmponqzeruhhvskovixzk/Build/Products/Debug-iphonesimulator/Buzz.app/Info.plist

SwiftDriverJobDiscovery normal arm64 Compiling PilotProfileView.swift, ProfileView.swift, PublicProfileView.swift, RatingsListView.swift, RealEstatePackageView.swift, RevenueDetailsView.swift, SavedPaymentsView.swift, SettingsView.swift, StripeAccountSetupView.swift, TaxDocumentView.swift, VeteranVerificationView.swift, LeaderboardView.swift, RankingBadgeView.swift, WelcomeView.swift, BuzzApp.swift, Config.swift, GeneratedAssetSymbols.swift (in target 'Buzz' from project 'Buzz')

SwiftDriverJobDiscovery normal arm64 Compiling NotificationManager.swift, NotificationPreferencesService.swift, OCRService.swift, PaymentService.swift, ProfilePictureService.swift, ProfileService.swift, RankingService.swift, RatingService.swift, ShopifyService.swift, StoreKitManager.swift, StripeConnectService.swift, SubscriptionService.swift, SupabaseClient.swift, TopGunService.swift, TransponderService.swift, WeatherService.swift, AcademyView.swift (in target 'Buzz' from project 'Buzz')

SwiftDriverJobDiscovery normal arm64 Compiling CallSignEditView.swift, ChangePasswordView.swift, CustomerProfileView.swift, DeleteAccountView.swift, DirectMessageView.swift, EmailEditView.swift, ExpressPromotionView.swift, FlightPackagesView.swift, FlightPackageView.swift, GenderEditView.swift, GovernmentIDView.swift, HelpView.swift, LoginSecurityView.swift, NameEditView.swift, NotificationsView.swift, PersonalInfoView.swift, PhoneEditView.swift (in target 'Buzz' from project 'Buzz')

SwiftDriverJobDiscovery normal arm64 Compiling TopGunView.swift, TransponderView.swift, WeatherView.swift, CustomButton.swift, EmptyStateView.swift, ErrorView.swift, FileViewer.swift, LoadingView.swift, RatingView.swift, SubscriptionStatusView.swift, DroneRegistrationView.swift, LicenseManagementView.swift, MainTabView.swift, AcademyPassManagementView.swift, BadgePreviewCard.swift, BadgesView.swift, BalanceView.swift (in target 'Buzz' from project 'Buzz')

SwiftDriverJobDiscovery normal arm64 Compiling ChartImageViewer.swift, CourseContentView.swift, CourseSubscriptionView.swift, GroundSchoolTestIntroView.swift, GroundSchoolTestView.swift, QuestionNavigatorView.swift, UnitDetailView.swift, AuthenticationView.swift, PackagePromotionView.swift, PasswordResetFlowView.swift, PremiumIntroAnimationView.swift, SignUpView.swift, BookingDetailView.swift, BookingMapView.swift, BookingSuccessAnimationView.swift, ConversationHelpers.swift, ConversationsListView.swift (in target 'Buzz' from project 'Buzz')

SwiftDriverJobDiscovery normal arm64 Compiling CreateBookingStep1IndustryView.swift, CreateBookingStep1View.swift, CreateBookingStep2DetailsView.swift, CreateBookingStep2View.swift, CreateBookingStep3PaymentView.swift, CreateBookingStep4ConfirmView.swift, CustomerActivityView.swift, CustomerBookingView.swift, LocationSearchView.swift, MessageView.swift, PilotBookingListView.swift, CockpitView.swift, FlightRadarView.swift, GamesView.swift, RacerView.swift, ShopView.swift, SOPView.swift (in target 'Buzz' from project 'Buzz')

SwiftDriver\ Compilation Buzz normal arm64 com.apple.xcode.tools.swift.compiler (in target 'Buzz' from project 'Buzz')
    cd /Users/xinyufang/Documents/Buzz
    builtin-Swift-Compilation -- /Applications/Xcode.app/Contents/Developer/Toolchains/XcodeDefault.xctoolchain/usr/bin/swiftc -module-name Buzz -Onone -enforce-exclusivity\=checked @/Users/xinyufang/Library/Developer/Xcode/DerivedData/Buzz-faillbpsmponqzeruhhvskovixzk/Build/Intermediates.noindex/Buzz.build/Debug-iphonesimulator/Buzz.build/Objects-normal/arm64/Buzz.SwiftFileList -DDEBUG -Xcc -fmodule-map-file\=/Users/xinyufang/Library/Developer/Xcode/DerivedData/Buzz-faillbpsmponqzeruhhvskovixzk/Build/Intermediates.noindex/GeneratedModuleMaps-iphonesimulator/AppAuth.modulemap -Xcc -fmodule-map-file\=/Users/xinyufang/Library/Developer/Xcode/DerivedData/Buzz-faillbpsmponqzeruhhvskovixzk/Build/Intermediates.noindex/GeneratedModuleMaps-iphonesimulator/AppAuthCore.modulemap -Xcc -fmodule-map-file\=/Users/xinyufang/Library/Developer/Xcode/DerivedData/Buzz-faillbpsmponqzeruhhvskovixzk/Build/Intermediates.noindex/GeneratedModuleMaps-iphonesimulator/GoogleUtilities-Logger.modulemap -Xcc -fmodule-map-file\=/Users/xinyufang/Library/Developer/Xcode/DerivedData/Buzz-faillbpsmponqzeruhhvskovixzk/Build/Intermediates.noindex/GeneratedModuleMaps-iphonesimulator/GoogleUtilities-Environment.modulemap -Xcc -fmodule-map-file\=/Users/xinyufang/Library/Developer/Xcode/DerivedData/Buzz-faillbpsmponqzeruhhvskovixzk/Build/Intermediates.noindex/GeneratedModuleMaps-iphonesimulator/third-party-IsAppEncrypted.modulemap -Xcc -fmodule-map-file\=/Users/xinyufang/Library/Developer/Xcode/DerivedData/Buzz-faillbpsmponqzeruhhvskovixzk/Build/Intermediates.noindex/GeneratedModuleMaps-iphonesimulator/GoogleUtilities-UserDefaults.modulemap -Xcc -fmodule-map-file\=/Users/xinyufang/Library/Developer/Xcode/DerivedData/Buzz-faillbpsmponqzeruhhvskovixzk/Build/Intermediates.noindex/GeneratedModuleMaps-iphonesimulator/AppCheckCore.modulemap -Xcc -fmodule-map-file\=/Users/xinyufang/Library/Developer/Xcode/DerivedData/Buzz-faillbpsmponqzeruhhvskovixzk/Build/Intermediates.noindex/GeneratedModuleMaps-iphonesimulator/GTMSessionFetcherCore.modulemap -Xcc -fmodule-map-file\=/Users/xinyufang/Library/Developer/Xcode/DerivedData/Buzz-faillbpsmponqzeruhhvskovixzk/Build/Intermediates.noindex/GeneratedModuleMaps-iphonesimulator/GoogleSignIn.modulemap -Xcc -fmodule-map-file\=/Users/xinyufang/Library/Developer/Xcode/DerivedData/Buzz-faillbpsmponqzeruhhvskovixzk/Build/Intermediates.noindex/GeneratedModuleMaps-iphonesimulator/Stripe3DS2.modulemap -default-isolation\=MainActor -enable-bare-slash-regex -enable-upcoming-feature DisableOutwardActorInference -enable-upcoming-feature InferSendableFromCaptures -enable-upcoming-feature GlobalActorIsolatedTypesUsability -enable-upcoming-feature MemberImportVisibility -enable-upcoming-feature InferIsolatedConformances -enable-upcoming-feature NonisolatedNonsendingByDefault -enable-experimental-feature DebugDescriptionMacro -sdk /Applications/Xcode.app/Contents/Developer/Platforms/iPhoneSimulator.platform/Developer/SDKs/iPhoneSimulator26.0.sdk -target arm64-apple-ios26.0-simulator -g -module-cache-path /Users/xinyufang/Library/Developer/Xcode/DerivedData/ModuleCache.noindex -Xfrontend -serialize-debugging-options -enable-testing -index-store-path /Users/xinyufang/Library/Developer/Xcode/DerivedData/Buzz-faillbpsmponqzeruhhvskovixzk/Index.noindex/DataStore -Xcc -D_LIBCPP_HARDENING_MODE\=_LIBCPP_HARDENING_MODE_DEBUG -swift-version 5 -I /Users/xinyufang/Library/Developer/Xcode/DerivedData/Buzz-faillbpsmponqzeruhhvskovixzk/Build/Products/Debug-iphonesimulator -F /Users/xinyufang/Library/Developer/Xcode/DerivedData/Buzz-faillbpsmponqzeruhhvskovixzk/Build/Products/Debug-iphonesimulator/PackageFrameworks -F /Users/xinyufang/Library/Developer/Xcode/DerivedData/Buzz-faillbpsmponqzeruhhvskovixzk/Build/Products/Debug-iphonesimulator/PackageFrameworks -F /Users/xinyufang/Library/Developer/Xcode/DerivedData/Buzz-faillbpsmponqzeruhhvskovixzk/Build/Products/Debug-iphonesimulator/PackageFrameworks -F /Users/xinyufang/Library/Developer/Xcode/DerivedData/Buzz-faillbpsmponqzeruhhvskovixzk/Build/Products/Debug-iphonesimulator/PackageFrameworks -F /Users/xinyufang/Library/Developer/Xcode/DerivedData/Buzz-faillbpsmponqzeruhhvskovixzk/Build/Products/Debug-iphonesimulator/PackageFrameworks -F /Users/xinyufang/Library/Developer/Xcode/DerivedData/Buzz-faillbpsmponqzeruhhvskovixzk/Build/Products/Debug-iphonesimulator/PackageFrameworks -F /Users/xinyufang/Library/Developer/Xcode/DerivedData/Buzz-faillbpsmponqzeruhhvskovixzk/Build/Products/Debug-iphonesimulator/PackageFrameworks -F /Users/xinyufang/Library/Developer/Xcode/DerivedData/Buzz-faillbpsmponqzeruhhvskovixzk/Build/Products/Debug-iphonesimulator/PackageFrameworks -F /Users/xinyufang/Library/Developer/Xcode/DerivedData/Buzz-faillbpsmponqzeruhhvskovixzk/Build/Products/Debug-iphonesimulator/PackageFrameworks -F /Users/xinyufang/Library/Developer/Xcode/DerivedData/Buzz-faillbpsmponqzeruhhvskovixzk/Build/Products/Debug-iphonesimulator/PackageFrameworks -F /Users/xinyufang/Library/Developer/Xcode/DerivedData/Buzz-faillbpsmponqzeruhhvskovixzk/Build/Products/Debug-iphonesimulator/PackageFrameworks -F /Users/xinyufang/Library/Developer/Xcode/DerivedData/Buzz-faillbpsmponqzeruhhvskovixzk/Build/Products/Debug-iphonesimulator/PackageFrameworks -F /Users/xinyufang/Library/Developer/Xcode/DerivedData/Buzz-faillbpsmponqzeruhhvskovixzk/Build/Products/Debug-iphonesimulator/PackageFrameworks -F /Users/xinyufang/Library/Developer/Xcode/DerivedData/Buzz-faillbpsmponqzeruhhvskovixzk/Build/Products/Debug-iphonesimulator/PackageFrameworks -F /Users/xinyufang/Library/Developer/Xcode/DerivedData/Buzz-faillbpsmponqzeruhhvskovixzk/Build/Products/Debug-iphonesimulator/PackageFrameworks -F /Users/xinyufang/Library/Developer/Xcode/DerivedData/Buzz-faillbpsmponqzeruhhvskovixzk/Build/Products/Debug-iphonesimulator/PackageFrameworks -F /Users/xinyufang/Library/Developer/Xcode/DerivedData/Buzz-faillbpsmponqzeruhhvskovixzk/Build/Products/Debug-iphonesimulator/PackageFrameworks -F /Users/xinyufang/Library/Developer/Xcode/DerivedData/Buzz-faillbpsmponqzeruhhvskovixzk/Build/Products/Debug-iphonesimulator/PackageFrameworks -F /Users/xinyufang/Library/Developer/Xcode/DerivedData/Buzz-faillbpsmponqzeruhhvskovixzk/Build/Products/Debug-iphonesimulator/PackageFrameworks -F /Users/xinyufang/Library/Developer/Xcode/DerivedData/Buzz-faillbpsmponqzeruhhvskovixzk/Build/Products/Debug-iphonesimulator/PackageFrameworks -F /Users/xinyufang/Library/Developer/Xcode/DerivedData/Buzz-faillbpsmponqzeruhhvskovixzk/Build/Products/Debug-iphonesimulator/PackageFrameworks -F /Users/xinyufang/Library/Developer/Xcode/DerivedData/Buzz-faillbpsmponqzeruhhvskovixzk/Build/Products/Debug-iphonesimulator/PackageFrameworks -F /Users/xinyufang/Library/Developer/Xcode/DerivedData/Buzz-faillbpsmponqzeruhhvskovixzk/Build/Products/Debug-iphonesimulator/PackageFrameworks -F /Users/xinyufang/Library/Developer/Xcode/DerivedData/Buzz-faillbpsmponqzeruhhvskovixzk/Build/Products/Debug-iphonesimulator/PackageFrameworks -F /Users/xinyufang/Library/Developer/Xcode/DerivedData/Buzz-faillbpsmponqzeruhhvskovixzk/Build/Products/Debug-iphonesimulator/PackageFrameworks -F /Users/xinyufang/Library/Developer/Xcode/DerivedData/Buzz-faillbpsmponqzeruhhvskovixzk/Build/Products/Debug-iphonesimulator/PackageFrameworks -F /Users/xinyufang/Library/Developer/Xcode/DerivedData/Buzz-faillbpsmponqzeruhhvskovixzk/Build/Products/Debug-iphonesimulator/PackageFrameworks -F /Users/xinyufang/Library/Developer/Xcode/DerivedData/Buzz-faillbpsmponqzeruhhvskovixzk/Build/Products/Debug-iphonesimulator/PackageFrameworks -F /Users/xinyufang/Library/Developer/Xcode/DerivedData/Buzz-faillbpsmponqzeruhhvskovixzk/Build/Products/Debug-iphonesimulator/PackageFrameworks -F /Users/xinyufang/Library/Developer/Xcode/DerivedData/Buzz-faillbpsmponqzeruhhvskovixzk/Build/Products/Debug-iphonesimulator/PackageFrameworks -F /Users/xinyufang/Library/Developer/Xcode/DerivedData/Buzz-faillbpsmponqzeruhhvskovixzk/Build/Products/Debug-iphonesimulator/PackageFrameworks -F /Users/xinyufang/Library/Developer/Xcode/DerivedData/Buzz-faillbpsmponqzeruhhvskovixzk/Build/Products/Debug-iphonesimulator/PackageFrameworks -F /Users/xinyufang/Library/Developer/Xcode/DerivedData/Buzz-faillbpsmponqzeruhhvskovixzk/Build/Products/Debug-iphonesimulator/PackageFrameworks -F /Users/xinyufang/Library/Developer/Xcode/DerivedData/Buzz-faillbpsmponqzeruhhvskovixzk/Build/Products/Debug-iphonesimulator/PackageFrameworks -F /Users/xinyufang/Library/Developer/Xcode/DerivedData/Buzz-faillbpsmponqzeruhhvskovixzk/Build/Products/Debug-iphonesimulator/PackageFrameworks -F /Users/xinyufang/Library/Developer/Xcode/DerivedData/Buzz-faillbpsmponqzeruhhvskovixzk/Build/Products/Debug-iphonesimulator/PackageFrameworks -F /Users/xinyufang/Library/Developer/Xcode/DerivedData/Buzz-faillbpsmponqzeruhhvskovixzk/Build/Products/Debug-iphonesimulator/PackageFrameworks -F /Users/xinyufang/Library/Developer/Xcode/DerivedData/Buzz-faillbpsmponqzeruhhvskovixzk/Build/Products/Debug-iphonesimulator/PackageFrameworks -F /Users/xinyufang/Library/Developer/Xcode/DerivedData/Buzz-faillbpsmponqzeruhhvskovixzk/Build/Products/Debug-iphonesimulator/PackageFrameworks -F /Users/xinyufang/Library/Developer/Xcode/DerivedData/Buzz-faillbpsmponqzeruhhvskovixzk/Build/Products/Debug-iphonesimulator -emit-localized-strings -emit-localized-strings-path /Users/xinyufang/Library/Developer/Xcode/DerivedData/Buzz-faillbpsmponqzeruhhvskovixzk/Build/Intermediates.noindex/Buzz.build/Debug-iphonesimulator/Buzz.build/Objects-normal/arm64 -c -j8 -enable-batch-mode -incremental -Xcc -ivfsstatcache -Xcc /Users/xinyufang/Library/Developer/Xcode/DerivedData/SDKStatCaches.noindex/iphonesimulator26.0-23A339-26257891a6c027eb51374368541b8346.sdkstatcache -output-file-map /Users/xinyufang/Library/Developer/Xcode/DerivedData/Buzz-faillbpsmponqzeruhhvskovixzk/Build/Intermediates.noindex/Buzz.build/Debug-iphonesimulator/Buzz.build/Objects-normal/arm64/Buzz-OutputFileMap.json -use-frontend-parseable-output -save-temps -no-color-diagnostics -explicit-module-build -module-cache-path /Users/xinyufang/Library/Developer/Xcode/DerivedData/Buzz-faillbpsmponqzeruhhvskovixzk/Build/Intermediates.noindex/SwiftExplicitPrecompiledModules -clang-scanner-module-cache-path /Users/xinyufang/Library/Developer/Xcode/DerivedData/ModuleCache.noindex -sdk-module-cache-path /Users/xinyufang/Library/Developer/Xcode/DerivedData/ModuleCache.noindex -serialize-diagnostics -emit-dependencies -emit-module -emit-module-path /Users/xinyufang/Library/Developer/Xcode/DerivedData/Buzz-faillbpsmponqzeruhhvskovixzk/Build/Intermediates.noindex/Buzz.build/Debug-iphonesimulator/Buzz.build/Objects-normal/arm64/Buzz.swiftmodule -validate-clang-modules-once -clang-build-session-file /Users/xinyufang/Library/Developer/Xcode/DerivedData/ModuleCache.noindex/Session.modulevalidation -Xcc -I/Users/xinyufang/Library/Developer/Xcode/DerivedData/Buzz-faillbpsmponqzeruhhvskovixzk/Build/Intermediates.noindex/Buzz.build/Debug-iphonesimulator/Buzz.build/swift-overrides.hmap -emit-const-values -Xfrontend -const-gather-protocols-file -Xfrontend /Users/xinyufang/Library/Developer/Xcode/DerivedData/Buzz-faillbpsmponqzeruhhvskovixzk/Build/Intermediates.noindex/Buzz.build/Debug-iphonesimulator/Buzz.build/Objects-normal/arm64/Buzz_const_extract_protocols.json -Xcc -iquote -Xcc /Users/xinyufang/Library/Developer/Xcode/DerivedData/Buzz-faillbpsmponqzeruhhvskovixzk/Build/Intermediates.noindex/Buzz.build/Debug-iphonesimulator/Buzz.build/Buzz-generated-files.hmap -Xcc -I/Users/xinyufang/Library/Developer/Xcode/DerivedData/Buzz-faillbpsmponqzeruhhvskovixzk/Build/Intermediates.noindex/Buzz.build/Debug-iphonesimulator/Buzz.build/Buzz-own-target-headers.hmap -Xcc -I/Users/xinyufang/Library/Developer/Xcode/DerivedData/Buzz-faillbpsmponqzeruhhvskovixzk/Build/Intermediates.noindex/Buzz.build/Debug-iphonesimulator/Buzz.build/Buzz-all-non-framework-target-headers.hmap -Xcc -ivfsoverlay -Xcc /Users/xinyufang/Library/Developer/Xcode/DerivedData/Buzz-faillbpsmponqzeruhhvskovixzk/Build/Intermediates.noindex/Buzz.build/Debug-iphonesimulator/Buzz-f0f0de0f2b92c66dbd5712a40458aba1-VFS-iphonesimulator/all-product-headers.yaml -Xcc -iquote -Xcc /Users/xinyufang/Library/Developer/Xcode/DerivedData/Buzz-faillbpsmponqzeruhhvskovixzk/Build/Intermediates.noindex/Buzz.build/Debug-iphonesimulator/Buzz.build/Buzz-project-headers.hmap -Xcc -I/Users/xinyufang/Library/Developer/Xcode/DerivedData/Buzz-faillbpsmponqzeruhhvskovixzk/SourcePackages/checkouts/AppAuth-iOS/Sources/AppAuth -Xcc -I/Users/xinyufang/Library/Developer/Xcode/DerivedData/Buzz-faillbpsmponqzeruhhvskovixzk/SourcePackages/checkouts/AppAuth-iOS/Sources/AppAuthCore -Xcc -I/Users/xinyufang/Library/Developer/Xcode/DerivedData/Buzz-faillbpsmponqzeruhhvskovixzk/SourcePackages/checkouts/promises/Sources/FBLPromises/include -Xcc -I/Users/xinyufang/Library/Developer/Xcode/DerivedData/Buzz-faillbpsmponqzeruhhvskovixzk/SourcePackages/checkouts/GoogleUtilities/GoogleUtilities/Logger/Public -Xcc -I/Users/xinyufang/Library/Developer/Xcode/DerivedData/Buzz-faillbpsmponqzeruhhvskovixzk/SourcePackages/checkouts/GoogleUtilities/GoogleUtilities/Environment/Public -Xcc -I/Users/xinyufang/Library/Developer/Xcode/DerivedData/Buzz-faillbpsmponqzeruhhvskovixzk/SourcePackages/checkouts/GoogleUtilities/third_party/IsAppEncrypted/Public -Xcc -I/Users/xinyufang/Library/Developer/Xcode/DerivedData/Buzz-faillbpsmponqzeruhhvskovixzk/SourcePackages/checkouts/GoogleUtilities/GoogleUtilities/UserDefaults/Public -Xcc -I/Users/xinyufang/Library/Developer/Xcode/DerivedData/Buzz-faillbpsmponqzeruhhvskovixzk/SourcePackages/checkouts/app-check/AppCheckCore/Sources/Public -Xcc -I/Users/xinyufang/Library/Developer/Xcode/DerivedData/Buzz-faillbpsmponqzeruhhvskovixzk/SourcePackages/checkouts/gtm-session-fetcher/Sources/Core/Public -Xcc -I/Users/xinyufang/Library/Developer/Xcode/DerivedData/Buzz-faillbpsmponqzeruhhvskovixzk/SourcePackages/checkouts/GoogleSignIn-iOS/GoogleSignIn/Sources/Public -Xcc -I/Users/xinyufang/Library/Developer/Xcode/DerivedData/Buzz-faillbpsmponqzeruhhvskovixzk/SourcePackages/checkouts/stripe-ios-spm/Stripe3DS2/Stripe3DS2/include -Xcc -I/Users/xinyufang/Library/Developer/Xcode/DerivedData/Buzz-faillbpsmponqzeruhhvskovixzk/Build/Products/Debug-iphonesimulator/include -Xcc -I/Users/xinyufang/Library/Developer/Xcode/DerivedData/Buzz-faillbpsmponqzeruhhvskovixzk/Build/Intermediates.noindex/Buzz.build/Debug-iphonesimulator/Buzz.build/DerivedSources-normal/arm64 -Xcc -I/Users/xinyufang/Library/Developer/Xcode/DerivedData/Buzz-faillbpsmponqzeruhhvskovixzk/Build/Intermediates.noindex/Buzz.build/Debug-iphonesimulator/Buzz.build/DerivedSources/arm64 -Xcc -I/Users/xinyufang/Library/Developer/Xcode/DerivedData/Buzz-faillbpsmponqzeruhhvskovixzk/Build/Intermediates.noindex/Buzz.build/Debug-iphonesimulator/Buzz.build/DerivedSources -Xcc -DDEBUG\=1 -emit-objc-header -emit-objc-header-path /Users/xinyufang/Library/Developer/Xcode/DerivedData/Buzz-faillbpsmponqzeruhhvskovixzk/Build/Intermediates.noindex/Buzz.build/Debug-iphonesimulator/Buzz.build/Objects-normal/arm64/Buzz-Swift.h -working-directory /Users/xinyufang/Documents/Buzz -experimental-emit-module-separately -disable-cmo

Ld /Users/xinyufang/Library/Developer/Xcode/DerivedData/Buzz-faillbpsmponqzeruhhvskovixzk/Build/Products/Debug-iphonesimulator/Buzz.app/Buzz.debug.dylib normal (in target 'Buzz' from project 'Buzz')
    cd /Users/xinyufang/Documents/Buzz
    /Applications/Xcode.app/Contents/Developer/Toolchains/XcodeDefault.xctoolchain/usr/bin/clang -Xlinker -reproducible -target arm64-apple-ios26.0-simulator -dynamiclib -isysroot /Applications/Xcode.app/Contents/Developer/Platforms/iPhoneSimulator.platform/Developer/SDKs/iPhoneSimulator26.0.sdk -O0 -L/Users/xinyufang/Library/Developer/Xcode/DerivedData/Buzz-faillbpsmponqzeruhhvskovixzk/Build/Intermediates.noindex/EagerLinkingTBDs/Debug-iphonesimulator -L/Users/xinyufang/Library/Developer/Xcode/DerivedData/Buzz-faillbpsmponqzeruhhvskovixzk/Build/Products/Debug-iphonesimulator -F/Users/xinyufang/Library/Developer/Xcode/DerivedData/Buzz-faillbpsmponqzeruhhvskovixzk/Build/Intermediates.noindex/EagerLinkingTBDs/Debug-iphonesimulator -F/Users/xinyufang/Library/Developer/Xcode/DerivedData/Buzz-faillbpsmponqzeruhhvskovixzk/Build/Products/Debug-iphonesimulator/PackageFrameworks -F/Users/xinyufang/Library/Developer/Xcode/DerivedData/Buzz-faillbpsmponqzeruhhvskovixzk/Build/Products/Debug-iphonesimulator/PackageFrameworks -F/Users/xinyufang/Library/Developer/Xcode/DerivedData/Buzz-faillbpsmponqzeruhhvskovixzk/Build/Products/Debug-iphonesimulator/PackageFrameworks -F/Users/xinyufang/Library/Developer/Xcode/DerivedData/Buzz-faillbpsmponqzeruhhvskovixzk/Build/Products/Debug-iphonesimulator/PackageFrameworks -F/Users/xinyufang/Library/Developer/Xcode/DerivedData/Buzz-faillbpsmponqzeruhhvskovixzk/Build/Products/Debug-iphonesimulator/PackageFrameworks -F/Users/xinyufang/Library/Developer/Xcode/DerivedData/Buzz-faillbpsmponqzeruhhvskovixzk/Build/Products/Debug-iphonesimulator/PackageFrameworks -F/Users/xinyufang/Library/Developer/Xcode/DerivedData/Buzz-faillbpsmponqzeruhhvskovixzk/Build/Products/Debug-iphonesimulator/PackageFrameworks -F/Users/xinyufang/Library/Developer/Xcode/DerivedData/Buzz-faillbpsmponqzeruhhvskovixzk/Build/Products/Debug-iphonesimulator/PackageFrameworks -F/Users/xinyufang/Library/Developer/Xcode/DerivedData/Buzz-faillbpsmponqzeruhhvskovixzk/Build/Products/Debug-iphonesimulator/PackageFrameworks -F/Users/xinyufang/Library/Developer/Xcode/DerivedData/Buzz-faillbpsmponqzeruhhvskovixzk/Build/Products/Debug-iphonesimulator/PackageFrameworks -F/Users/xinyufang/Library/Developer/Xcode/DerivedData/Buzz-faillbpsmponqzeruhhvskovixzk/Build/Products/Debug-iphonesimulator/PackageFrameworks -F/Users/xinyufang/Library/Developer/Xcode/DerivedData/Buzz-faillbpsmponqzeruhhvskovixzk/Build/Products/Debug-iphonesimulator/PackageFrameworks -F/Users/xinyufang/Library/Developer/Xcode/DerivedData/Buzz-faillbpsmponqzeruhhvskovixzk/Build/Products/Debug-iphonesimulator/PackageFrameworks -F/Users/xinyufang/Library/Developer/Xcode/DerivedData/Buzz-faillbpsmponqzeruhhvskovixzk/Build/Products/Debug-iphonesimulator/PackageFrameworks -F/Users/xinyufang/Library/Developer/Xcode/DerivedData/Buzz-faillbpsmponqzeruhhvskovixzk/Build/Products/Debug-iphonesimulator/PackageFrameworks -F/Users/xinyufang/Library/Developer/Xcode/DerivedData/Buzz-faillbpsmponqzeruhhvskovixzk/Build/Products/Debug-iphonesimulator/PackageFrameworks -F/Users/xinyufang/Library/Developer/Xcode/DerivedData/Buzz-faillbpsmponqzeruhhvskovixzk/Build/Products/Debug-iphonesimulator/PackageFrameworks -F/Users/xinyufang/Library/Developer/Xcode/DerivedData/Buzz-faillbpsmponqzeruhhvskovixzk/Build/Products/Debug-iphonesimulator/PackageFrameworks -F/Users/xinyufang/Library/Developer/Xcode/DerivedData/Buzz-faillbpsmponqzeruhhvskovixzk/Build/Products/Debug-iphonesimulator/PackageFrameworks -F/Users/xinyufang/Library/Developer/Xcode/DerivedData/Buzz-faillbpsmponqzeruhhvskovixzk/Build/Products/Debug-iphonesimulator/PackageFrameworks -F/Users/xinyufang/Library/Developer/Xcode/DerivedData/Buzz-faillbpsmponqzeruhhvskovixzk/Build/Products/Debug-iphonesimulator/PackageFrameworks -F/Users/xinyufang/Library/Developer/Xcode/DerivedData/Buzz-faillbpsmponqzeruhhvskovixzk/Build/Products/Debug-iphonesimulator/PackageFrameworks -F/Users/xinyufang/Library/Developer/Xcode/DerivedData/Buzz-faillbpsmponqzeruhhvskovixzk/Build/Products/Debug-iphonesimulator/PackageFrameworks -F/Users/xinyufang/Library/Developer/Xcode/DerivedData/Buzz-faillbpsmponqzeruhhvskovixzk/Build/Products/Debug-iphonesimulator/PackageFrameworks -F/Users/xinyufang/Library/Developer/Xcode/DerivedData/Buzz-faillbpsmponqzeruhhvskovixzk/Build/Products/Debug-iphonesimulator/PackageFrameworks -F/Users/xinyufang/Library/Developer/Xcode/DerivedData/Buzz-faillbpsmponqzeruhhvskovixzk/Build/Products/Debug-iphonesimulator/PackageFrameworks -F/Users/xinyufang/Library/Developer/Xcode/DerivedData/Buzz-faillbpsmponqzeruhhvskovixzk/Build/Products/Debug-iphonesimulator/PackageFrameworks -F/Users/xinyufang/Library/Developer/Xcode/DerivedData/Buzz-faillbpsmponqzeruhhvskovixzk/Build/Products/Debug-iphonesimulator/PackageFrameworks -F/Users/xinyufang/Library/Developer/Xcode/DerivedData/Buzz-faillbpsmponqzeruhhvskovixzk/Build/Products/Debug-iphonesimulator/PackageFrameworks -F/Users/xinyufang/Library/Developer/Xcode/DerivedData/Buzz-faillbpsmponqzeruhhvskovixzk/Build/Products/Debug-iphonesimulator/PackageFrameworks -F/Users/xinyufang/Library/Developer/Xcode/DerivedData/Buzz-faillbpsmponqzeruhhvskovixzk/Build/Products/Debug-iphonesimulator/PackageFrameworks -F/Users/xinyufang/Library/Developer/Xcode/DerivedData/Buzz-faillbpsmponqzeruhhvskovixzk/Build/Products/Debug-iphonesimulator/PackageFrameworks -F/Users/xinyufang/Library/Developer/Xcode/DerivedData/Buzz-faillbpsmponqzeruhhvskovixzk/Build/Products/Debug-iphonesimulator/PackageFrameworks -F/Users/xinyufang/Library/Developer/Xcode/DerivedData/Buzz-faillbpsmponqzeruhhvskovixzk/Build/Products/Debug-iphonesimulator/PackageFrameworks -F/Users/xinyufang/Library/Developer/Xcode/DerivedData/Buzz-faillbpsmponqzeruhhvskovixzk/Build/Products/Debug-iphonesimulator/PackageFrameworks -F/Users/xinyufang/Library/Developer/Xcode/DerivedData/Buzz-faillbpsmponqzeruhhvskovixzk/Build/Products/Debug-iphonesimulator/PackageFrameworks -F/Users/xinyufang/Library/Developer/Xcode/DerivedData/Buzz-faillbpsmponqzeruhhvskovixzk/Build/Products/Debug-iphonesimulator/PackageFrameworks -F/Users/xinyufang/Library/Developer/Xcode/DerivedData/Buzz-faillbpsmponqzeruhhvskovixzk/Build/Products/Debug-iphonesimulator/PackageFrameworks -F/Users/xinyufang/Library/Developer/Xcode/DerivedData/Buzz-faillbpsmponqzeruhhvskovixzk/Build/Products/Debug-iphonesimulator/PackageFrameworks -F/Users/xinyufang/Library/Developer/Xcode/DerivedData/Buzz-faillbpsmponqzeruhhvskovixzk/Build/Products/Debug-iphonesimulator -filelist /Users/xinyufang/Library/Developer/Xcode/DerivedData/Buzz-faillbpsmponqzeruhhvskovixzk/Build/Intermediates.noindex/Buzz.build/Debug-iphonesimulator/Buzz.build/Objects-normal/arm64/Buzz.LinkFileList -install_name @rpath/Buzz.debug.dylib -Xlinker -rpath -Xlinker /Users/xinyufang/Library/Developer/Xcode/DerivedData/Buzz-faillbpsmponqzeruhhvskovixzk/Build/Products/Debug-iphonesimulator/PackageFrameworks -Xlinker -rpath -Xlinker @executable_path/Frameworks -dead_strip -Xlinker -object_path_lto -Xlinker /Users/xinyufang/Library/Developer/Xcode/DerivedData/Buzz-faillbpsmponqzeruhhvskovixzk/Build/Intermediates.noindex/Buzz.build/Debug-iphonesimulator/Buzz.build/Objects-normal/arm64/Buzz_lto.o -rdynamic -Xlinker -no_deduplicate -Xlinker -objc_abi_version -Xlinker 2 -Xlinker -dependency_info -Xlinker /Users/xinyufang/Library/Developer/Xcode/DerivedData/Buzz-faillbpsmponqzeruhhvskovixzk/Build/Intermediates.noindex/Buzz.build/Debug-iphonesimulator/Buzz.build/Objects-normal/arm64/Buzz_dependency_info.dat -fobjc-link-runtime -L/Applications/Xcode.app/Contents/Developer/Toolchains/XcodeDefault.xctoolchain/usr/lib/swift/iphonesimulator -L/usr/lib/swift -Xlinker -add_ast_path -Xlinker /Users/xinyufang/Library/Developer/Xcode/DerivedData/Buzz-faillbpsmponqzeruhhvskovixzk/Build/Intermediates.noindex/Buzz.build/Debug-iphonesimulator/Buzz.build/Objects-normal/arm64/Buzz.swiftmodule @/Users/xinyufang/Library/Developer/Xcode/DerivedData/Buzz-faillbpsmponqzeruhhvskovixzk/Build/Intermediates.noindex/Buzz.build/Debug-iphonesimulator/Buzz.build/Objects-normal/arm64/Buzz-linker-args.resp -Wl,-no_warn_duplicate_libraries -Wl,-no_warn_duplicate_libraries -Wl,-no_warn_duplicate_libraries -Wl,-no_warn_duplicate_libraries -Wl,-no_warn_duplicate_libraries -Wl,-no_warn_duplicate_libraries -Wl,-no_warn_duplicate_libraries -Wl,-no_warn_duplicate_libraries -Wl,-no_warn_duplicate_libraries -Wl,-no_warn_duplicate_libraries -Wl,-no_warn_duplicate_libraries -Wl,-no_warn_duplicate_libraries -Wl,-no_warn_duplicate_libraries -Wl,-no_warn_duplicate_libraries -Wl,-no_warn_duplicate_libraries -Wl,-no_warn_duplicate_libraries -Wl,-no_warn_duplicate_libraries -Wl,-no_warn_duplicate_libraries -Wl,-no_warn_duplicate_libraries -Wl,-no_warn_duplicate_libraries -Wl,-no_warn_duplicate_libraries -Wl,-no_warn_duplicate_libraries -Wl,-no_warn_duplicate_libraries -Wl,-no_warn_duplicate_libraries -Wl,-no_warn_duplicate_libraries -Wl,-no_warn_duplicate_libraries -Wl,-no_warn_duplicate_libraries -Wl,-no_warn_duplicate_libraries -Wl,-no_warn_duplicate_libraries -Wl,-no_warn_duplicate_libraries -Wl,-no_warn_duplicate_libraries -Wl,-no_warn_duplicate_libraries -Wl,-no_warn_duplicate_libraries -Wl,-no_warn_duplicate_libraries -Wl,-no_warn_duplicate_libraries -Wl,-no_warn_duplicate_libraries -Wl,-no_warn_duplicate_libraries -Wl,-no_warn_duplicate_libraries -Wl,-no_warn_duplicate_libraries -framework CoreGraphics -framework CoreText -framework Foundation -framework LocalAuthentication -framework Security -framework UIKit -framework Security -framework DeviceCheck -Xlinker -alias -Xlinker _main -Xlinker ___debug_main_executable_dylib_entry_point -framework StoreKit -Xlinker -no_adhoc_codesign -o /Users/xinyufang/Library/Developer/Xcode/DerivedData/Buzz-faillbpsmponqzeruhhvskovixzk/Build/Products/Debug-iphonesimulator/Buzz.app/Buzz.debug.dylib -Xlinker -add_ast_path -Xlinker /Users/xinyufang/Library/Developer/Xcode/DerivedData/Buzz-faillbpsmponqzeruhhvskovixzk/Build/Intermediates.noindex/Supabase.build/Debug-iphonesimulator/PostgREST.build/Objects-normal/arm64/PostgREST.swiftmodule @/Users/xinyufang/Library/Developer/Xcode/DerivedData/Buzz-faillbpsmponqzeruhhvskovixzk/Build/Intermediates.noindex/Supabase.build/Debug-iphonesimulator/PostgREST.build/Objects-normal/arm64/PostgREST-linker-args.resp -Xlinker -add_ast_path -Xlinker /Users/xinyufang/Library/Developer/Xcode/DerivedData/Buzz-faillbpsmponqzeruhhvskovixzk/Build/Intermediates.noindex/swift-concurrency-extras.build/Debug-iphonesimulator/ConcurrencyExtras.build/Objects-normal/arm64/ConcurrencyExtras.swiftmodule @/Users/xinyufang/Library/Developer/Xcode/DerivedData/Buzz-faillbpsmponqzeruhhvskovixzk/Build/Intermediates.noindex/swift-concurrency-extras.build/Debug-iphonesimulator/ConcurrencyExtras.build/Objects-normal/arm64/ConcurrencyExtras-linker-args.resp -Xlinker -add_ast_path -Xlinker /Users/xinyufang/Library/Developer/Xcode/DerivedData/Buzz-faillbpsmponqzeruhhvskovixzk/Build/Intermediates.noindex/swift-http-types.build/Debug-iphonesimulator/HTTPTypes.build/Objects-normal/arm64/HTTPTypes.swiftmodule @/Users/xinyufang/Library/Developer/Xcode/DerivedData/Buzz-faillbpsmponqzeruhhvskovixzk/Build/Intermediates.noindex/swift-http-types.build/Debug-iphonesimulator/HTTPTypes.build/Objects-normal/arm64/HTTPTypes-linker-args.resp -Xlinker -add_ast_path -Xlinker /Users/xinyufang/Library/Developer/Xcode/DerivedData/Buzz-faillbpsmponqzeruhhvskovixzk/Build/Intermediates.noindex/swift-clocks.build/Debug-iphonesimulator/Clocks.build/Objects-normal/arm64/Clocks.swiftmodule @/Users/xinyufang/Library/Developer/Xcode/DerivedData/Buzz-faillbpsmponqzeruhhvskovixzk/Build/Intermediates.noindex/swift-clocks.build/Debug-iphonesimulator/Clocks.build/Objects-normal/arm64/Clocks-linker-args.resp -Xlinker -add_ast_path -Xlinker /Users/xinyufang/Library/Developer/Xcode/DerivedData/Buzz-faillbpsmponqzeruhhvskovixzk/Build/Intermediates.noindex/xctest-dynamic-overlay.build/Debug-iphonesimulator/IssueReporting.build/Objects-normal/arm64/IssueReporting.swiftmodule @/Users/xinyufang/Library/Developer/Xcode/DerivedData/Buzz-faillbpsmponqzeruhhvskovixzk/Build/Intermediates.noindex/xctest-dynamic-overlay.build/Debug-iphonesimulator/IssueReporting.build/Objects-normal/arm64/IssueReporting-linker-args.resp -Xlinker -add_ast_path -Xlinker /Users/xinyufang/Library/Developer/Xcode/DerivedData/Buzz-faillbpsmponqzeruhhvskovixzk/Build/Intermediates.noindex/xctest-dynamic-overlay.build/Debug-iphonesimulator/IssueReportingPackageSupport.build/Objects-normal/arm64/IssueReportingPackageSupport.swiftmodule @/Users/xinyufang/Library/Developer/Xcode/DerivedData/Buzz-faillbpsmponqzeruhhvskovixzk/Build/Intermediates.noindex/xctest-dynamic-overlay.build/Debug-iphonesimulator/IssueReportingPackageSupport.build/Objects-normal/arm64/IssueReportingPackageSupport-linker-args.resp -Xlinker -add_ast_path -Xlinker /Users/xinyufang/Library/Developer/Xcode/DerivedData/Buzz-faillbpsmponqzeruhhvskovixzk/Build/Intermediates.noindex/xctest-dynamic-overlay.build/Debug-iphonesimulator/XCTestDynamicOverlay.build/Objects-normal/arm64/XCTestDynamicOverlay.swiftmodule @/Users/xinyufang/Library/Developer/Xcode/DerivedData/Buzz-faillbpsmponqzeruhhvskovixzk/Build/Intermediates.noindex/xctest-dynamic-overlay.build/Debug-iphonesimulator/XCTestDynamicOverlay.build/Objects-normal/arm64/XCTestDynamicOverlay-linker-args.resp -Xlinker -add_ast_path -Xlinker /Users/xinyufang/Library/Developer/Xcode/DerivedData/Buzz-faillbpsmponqzeruhhvskovixzk/Build/Intermediates.noindex/Supabase.build/Debug-iphonesimulator/Helpers.build/Objects-normal/arm64/Helpers.swiftmodule @/Users/xinyufang/Library/Developer/Xcode/DerivedData/Buzz-faillbpsmponqzeruhhvskovixzk/Build/Intermediates.noindex/Supabase.build/Debug-iphonesimulator/Helpers.build/Objects-normal/arm64/Helpers-linker-args.resp -Xlinker -add_ast_path -Xlinker /Users/xinyufang/Library/Developer/Xcode/DerivedData/Buzz-faillbpsmponqzeruhhvskovixzk/Build/Intermediates.noindex/Supabase.build/Debug-iphonesimulator/Functions.build/Objects-normal/arm64/Functions.swiftmodule @/Users/xinyufang/Library/Developer/Xcode/DerivedData/Buzz-faillbpsmponqzeruhhvskovixzk/Build/Intermediates.noindex/Supabase.build/Debug-iphonesimulator/Functions.build/Objects-normal/arm64/Functions-linker-args.resp -Xlinker -add_ast_path -Xlinker /Users/xinyufang/Library/Developer/Xcode/DerivedData/Buzz-faillbpsmponqzeruhhvskovixzk/Build/Intermediates.noindex/Stripe.build/Debug-iphonesimulator/StripeFinancialConnections.build/Objects-normal/arm64/StripeFinancialConnections.swiftmodule @/Users/xinyufang/Library/Developer/Xcode/DerivedData/Buzz-faillbpsmponqzeruhhvskovixzk/Build/Intermediates.noindex/Stripe.build/Debug-iphonesimulator/StripeFinancialConnections.build/Objects-normal/arm64/StripeFinancialConnections-linker-args.resp -Xlinker -add_ast_path -Xlinker /Users/xinyufang/Library/Developer/Xcode/DerivedData/Buzz-faillbpsmponqzeruhhvskovixzk/Build/Intermediates.noindex/Stripe.build/Debug-iphonesimulator/StripeCore.build/Objects-normal/arm64/StripeCore.swiftmodule @/Users/xinyufang/Library/Developer/Xcode/DerivedData/Buzz-faillbpsmponqzeruhhvskovixzk/Build/Intermediates.noindex/Stripe.build/Debug-iphonesimulator/StripeCore.build/Objects-normal/arm64/StripeCore-linker-args.resp -Xlinker -add_ast_path -Xlinker /Users/xinyufang/Library/Developer/Xcode/DerivedData/Buzz-faillbpsmponqzeruhhvskovixzk/Build/Intermediates.noindex/Stripe.build/Debug-iphonesimulator/StripeUICore.build/Objects-normal/arm64/StripeUICore.swiftmodule @/Users/xinyufang/Library/Developer/Xcode/DerivedData/Buzz-faillbpsmponqzeruhhvskovixzk/Build/Intermediates.noindex/Stripe.build/Debug-iphonesimulator/StripeUICore.build/Objects-normal/arm64/StripeUICore-linker-args.resp -Xlinker -add_ast_path -Xlinker /Users/xinyufang/Library/Developer/Xcode/DerivedData/Buzz-faillbpsmponqzeruhhvskovixzk/Build/Intermediates.noindex/Stripe.build/Debug-iphonesimulator/StripeIdentity.build/Objects-normal/arm64/StripeIdentity.swiftmodule @/Users/xinyufang/Library/Developer/Xcode/DerivedData/Buzz-faillbpsmponqzeruhhvskovixzk/Build/Intermediates.noindex/Stripe.build/Debug-iphonesimulator/StripeIdentity.build/Objects-normal/arm64/StripeIdentity-linker-args.resp -Xlinker -add_ast_path -Xlinker /Users/xinyufang/Library/Developer/Xcode/DerivedData/Buzz-faillbpsmponqzeruhhvskovixzk/Build/Intermediates.noindex/Stripe.build/Debug-iphonesimulator/StripeCameraCore.build/Objects-normal/arm64/StripeCameraCore.swiftmodule @/Users/xinyufang/Library/Developer/Xcode/DerivedData/Buzz-faillbpsmponqzeruhhvskovixzk/Build/Intermediates.noindex/Stripe.build/Debug-iphonesimulator/StripeCameraCore.build/Objects-normal/arm64/StripeCameraCore-linker-args.resp -Xlinker -add_ast_path -Xlinker /Users/xinyufang/Library/Developer/Xcode/DerivedData/Buzz-faillbpsmponqzeruhhvskovixzk/Build/Intermediates.noindex/Stripe.build/Debug-iphonesimulator/StripePaymentSheet.build/Objects-normal/arm64/StripePaymentSheet.swiftmodule @/Users/xinyufang/Library/Developer/Xcode/DerivedData/Buzz-faillbpsmponqzeruhhvskovixzk/Build/Intermediates.noindex/Stripe.build/Debug-iphonesimulator/StripePaymentSheet.build/Objects-normal/arm64/StripePaymentSheet-linker-args.resp -Xlinker -add_ast_path -Xlinker /Users/xinyufang/Library/Developer/Xcode/DerivedData/Buzz-faillbpsmponqzeruhhvskovixzk/Build/Intermediates.noindex/Stripe.build/Debug-iphonesimulator/StripePayments.build/Objects-normal/arm64/StripePayments.swiftmodule @/Users/xinyufang/Library/Developer/Xcode/DerivedData/Buzz-faillbpsmponqzeruhhvskovixzk/Build/Intermediates.noindex/Stripe.build/Debug-iphonesimulator/StripePayments.build/Objects-normal/arm64/StripePayments-linker-args.resp -Xlinker -add_ast_path -Xlinker /Users/xinyufang/Library/Developer/Xcode/DerivedData/Buzz-faillbpsmponqzeruhhvskovixzk/Build/Intermediates.noindex/Stripe.build/Debug-iphonesimulator/StripePaymentsUI.build/Objects-normal/arm64/StripePaymentsUI.swiftmodule @/Users/xinyufang/Library/Developer/Xcode/DerivedData/Buzz-faillbpsmponqzeruhhvskovixzk/Build/Intermediates.noindex/Stripe.build/Debug-iphonesimulator/StripePaymentsUI.build/Objects-normal/arm64/StripePaymentsUI-linker-args.resp -Xlinker -add_ast_path -Xlinker /Users/xinyufang/Library/Developer/Xcode/DerivedData/Buzz-faillbpsmponqzeruhhvskovixzk/Build/Intermediates.noindex/Stripe.build/Debug-iphonesimulator/StripeApplePay.build/Objects-normal/arm64/StripeApplePay.swiftmodule @/Users/xinyufang/Library/Developer/Xcode/DerivedData/Buzz-faillbpsmponqzeruhhvskovixzk/Build/Intermediates.noindex/Stripe.build/Debug-iphonesimulator/StripeApplePay.build/Objects-normal/arm64/StripeApplePay-linker-args.resp -Xlinker -add_ast_path -Xlinker /Users/xinyufang/Library/Developer/Xcode/DerivedData/Buzz-faillbpsmponqzeruhhvskovixzk/Build/Intermediates.noindex/Supabase.build/Debug-iphonesimulator/Supabase.build/Objects-normal/arm64/Supabase.swiftmodule @/Users/xinyufang/Library/Developer/Xcode/DerivedData/Buzz-faillbpsmponqzeruhhvskovixzk/Build/Intermediates.noindex/Supabase.build/Debug-iphonesimulator/Supabase.build/Objects-normal/arm64/Supabase-linker-args.resp -Xlinker -add_ast_path -Xlinker /Users/xinyufang/Library/Developer/Xcode/DerivedData/Buzz-faillbpsmponqzeruhhvskovixzk/Build/Intermediates.noindex/Supabase.build/Debug-iphonesimulator/Auth.build/Objects-normal/arm64/Auth.swiftmodule @/Users/xinyufang/Library/Developer/Xcode/DerivedData/Buzz-faillbpsmponqzeruhhvskovixzk/Build/Intermediates.noindex/Supabase.build/Debug-iphonesimulator/Auth.build/Objects-normal/arm64/Auth-linker-args.resp -Xlinker -add_ast_path -Xlinker /Users/xinyufang/Library/Developer/Xcode/DerivedData/Buzz-faillbpsmponqzeruhhvskovixzk/Build/Intermediates.noindex/Supabase.build/Debug-iphonesimulator/Realtime.build/Objects-normal/arm64/Realtime.swiftmodule @/Users/xinyufang/Library/Developer/Xcode/DerivedData/Buzz-faillbpsmponqzeruhhvskovixzk/Build/Intermediates.noindex/Supabase.build/Debug-iphonesimulator/Realtime.build/Objects-normal/arm64/Realtime-linker-args.resp -Xlinker -add_ast_path -Xlinker /Users/xinyufang/Library/Developer/Xcode/DerivedData/Buzz-faillbpsmponqzeruhhvskovixzk/Build/Intermediates.noindex/Supabase.build/Debug-iphonesimulator/Storage.build/Objects-normal/arm64/Storage.swiftmodule @/Users/xinyufang/Library/Developer/Xcode/DerivedData/Buzz-faillbpsmponqzeruhhvskovixzk/Build/Intermediates.noindex/Supabase.build/Debug-iphonesimulator/Storage.build/Objects-normal/arm64/Storage-linker-args.resp -Xlinker -add_ast_path -Xlinker /Users/xinyufang/Library/Developer/Xcode/DerivedData/Buzz-faillbpsmponqzeruhhvskovixzk/Build/Intermediates.noindex/swift-crypto.build/Debug-iphonesimulator/Crypto.build/Objects-normal/arm64/Crypto.swiftmodule @/Users/xinyufang/Library/Developer/Xcode/DerivedData/Buzz-faillbpsmponqzeruhhvskovixzk/Build/Intermediates.noindex/swift-crypto.build/Debug-iphonesimulator/Crypto.build/Objects-normal/arm64/Crypto-linker-args.resp -Xlinker -add_ast_path -Xlinker /Users/xinyufang/Library/Developer/Xcode/DerivedData/Buzz-faillbpsmponqzeruhhvskovixzk/Build/Intermediates.noindex/GoogleSignIn.build/Debug-iphonesimulator/GoogleSignInSwift.build/Objects-normal/arm64/GoogleSignInSwift.swiftmodule @/Users/xinyufang/Library/Developer/Xcode/DerivedData/Buzz-faillbpsmponqzeruhhvskovixzk/Build/Intermediates.noindex/GoogleSignIn.build/Debug-iphonesimulator/GoogleSignInSwift.build/Objects-normal/arm64/GoogleSignInSwift-linker-args.resp -Xlinker -add_ast_path -Xlinker /Users/xinyufang/Library/Developer/Xcode/DerivedData/Buzz-faillbpsmponqzeruhhvskovixzk/Build/Intermediates.noindex/GTMAppAuth.build/Debug-iphonesimulator/GTMAppAuth.build/Objects-normal/arm64/GTMAppAuth.swiftmodule @/Users/xinyufang/Library/Developer/Xcode/DerivedData/Buzz-faillbpsmponqzeruhhvskovixzk/Build/Intermediates.noindex/GTMAppAuth.build/Debug-iphonesimulator/GTMAppAuth.build/Objects-normal/arm64/GTMAppAuth-linker-args.resp -Xlinker -add_ast_path -Xlinker /Users/xinyufang/Library/Developer/Xcode/DerivedData/Buzz-faillbpsmponqzeruhhvskovixzk/Build/Intermediates.noindex/Stripe.build/Debug-iphonesimulator/StripeCardScan.build/Objects-normal/arm64/StripeCardScan.swiftmodule @/Users/xinyufang/Library/Developer/Xcode/DerivedData/Buzz-faillbpsmponqzeruhhvskovixzk/Build/Intermediates.noindex/Stripe.build/Debug-iphonesimulator/StripeCardScan.build/Objects-normal/arm64/StripeCardScan-linker-args.resp -Xlinker -add_ast_path -Xlinker /Users/xinyufang/Library/Developer/Xcode/DerivedData/Buzz-faillbpsmponqzeruhhvskovixzk/Build/Intermediates.noindex/Stripe.build/Debug-iphonesimulator/StripeConnect.build/Objects-normal/arm64/StripeConnect.swiftmodule @/Users/xinyufang/Library/Developer/Xcode/DerivedData/Buzz-faillbpsmponqzeruhhvskovixzk/Build/Intermediates.noindex/Stripe.build/Debug-iphonesimulator/StripeConnect.build/Objects-normal/arm64/StripeConnect-linker-args.resp -Xlinker -add_ast_path -Xlinker /Users/xinyufang/Library/Developer/Xcode/DerivedData/Buzz-faillbpsmponqzeruhhvskovixzk/Build/Intermediates.noindex/Stripe.build/Debug-iphonesimulator/Stripe.build/Objects-normal/arm64/Stripe.swiftmodule @/Users/xinyufang/Library/Developer/Xcode/DerivedData/Buzz-faillbpsmponqzeruhhvskovixzk/Build/Intermediates.noindex/Stripe.build/Debug-iphonesimulator/Stripe.build/Objects-normal/arm64/Stripe-linker-args.resp

ConstructStubExecutorLinkFileList /Users/xinyufang/Library/Developer/Xcode/DerivedData/Buzz-faillbpsmponqzeruhhvskovixzk/Build/Intermediates.noindex/Buzz.build/Debug-iphonesimulator/Buzz.build/Buzz-ExecutorLinkFileList-normal-arm64.txt (in target 'Buzz' from project 'Buzz')
    cd /Users/xinyufang/Documents/Buzz
    construct-stub-executor-link-file-list /Users/xinyufang/Library/Developer/Xcode/DerivedData/Buzz-faillbpsmponqzeruhhvskovixzk/Build/Products/Debug-iphonesimulator/Buzz.app/Buzz.debug.dylib /Applications/Xcode.app/Contents/Developer/Platforms/iPhoneSimulator.platform/Developer/usr/lib/libPreviewsJITStubExecutor_no_swift_entry_point.a /Applications/Xcode.app/Contents/Developer/Platforms/iPhoneSimulator.platform/Developer/usr/lib/libPreviewsJITStubExecutor.a --output /Users/xinyufang/Library/Developer/Xcode/DerivedData/Buzz-faillbpsmponqzeruhhvskovixzk/Build/Intermediates.noindex/Buzz.build/Debug-iphonesimulator/Buzz.build/Buzz-ExecutorLinkFileList-normal-arm64.txt
note: Using stub executor library with Swift entry point. (in target 'Buzz' from project 'Buzz')

Ld /Users/xinyufang/Library/Developer/Xcode/DerivedData/Buzz-faillbpsmponqzeruhhvskovixzk/Build/Products/Debug-iphonesimulator/Buzz.app/Buzz normal (in target 'Buzz' from project 'Buzz')
    cd /Users/xinyufang/Documents/Buzz
    /Applications/Xcode.app/Contents/Developer/Toolchains/XcodeDefault.xctoolchain/usr/bin/clang -Xlinker -reproducible -target arm64-apple-ios26.0-simulator -isysroot /Applications/Xcode.app/Contents/Developer/Platforms/iPhoneSimulator.platform/Developer/SDKs/iPhoneSimulator26.0.sdk -O0 -L/Users/xinyufang/Library/Developer/Xcode/DerivedData/Buzz-faillbpsmponqzeruhhvskovixzk/Build/Products/Debug-iphonesimulator -F/Users/xinyufang/Library/Developer/Xcode/DerivedData/Buzz-faillbpsmponqzeruhhvskovixzk/Build/Products/Debug-iphonesimulator/PackageFrameworks -F/Users/xinyufang/Library/Developer/Xcode/DerivedData/Buzz-faillbpsmponqzeruhhvskovixzk/Build/Products/Debug-iphonesimulator/PackageFrameworks -F/Users/xinyufang/Library/Developer/Xcode/DerivedData/Buzz-faillbpsmponqzeruhhvskovixzk/Build/Products/Debug-iphonesimulator/PackageFrameworks -F/Users/xinyufang/Library/Developer/Xcode/DerivedData/Buzz-faillbpsmponqzeruhhvskovixzk/Build/Products/Debug-iphonesimulator/PackageFrameworks -F/Users/xinyufang/Library/Developer/Xcode/DerivedData/Buzz-faillbpsmponqzeruhhvskovixzk/Build/Products/Debug-iphonesimulator/PackageFrameworks -F/Users/xinyufang/Library/Developer/Xcode/DerivedData/Buzz-faillbpsmponqzeruhhvskovixzk/Build/Products/Debug-iphonesimulator/PackageFrameworks -F/Users/xinyufang/Library/Developer/Xcode/DerivedData/Buzz-faillbpsmponqzeruhhvskovixzk/Build/Products/Debug-iphonesimulator/PackageFrameworks -F/Users/xinyufang/Library/Developer/Xcode/DerivedData/Buzz-faillbpsmponqzeruhhvskovixzk/Build/Products/Debug-iphonesimulator/PackageFrameworks -F/Users/xinyufang/Library/Developer/Xcode/DerivedData/Buzz-faillbpsmponqzeruhhvskovixzk/Build/Products/Debug-iphonesimulator/PackageFrameworks -F/Users/xinyufang/Library/Developer/Xcode/DerivedData/Buzz-faillbpsmponqzeruhhvskovixzk/Build/Products/Debug-iphonesimulator/PackageFrameworks -F/Users/xinyufang/Library/Developer/Xcode/DerivedData/Buzz-faillbpsmponqzeruhhvskovixzk/Build/Products/Debug-iphonesimulator/PackageFrameworks -F/Users/xinyufang/Library/Developer/Xcode/DerivedData/Buzz-faillbpsmponqzeruhhvskovixzk/Build/Products/Debug-iphonesimulator/PackageFrameworks -F/Users/xinyufang/Library/Developer/Xcode/DerivedData/Buzz-faillbpsmponqzeruhhvskovixzk/Build/Products/Debug-iphonesimulator/PackageFrameworks -F/Users/xinyufang/Library/Developer/Xcode/DerivedData/Buzz-faillbpsmponqzeruhhvskovixzk/Build/Products/Debug-iphonesimulator/PackageFrameworks -F/Users/xinyufang/Library/Developer/Xcode/DerivedData/Buzz-faillbpsmponqzeruhhvskovixzk/Build/Products/Debug-iphonesimulator/PackageFrameworks -F/Users/xinyufang/Library/Developer/Xcode/DerivedData/Buzz-faillbpsmponqzeruhhvskovixzk/Build/Products/Debug-iphonesimulator/PackageFrameworks -F/Users/xinyufang/Library/Developer/Xcode/DerivedData/Buzz-faillbpsmponqzeruhhvskovixzk/Build/Products/Debug-iphonesimulator/PackageFrameworks -F/Users/xinyufang/Library/Developer/Xcode/DerivedData/Buzz-faillbpsmponqzeruhhvskovixzk/Build/Products/Debug-iphonesimulator/PackageFrameworks -F/Users/xinyufang/Library/Developer/Xcode/DerivedData/Buzz-faillbpsmponqzeruhhvskovixzk/Build/Products/Debug-iphonesimulator/PackageFrameworks -F/Users/xinyufang/Library/Developer/Xcode/DerivedData/Buzz-faillbpsmponqzeruhhvskovixzk/Build/Products/Debug-iphonesimulator/PackageFrameworks -F/Users/xinyufang/Library/Developer/Xcode/DerivedData/Buzz-faillbpsmponqzeruhhvskovixzk/Build/Products/Debug-iphonesimulator/PackageFrameworks -F/Users/xinyufang/Library/Developer/Xcode/DerivedData/Buzz-faillbpsmponqzeruhhvskovixzk/Build/Products/Debug-iphonesimulator/PackageFrameworks -F/Users/xinyufang/Library/Developer/Xcode/DerivedData/Buzz-faillbpsmponqzeruhhvskovixzk/Build/Products/Debug-iphonesimulator/PackageFrameworks -F/Users/xinyufang/Library/Developer/Xcode/DerivedData/Buzz-faillbpsmponqzeruhhvskovixzk/Build/Products/Debug-iphonesimulator/PackageFrameworks -F/Users/xinyufang/Library/Developer/Xcode/DerivedData/Buzz-faillbpsmponqzeruhhvskovixzk/Build/Products/Debug-iphonesimulator/PackageFrameworks -F/Users/xinyufang/Library/Developer/Xcode/DerivedData/Buzz-faillbpsmponqzeruhhvskovixzk/Build/Products/Debug-iphonesimulator/PackageFrameworks -F/Users/xinyufang/Library/Developer/Xcode/DerivedData/Buzz-faillbpsmponqzeruhhvskovixzk/Build/Products/Debug-iphonesimulator/PackageFrameworks -F/Users/xinyufang/Library/Developer/Xcode/DerivedData/Buzz-faillbpsmponqzeruhhvskovixzk/Build/Products/Debug-iphonesimulator/PackageFrameworks -F/Users/xinyufang/Library/Developer/Xcode/DerivedData/Buzz-faillbpsmponqzeruhhvskovixzk/Build/Products/Debug-iphonesimulator/PackageFrameworks -F/Users/xinyufang/Library/Developer/Xcode/DerivedData/Buzz-faillbpsmponqzeruhhvskovixzk/Build/Products/Debug-iphonesimulator/PackageFrameworks -F/Users/xinyufang/Library/Developer/Xcode/DerivedData/Buzz-faillbpsmponqzeruhhvskovixzk/Build/Products/Debug-iphonesimulator/PackageFrameworks -F/Users/xinyufang/Library/Developer/Xcode/DerivedData/Buzz-faillbpsmponqzeruhhvskovixzk/Build/Products/Debug-iphonesimulator/PackageFrameworks -F/Users/xinyufang/Library/Developer/Xcode/DerivedData/Buzz-faillbpsmponqzeruhhvskovixzk/Build/Products/Debug-iphonesimulator/PackageFrameworks -F/Users/xinyufang/Library/Developer/Xcode/DerivedData/Buzz-faillbpsmponqzeruhhvskovixzk/Build/Products/Debug-iphonesimulator/PackageFrameworks -F/Users/xinyufang/Library/Developer/Xcode/DerivedData/Buzz-faillbpsmponqzeruhhvskovixzk/Build/Products/Debug-iphonesimulator/PackageFrameworks -F/Users/xinyufang/Library/Developer/Xcode/DerivedData/Buzz-faillbpsmponqzeruhhvskovixzk/Build/Products/Debug-iphonesimulator/PackageFrameworks -F/Users/xinyufang/Library/Developer/Xcode/DerivedData/Buzz-faillbpsmponqzeruhhvskovixzk/Build/Products/Debug-iphonesimulator/PackageFrameworks -F/Users/xinyufang/Library/Developer/Xcode/DerivedData/Buzz-faillbpsmponqzeruhhvskovixzk/Build/Products/Debug-iphonesimulator/PackageFrameworks -F/Users/xinyufang/Library/Developer/Xcode/DerivedData/Buzz-faillbpsmponqzeruhhvskovixzk/Build/Products/Debug-iphonesimulator/PackageFrameworks -F/Users/xinyufang/Library/Developer/Xcode/DerivedData/Buzz-faillbpsmponqzeruhhvskovixzk/Build/Products/Debug-iphonesimulator -Xlinker -rpath -Xlinker @executable_path -Xlinker -rpath -Xlinker /Users/xinyufang/Library/Developer/Xcode/DerivedData/Buzz-faillbpsmponqzeruhhvskovixzk/Build/Products/Debug-iphonesimulator/PackageFrameworks -Xlinker -rpath -Xlinker @executable_path/Frameworks -rdynamic -Xlinker -no_deduplicate -Xlinker -objc_abi_version -Xlinker 2 -e ___debug_blank_executor_main -Xlinker -sectcreate -Xlinker __TEXT -Xlinker __debug_dylib -Xlinker /Users/xinyufang/Library/Developer/Xcode/DerivedData/Buzz-faillbpsmponqzeruhhvskovixzk/Build/Intermediates.noindex/Buzz.build/Debug-iphonesimulator/Buzz.build/Buzz-DebugDylibPath-normal-arm64.txt -Xlinker -sectcreate -Xlinker __TEXT -Xlinker __debug_instlnm -Xlinker /Users/xinyufang/Library/Developer/Xcode/DerivedData/Buzz-faillbpsmponqzeruhhvskovixzk/Build/Intermediates.noindex/Buzz.build/Debug-iphonesimulator/Buzz.build/Buzz-DebugDylibInstallName-normal-arm64.txt -Xlinker -filelist -Xlinker /Users/xinyufang/Library/Developer/Xcode/DerivedData/Buzz-faillbpsmponqzeruhhvskovixzk/Build/Intermediates.noindex/Buzz.build/Debug-iphonesimulator/Buzz.build/Buzz-ExecutorLinkFileList-normal-arm64.txt -Xlinker -sectcreate -Xlinker __TEXT -Xlinker __entitlements -Xlinker /Users/xinyufang/Library/Developer/Xcode/DerivedData/Buzz-faillbpsmponqzeruhhvskovixzk/Build/Intermediates.noindex/Buzz.build/Debug-iphonesimulator/Buzz.build/Buzz.app-Simulated.xcent -Xlinker -sectcreate -Xlinker __TEXT -Xlinker __ents_der -Xlinker /Users/xinyufang/Library/Developer/Xcode/DerivedData/Buzz-faillbpsmponqzeruhhvskovixzk/Build/Intermediates.noindex/Buzz.build/Debug-iphonesimulator/Buzz.build/Buzz.app-Simulated.xcent.der /Users/xinyufang/Library/Developer/Xcode/DerivedData/Buzz-faillbpsmponqzeruhhvskovixzk/Build/Products/Debug-iphonesimulator/Buzz.app/Buzz.debug.dylib -Xlinker -no_adhoc_codesign -o /Users/xinyufang/Library/Developer/Xcode/DerivedData/Buzz-faillbpsmponqzeruhhvskovixzk/Build/Products/Debug-iphonesimulator/Buzz.app/Buzz

CopySwiftLibs /Users/xinyufang/Library/Developer/Xcode/DerivedData/Buzz-faillbpsmponqzeruhhvskovixzk/Build/Products/Debug-iphonesimulator/Buzz.app (in target 'Buzz' from project 'Buzz')
    cd /Users/xinyufang/Documents/Buzz
    builtin-swiftStdLibTool --copy --verbose --sign - --scan-executable /Users/xinyufang/Library/Developer/Xcode/DerivedData/Buzz-faillbpsmponqzeruhhvskovixzk/Build/Products/Debug-iphonesimulator/Buzz.app/Buzz.debug.dylib --scan-folder /Users/xinyufang/Library/Developer/Xcode/DerivedData/Buzz-faillbpsmponqzeruhhvskovixzk/Build/Products/Debug-iphonesimulator/Buzz.app/Frameworks --scan-folder /Users/xinyufang/Library/Developer/Xcode/DerivedData/Buzz-faillbpsmponqzeruhhvskovixzk/Build/Products/Debug-iphonesimulator/Buzz.app/PlugIns --scan-folder /Users/xinyufang/Library/Developer/Xcode/DerivedData/Buzz-faillbpsmponqzeruhhvskovixzk/Build/Products/Debug-iphonesimulator/Buzz.app/SystemExtensions --scan-folder /Users/xinyufang/Library/Developer/Xcode/DerivedData/Buzz-faillbpsmponqzeruhhvskovixzk/Build/Products/Debug-iphonesimulator/Buzz.app/Extensions --scan-folder /Applications/Xcode.app/Contents/Developer/Platforms/iPhoneSimulator.platform/Developer/SDKs/iPhoneSimulator26.0.sdk/System/Library/Frameworks/StoreKit.framework --platform iphonesimulator --toolchain /Applications/Xcode.app/Contents/Developer/Toolchains/XcodeDefault.xctoolchain --destination /Users/xinyufang/Library/Developer/Xcode/DerivedData/Buzz-faillbpsmponqzeruhhvskovixzk/Build/Products/Debug-iphonesimulator/Buzz.app/Frameworks --strip-bitcode --strip-bitcode-tool /Applications/Xcode.app/Contents/Developer/Toolchains/XcodeDefault.xctoolchain/usr/bin/bitcode_strip --emit-dependency-info /Users/xinyufang/Library/Developer/Xcode/DerivedData/Buzz-faillbpsmponqzeruhhvskovixzk/Build/Intermediates.noindex/Buzz.build/Debug-iphonesimulator/Buzz.build/SwiftStdLibToolInputDependencies.dep --filter-for-swift-os

ExtractAppIntentsMetadata (in target 'Buzz' from project 'Buzz')
    cd /Users/xinyufang/Documents/Buzz
    /Applications/Xcode.app/Contents/Developer/Toolchains/XcodeDefault.xctoolchain/usr/bin/appintentsmetadataprocessor --toolchain-dir /Applications/Xcode.app/Contents/Developer/Toolchains/XcodeDefault.xctoolchain --module-name Buzz --sdk-root /Applications/Xcode.app/Contents/Developer/Platforms/iPhoneSimulator.platform/Developer/SDKs/iPhoneSimulator26.0.sdk --xcode-version 17A400 --platform-family iOS --deployment-target 26.0 --bundle-identifier com.buzz.app.ios --output /Users/xinyufang/Library/Developer/Xcode/DerivedData/Buzz-faillbpsmponqzeruhhvskovixzk/Build/Products/Debug-iphonesimulator/Buzz.app --target-triple arm64-apple-ios26.0-simulator --binary-file /Users/xinyufang/Library/Developer/Xcode/DerivedData/Buzz-faillbpsmponqzeruhhvskovixzk/Build/Products/Debug-iphonesimulator/Buzz.app/Buzz --dependency-file /Users/xinyufang/Library/Developer/Xcode/DerivedData/Buzz-faillbpsmponqzeruhhvskovixzk/Build/Intermediates.noindex/Buzz.build/Debug-iphonesimulator/Buzz.build/Objects-normal/arm64/Buzz_dependency_info.dat --stringsdata-file /Users/xinyufang/Library/Developer/Xcode/DerivedData/Buzz-faillbpsmponqzeruhhvskovixzk/Build/Intermediates.noindex/Buzz.build/Debug-iphonesimulator/Buzz.build/Objects-normal/arm64/ExtractedAppShortcutsMetadata.stringsdata --source-file-list /Users/xinyufang/Library/Developer/Xcode/DerivedData/Buzz-faillbpsmponqzeruhhvskovixzk/Build/Intermediates.noindex/Buzz.build/Debug-iphonesimulator/Buzz.build/Objects-normal/arm64/Buzz.SwiftFileList --metadata-file-list /Users/xinyufang/Library/Developer/Xcode/DerivedData/Buzz-faillbpsmponqzeruhhvskovixzk/Build/Intermediates.noindex/Buzz.build/Debug-iphonesimulator/Buzz.build/Buzz.DependencyMetadataFileList --static-metadata-file-list /Users/xinyufang/Library/Developer/Xcode/DerivedData/Buzz-faillbpsmponqzeruhhvskovixzk/Build/Intermediates.noindex/Buzz.build/Debug-iphonesimulator/Buzz.build/Buzz.DependencyStaticMetadataFileList --swift-const-vals-list /Users/xinyufang/Library/Developer/Xcode/DerivedData/Buzz-faillbpsmponqzeruhhvskovixzk/Build/Intermediates.noindex/Buzz.build/Debug-iphonesimulator/Buzz.build/Objects-normal/arm64/Buzz.SwiftConstValuesFileList --compile-time-extraction --deployment-aware-processing --validate-assistant-intents --no-app-shortcuts-localization
2025-11-24 21:18:17.856 appintentsmetadataprocessor[36934:40905647] Starting appintentsmetadataprocessor export
2025-11-24 21:18:17.858 appintentsmetadataprocessor[36934:40905647] warning: Metadata extraction skipped. No AppIntents.framework dependency found.

AppIntentsSSUTraining (in target 'Buzz' from project 'Buzz')
    cd /Users/xinyufang/Documents/Buzz
    /Applications/Xcode.app/Contents/Developer/Toolchains/XcodeDefault.xctoolchain/usr/bin/appintentsnltrainingprocessor --infoplist-path /Users/xinyufang/Library/Developer/Xcode/DerivedData/Buzz-faillbpsmponqzeruhhvskovixzk/Build/Products/Debug-iphonesimulator/Buzz.app/Info.plist --temp-dir-path /Users/xinyufang/Library/Developer/Xcode/DerivedData/Buzz-faillbpsmponqzeruhhvskovixzk/Build/Intermediates.noindex/Buzz.build/Debug-iphonesimulator/Buzz.build/ssu --bundle-id com.buzz.app.ios --product-path /Users/xinyufang/Library/Developer/Xcode/DerivedData/Buzz-faillbpsmponqzeruhhvskovixzk/Build/Products/Debug-iphonesimulator/Buzz.app --extracted-metadata-path /Users/xinyufang/Library/Developer/Xcode/DerivedData/Buzz-faillbpsmponqzeruhhvskovixzk/Build/Products/Debug-iphonesimulator/Buzz.app/Metadata.appintents --metadata-file-list /Users/xinyufang/Library/Developer/Xcode/DerivedData/Buzz-faillbpsmponqzeruhhvskovixzk/Build/Intermediates.noindex/Buzz.build/Debug-iphonesimulator/Buzz.build/Buzz.DependencyMetadataFileList --archive-ssu-assets
2025-11-24 21:18:17.926 appintentsnltrainingprocessor[36935:40905648] Parsing options for appintentsnltrainingprocessor
2025-11-24 21:18:17.927 appintentsnltrainingprocessor[36935:40905648] No AppShortcuts found - Skipping.

CodeSign /Users/xinyufang/Library/Developer/Xcode/DerivedData/Buzz-faillbpsmponqzeruhhvskovixzk/Build/Products/Debug-iphonesimulator/Buzz.app/Buzz.debug.dylib (in target 'Buzz' from project 'Buzz')
    cd /Users/xinyufang/Documents/Buzz
    
    Signing Identity:     "Sign to Run Locally"
    
    /usr/bin/codesign --force --sign - --timestamp\=none --generate-entitlement-der /Users/xinyufang/Library/Developer/Xcode/DerivedData/Buzz-faillbpsmponqzeruhhvskovixzk/Build/Products/Debug-iphonesimulator/Buzz.app/Buzz.debug.dylib

CodeSign /Users/xinyufang/Library/Developer/Xcode/DerivedData/Buzz-faillbpsmponqzeruhhvskovixzk/Build/Products/Debug-iphonesimulator/Buzz.app/__preview.dylib (in target 'Buzz' from project 'Buzz')
    cd /Users/xinyufang/Documents/Buzz
    
    Signing Identity:     "Sign to Run Locally"
    
    /usr/bin/codesign --force --sign - --timestamp\=none --generate-entitlement-der /Users/xinyufang/Library/Developer/Xcode/DerivedData/Buzz-faillbpsmponqzeruhhvskovixzk/Build/Products/Debug-iphonesimulator/Buzz.app/__preview.dylib

CodeSign /Users/xinyufang/Library/Developer/Xcode/DerivedData/Buzz-faillbpsmponqzeruhhvskovixzk/Build/Products/Debug-iphonesimulator/Buzz.app (in target 'Buzz' from project 'Buzz')
    cd /Users/xinyufang/Documents/Buzz
    
    Signing Identity:     "Sign to Run Locally"
    
    /usr/bin/codesign --force --sign - --entitlements /Users/xinyufang/Library/Developer/Xcode/DerivedData/Buzz-faillbpsmponqzeruhhvskovixzk/Build/Intermediates.noindex/Buzz.build/Debug-iphonesimulator/Buzz.build/Buzz.app.xcent --timestamp\=none --generate-entitlement-der /Users/xinyufang/Library/Developer/Xcode/DerivedData/Buzz-faillbpsmponqzeruhhvskovixzk/Build/Products/Debug-iphonesimulator/Buzz.app

RegisterExecutionPolicyException /Users/xinyufang/Library/Developer/Xcode/DerivedData/Buzz-faillbpsmponqzeruhhvskovixzk/Build/Products/Debug-iphonesimulator/Buzz.app (in target 'Buzz' from project 'Buzz')
    cd /Users/xinyufang/Documents/Buzz
    builtin-RegisterExecutionPolicyException /Users/xinyufang/Library/Developer/Xcode/DerivedData/Buzz-faillbpsmponqzeruhhvskovixzk/Build/Products/Debug-iphonesimulator/Buzz.app

Validate /Users/xinyufang/Library/Developer/Xcode/DerivedData/Buzz-faillbpsmponqzeruhhvskovixzk/Build/Products/Debug-iphonesimulator/Buzz.app (in target 'Buzz' from project 'Buzz')
    cd /Users/xinyufang/Documents/Buzz
    builtin-validationUtility /Users/xinyufang/Library/Developer/Xcode/DerivedData/Buzz-faillbpsmponqzeruhhvskovixzk/Build/Products/Debug-iphonesimulator/Buzz.app -shallow-bundle -infoplist-subpath Info.plist

Touch /Users/xinyufang/Library/Developer/Xcode/DerivedData/Buzz-faillbpsmponqzeruhhvskovixzk/Build/Products/Debug-iphonesimulator/Buzz.app (in target 'Buzz' from project 'Buzz')
    cd /Users/xinyufang/Documents/Buzz
    /usr/bin/touch -c /Users/xinyufang/Library/Developer/Xcode/DerivedData/Buzz-faillbpsmponqzeruhhvskovixzk/Build/Products/Debug-iphonesimulator/Buzz.app

** BUILD SUCCEEDED **

