Command line invocation:
    /Applications/Xcode.app/Contents/Developer/usr/bin/xcodebuild -project Buzz.xcodeproj -scheme Buzz -destination "platform=iOS Simulator,name=iPhone 17" build

Resolve Package Graph


Resolved source packages:
  GTMSessionFetcher: https://github.com/google/gtm-session-fetcher.git @ 3.5.0
  AppAuth: https://github.com/openid/AppAuth-iOS.git @ 2.0.0
  Supabase: https://github.com/supabase-community/supabase-swift.git @ 2.36.0
  AppCheck: https://github.com/google/app-check.git @ 11.2.0
  swift-clocks: https://github.com/pointfreeco/swift-clocks @ 1.0.6
  Stripe: https://github.com/stripe/stripe-ios-spm @ 25.0.0
  swift-http-types: https://github.com/apple/swift-http-types.git @ 1.5.1
  swift-crypto: https://github.com/apple/swift-crypto.git @ 4.1.0
  GoogleUtilities: https://github.com/google/GoogleUtilities.git @ 8.1.0
  Promises: https://github.com/google/promises.git @ 2.4.0
  GTMAppAuth: https://github.com/google/GTMAppAuth.git @ 5.0.0
  swift-asn1: https://github.com/apple/swift-asn1.git @ 1.5.0
  GoogleSignIn: https://github.com/google/GoogleSignIn-iOS @ 9.0.0
  xctest-dynamic-overlay: https://github.com/pointfreeco/xctest-dynamic-overlay @ 1.7.0
  swift-concurrency-extras: https://github.com/pointfreeco/swift-concurrency-extras @ 1.3.2

ComputePackagePrebuildTargetDependencyGraph

Prepare packages

CreateBuildRequest

SendProjectDescription

CreateBuildOperation

ComputeTargetDependencyGraph
note: Building targets in dependency order
note: Target dependency graph (93 targets)
    Target 'Buzz' in project 'Buzz'
        ➜ Explicit dependency on target 'PostgREST' in project 'Supabase'
        ➜ Explicit dependency on target 'Functions' in project 'Supabase'
        ➜ Explicit dependency on target 'StripeFinancialConnections' in project 'Stripe'
        ➜ Explicit dependency on target 'StripeIdentity' in project 'Stripe'
        ➜ Explicit dependency on target 'StripePaymentSheet' in project 'Stripe'
        ➜ Explicit dependency on target 'Supabase' in project 'Supabase'
        ➜ Explicit dependency on target 'StripePayments' in project 'Stripe'
        ➜ Explicit dependency on target 'GoogleSignInSwift' in project 'GoogleSignIn'
        ➜ Explicit dependency on target 'StripePaymentsUI' in project 'Stripe'
        ➜ Explicit dependency on target 'Auth' in project 'Supabase'
        ➜ Explicit dependency on target 'StripeApplePay' in project 'Stripe'
        ➜ Explicit dependency on target 'Storage' in project 'Supabase'
        ➜ Explicit dependency on target 'Realtime' in project 'Supabase'
        ➜ Explicit dependency on target 'StripeCardScan' in project 'Stripe'
        ➜ Explicit dependency on target 'GoogleSignIn' in project 'GoogleSignIn'
        ➜ Explicit dependency on target 'StripeConnect' in project 'Stripe'
        ➜ Explicit dependency on target 'Stripe' in project 'Stripe'
    Target 'Stripe' in project 'Stripe'
        ➜ Explicit dependency on target 'Stripe' in project 'Stripe'
        ➜ Explicit dependency on target 'Stripe_Stripe' in project 'Stripe'
        ➜ Explicit dependency on target 'Stripe3DS2' in project 'Stripe'
        ➜ Explicit dependency on target 'StripeCore' in project 'Stripe'
        ➜ Explicit dependency on target 'StripeApplePay' in project 'Stripe'
        ➜ Explicit dependency on target 'StripeUICore' in project 'Stripe'
        ➜ Explicit dependency on target 'StripePayments' in project 'Stripe'
        ➜ Explicit dependency on target 'StripePaymentsUI' in project 'Stripe'
    Target 'Stripe' in project 'Stripe'
        ➜ Explicit dependency on target 'Stripe_Stripe' in project 'Stripe'
        ➜ Explicit dependency on target 'Stripe3DS2' in project 'Stripe'
        ➜ Explicit dependency on target 'StripeCore' in project 'Stripe'
        ➜ Explicit dependency on target 'StripeApplePay' in project 'Stripe'
        ➜ Explicit dependency on target 'StripeUICore' in project 'Stripe'
        ➜ Explicit dependency on target 'StripePayments' in project 'Stripe'
        ➜ Explicit dependency on target 'StripePaymentsUI' in project 'Stripe'
    Target 'Stripe_Stripe' in project 'Stripe' (no dependencies)
    Target 'StripeConnect' in project 'Stripe'
        ➜ Explicit dependency on target 'StripeConnect' in project 'Stripe'
        ➜ Explicit dependency on target 'Stripe_StripeConnect' in project 'Stripe'
        ➜ Explicit dependency on target 'StripeCore' in project 'Stripe'
        ➜ Explicit dependency on target 'StripeUICore' in project 'Stripe'
        ➜ Explicit dependency on target 'StripeFinancialConnections' in project 'Stripe'
    Target 'StripeConnect' in project 'Stripe'
        ➜ Explicit dependency on target 'Stripe_StripeConnect' in project 'Stripe'
        ➜ Explicit dependency on target 'StripeCore' in project 'Stripe'
        ➜ Explicit dependency on target 'StripeUICore' in project 'Stripe'
        ➜ Explicit dependency on target 'StripeFinancialConnections' in project 'Stripe'
    Target 'Stripe_StripeConnect' in project 'Stripe' (no dependencies)
    Target 'GoogleSignIn' in project 'GoogleSignIn'
        ➜ Explicit dependency on target 'GoogleSignIn' in project 'GoogleSignIn'
        ➜ Explicit dependency on target 'GoogleSignIn_GoogleSignIn' in project 'GoogleSignIn'
        ➜ Explicit dependency on target 'AppAuth' in project 'AppAuth'
        ➜ Explicit dependency on target 'AppAuthCore' in project 'AppAuth'
        ➜ Explicit dependency on target 'AppCheckCore' in project 'AppCheck'
        ➜ Explicit dependency on target 'GTMAppAuth' in project 'GTMAppAuth'
        ➜ Explicit dependency on target 'GTMSessionFetcherCore' in project 'GTMSessionFetcher'
    Target 'StripeCardScan' in project 'Stripe'
        ➜ Explicit dependency on target 'StripeCardScan' in project 'Stripe'
        ➜ Explicit dependency on target 'Stripe_StripeCardScan' in project 'Stripe'
        ➜ Explicit dependency on target 'StripeCore' in project 'Stripe'
    Target 'StripeCardScan' in project 'Stripe'
        ➜ Explicit dependency on target 'Stripe_StripeCardScan' in project 'Stripe'
        ➜ Explicit dependency on target 'StripeCore' in project 'Stripe'
    Target 'Stripe_StripeCardScan' in project 'Stripe' (no dependencies)
    Target 'Realtime' in project 'Supabase'
        ➜ Explicit dependency on target 'Realtime' in project 'Supabase'
        ➜ Explicit dependency on target 'Helpers' in project 'Supabase'
        ➜ Explicit dependency on target 'ConcurrencyExtras' in project 'swift-concurrency-extras'
        ➜ Explicit dependency on target 'HTTPTypes' in project 'swift-http-types'
        ➜ Explicit dependency on target 'Clocks' in project 'swift-clocks'
        ➜ Explicit dependency on target 'XCTestDynamicOverlay' in project 'xctest-dynamic-overlay'
        ➜ Explicit dependency on target 'IssueReporting' in project 'xctest-dynamic-overlay'
    Target 'Storage' in project 'Supabase'
        ➜ Explicit dependency on target 'Storage' in project 'Supabase'
        ➜ Explicit dependency on target 'Helpers' in project 'Supabase'
        ➜ Explicit dependency on target 'ConcurrencyExtras' in project 'swift-concurrency-extras'
        ➜ Explicit dependency on target 'HTTPTypes' in project 'swift-http-types'
        ➜ Explicit dependency on target 'Clocks' in project 'swift-clocks'
        ➜ Explicit dependency on target 'XCTestDynamicOverlay' in project 'xctest-dynamic-overlay'
    Target 'StripeApplePay' in project 'Stripe'
        ➜ Explicit dependency on target 'StripeApplePay' in project 'Stripe'
        ➜ Explicit dependency on target 'StripeCore' in project 'Stripe'
    Target 'Auth' in project 'Supabase'
        ➜ Explicit dependency on target 'Auth' in project 'Supabase'
        ➜ Explicit dependency on target 'Helpers' in project 'Supabase'
        ➜ Explicit dependency on target 'ConcurrencyExtras' in project 'swift-concurrency-extras'
        ➜ Explicit dependency on target 'HTTPTypes' in project 'swift-http-types'
        ➜ Explicit dependency on target 'Clocks' in project 'swift-clocks'
        ➜ Explicit dependency on target 'XCTestDynamicOverlay' in project 'xctest-dynamic-overlay'
        ➜ Explicit dependency on target 'Crypto' in project 'swift-crypto'
    Target 'StripePaymentsUI' in project 'Stripe'
        ➜ Explicit dependency on target 'StripePaymentsUI' in project 'Stripe'
        ➜ Explicit dependency on target 'Stripe_StripePaymentsUI' in project 'Stripe'
        ➜ Explicit dependency on target 'StripeCore' in project 'Stripe'
        ➜ Explicit dependency on target 'Stripe3DS2' in project 'Stripe'
        ➜ Explicit dependency on target 'StripePayments' in project 'Stripe'
        ➜ Explicit dependency on target 'StripeUICore' in project 'Stripe'
    Target 'GoogleSignInSwift' in project 'GoogleSignIn'
        ➜ Explicit dependency on target 'GoogleSignInSwift' in project 'GoogleSignIn'
        ➜ Explicit dependency on target 'GoogleSignIn_GoogleSignInSwift' in project 'GoogleSignIn'
        ➜ Explicit dependency on target 'GoogleSignIn' in project 'GoogleSignIn'
        ➜ Explicit dependency on target 'AppAuth' in project 'AppAuth'
        ➜ Explicit dependency on target 'AppAuthCore' in project 'AppAuth'
        ➜ Explicit dependency on target 'AppCheckCore' in project 'AppCheck'
        ➜ Explicit dependency on target 'GTMAppAuth' in project 'GTMAppAuth'
        ➜ Explicit dependency on target 'GTMSessionFetcherCore' in project 'GTMSessionFetcher'
    Target 'GoogleSignInSwift' in project 'GoogleSignIn'
        ➜ Explicit dependency on target 'GoogleSignIn_GoogleSignInSwift' in project 'GoogleSignIn'
        ➜ Explicit dependency on target 'GoogleSignIn' in project 'GoogleSignIn'
        ➜ Explicit dependency on target 'AppAuth' in project 'AppAuth'
        ➜ Explicit dependency on target 'AppAuthCore' in project 'AppAuth'
        ➜ Explicit dependency on target 'AppCheckCore' in project 'AppCheck'
        ➜ Explicit dependency on target 'GTMAppAuth' in project 'GTMAppAuth'
        ➜ Explicit dependency on target 'GTMSessionFetcherCore' in project 'GTMSessionFetcher'
    Target 'GoogleSignIn' in project 'GoogleSignIn'
        ➜ Explicit dependency on target 'GoogleSignIn_GoogleSignIn' in project 'GoogleSignIn'
        ➜ Explicit dependency on target 'AppAuth' in project 'AppAuth'
        ➜ Explicit dependency on target 'AppAuthCore' in project 'AppAuth'
        ➜ Explicit dependency on target 'AppCheckCore' in project 'AppCheck'
        ➜ Explicit dependency on target 'GTMAppAuth' in project 'GTMAppAuth'
        ➜ Explicit dependency on target 'GTMSessionFetcherCore' in project 'GTMSessionFetcher'
    Target 'GTMAppAuth' in project 'GTMAppAuth'
        ➜ Explicit dependency on target 'GTMAppAuth' in project 'GTMAppAuth'
        ➜ Explicit dependency on target 'GTMAppAuth_GTMAppAuth' in project 'GTMAppAuth'
        ➜ Explicit dependency on target 'GTMSessionFetcherCore' in project 'GTMSessionFetcher'
        ➜ Explicit dependency on target 'AppAuthCore' in project 'AppAuth'
    Target 'GTMAppAuth' in project 'GTMAppAuth'
        ➜ Explicit dependency on target 'GTMAppAuth_GTMAppAuth' in project 'GTMAppAuth'
        ➜ Explicit dependency on target 'GTMSessionFetcherCore' in project 'GTMSessionFetcher'
        ➜ Explicit dependency on target 'AppAuthCore' in project 'AppAuth'
    Target 'GTMSessionFetcherCore' in project 'GTMSessionFetcher'
        ➜ Explicit dependency on target 'GTMSessionFetcherCore' in project 'GTMSessionFetcher'
        ➜ Explicit dependency on target 'GTMSessionFetcher_GTMSessionFetcherCore' in project 'GTMSessionFetcher'
    Target 'GTMSessionFetcherCore' in project 'GTMSessionFetcher'
        ➜ Explicit dependency on target 'GTMSessionFetcher_GTMSessionFetcherCore' in project 'GTMSessionFetcher'
    Target 'GTMSessionFetcher_GTMSessionFetcherCore' in project 'GTMSessionFetcher' (no dependencies)
    Target 'GTMAppAuth_GTMAppAuth' in project 'GTMAppAuth' (no dependencies)
    Target 'AppCheckCore' in project 'AppCheck'
        ➜ Explicit dependency on target 'AppCheckCore' in project 'AppCheck'
        ➜ Explicit dependency on target 'FBLPromises' in project 'Promises'
        ➜ Explicit dependency on target 'GULEnvironment' in project 'GoogleUtilities'
        ➜ Explicit dependency on target 'GULUserDefaults' in project 'GoogleUtilities'
    Target 'AppCheckCore' in project 'AppCheck'
        ➜ Explicit dependency on target 'FBLPromises' in project 'Promises'
        ➜ Explicit dependency on target 'GULEnvironment' in project 'GoogleUtilities'
        ➜ Explicit dependency on target 'GULUserDefaults' in project 'GoogleUtilities'
    Target 'GULUserDefaults' in project 'GoogleUtilities'
        ➜ Explicit dependency on target 'GoogleUtilities-UserDefaults' in project 'GoogleUtilities'
        ➜ Explicit dependency on target 'GoogleUtilities_GoogleUtilities-UserDefaults' in project 'GoogleUtilities'
        ➜ Explicit dependency on target 'third-party-IsAppEncrypted' in project 'GoogleUtilities'
        ➜ Explicit dependency on target 'GoogleUtilities-Environment' in project 'GoogleUtilities'
        ➜ Explicit dependency on target 'GoogleUtilities-Logger' in project 'GoogleUtilities'
    Target 'GoogleUtilities-UserDefaults' in project 'GoogleUtilities'
        ➜ Explicit dependency on target 'GoogleUtilities_GoogleUtilities-UserDefaults' in project 'GoogleUtilities'
        ➜ Explicit dependency on target 'third-party-IsAppEncrypted' in project 'GoogleUtilities'
        ➜ Explicit dependency on target 'GoogleUtilities-Environment' in project 'GoogleUtilities'
        ➜ Explicit dependency on target 'GoogleUtilities-Logger' in project 'GoogleUtilities'
    Target 'GoogleUtilities-Logger' in project 'GoogleUtilities'
        ➜ Explicit dependency on target 'GoogleUtilities_GoogleUtilities-Logger' in project 'GoogleUtilities'
        ➜ Explicit dependency on target 'third-party-IsAppEncrypted' in project 'GoogleUtilities'
        ➜ Explicit dependency on target 'GoogleUtilities-Environment' in project 'GoogleUtilities'
    Target 'GoogleUtilities_GoogleUtilities-Logger' in project 'GoogleUtilities' (no dependencies)
    Target 'GoogleUtilities_GoogleUtilities-UserDefaults' in project 'GoogleUtilities' (no dependencies)
    Target 'GULEnvironment' in project 'GoogleUtilities'
        ➜ Explicit dependency on target 'GoogleUtilities-Environment' in project 'GoogleUtilities'
        ➜ Explicit dependency on target 'GoogleUtilities_GoogleUtilities-Environment' in project 'GoogleUtilities'
        ➜ Explicit dependency on target 'third-party-IsAppEncrypted' in project 'GoogleUtilities'
    Target 'GoogleUtilities-Environment' in project 'GoogleUtilities'
        ➜ Explicit dependency on target 'GoogleUtilities_GoogleUtilities-Environment' in project 'GoogleUtilities'
        ➜ Explicit dependency on target 'third-party-IsAppEncrypted' in project 'GoogleUtilities'
    Target 'third-party-IsAppEncrypted' in project 'GoogleUtilities' (no dependencies)
    Target 'GoogleUtilities_GoogleUtilities-Environment' in project 'GoogleUtilities' (no dependencies)
    Target 'FBLPromises' in project 'Promises'
        ➜ Explicit dependency on target 'FBLPromises' in project 'Promises'
        ➜ Explicit dependency on target 'Promises_FBLPromises' in project 'Promises'
    Target 'FBLPromises' in project 'Promises'
        ➜ Explicit dependency on target 'Promises_FBLPromises' in project 'Promises'
    Target 'Promises_FBLPromises' in project 'Promises' (no dependencies)
    Target 'AppAuthCore' in project 'AppAuth'
        ➜ Explicit dependency on target 'AppAuthCore' in project 'AppAuth'
        ➜ Explicit dependency on target 'AppAuth_AppAuthCore' in project 'AppAuth'
    Target 'AppAuth' in project 'AppAuth'
        ➜ Explicit dependency on target 'AppAuth' in project 'AppAuth'
        ➜ Explicit dependency on target 'AppAuth_AppAuth' in project 'AppAuth'
        ➜ Explicit dependency on target 'AppAuthCore' in project 'AppAuth'
    Target 'AppAuth' in project 'AppAuth'
        ➜ Explicit dependency on target 'AppAuth_AppAuth' in project 'AppAuth'
        ➜ Explicit dependency on target 'AppAuthCore' in project 'AppAuth'
    Target 'AppAuthCore' in project 'AppAuth'
        ➜ Explicit dependency on target 'AppAuth_AppAuthCore' in project 'AppAuth'
    Target 'AppAuth_AppAuthCore' in project 'AppAuth' (no dependencies)
    Target 'AppAuth_AppAuth' in project 'AppAuth' (no dependencies)
    Target 'GoogleSignIn_GoogleSignIn' in project 'GoogleSignIn' (no dependencies)
    Target 'GoogleSignIn_GoogleSignInSwift' in project 'GoogleSignIn' (no dependencies)
    Target 'StripePayments' in project 'Stripe'
        ➜ Explicit dependency on target 'StripePayments' in project 'Stripe'
        ➜ Explicit dependency on target 'Stripe_StripePayments' in project 'Stripe'
        ➜ Explicit dependency on target 'StripeCore' in project 'Stripe'
        ➜ Explicit dependency on target 'Stripe3DS2' in project 'Stripe'
    Target 'Supabase' in project 'Supabase'
        ➜ Explicit dependency on target 'Supabase' in project 'Supabase'
        ➜ Explicit dependency on target 'Functions' in project 'Supabase'
        ➜ Explicit dependency on target 'PostgREST' in project 'Supabase'
        ➜ Explicit dependency on target 'Auth' in project 'Supabase'
        ➜ Explicit dependency on target 'Realtime' in project 'Supabase'
        ➜ Explicit dependency on target 'Storage' in project 'Supabase'
        ➜ Explicit dependency on target 'Helpers' in project 'Supabase'
        ➜ Explicit dependency on target 'ConcurrencyExtras' in project 'swift-concurrency-extras'
        ➜ Explicit dependency on target 'HTTPTypes' in project 'swift-http-types'
        ➜ Explicit dependency on target 'Clocks' in project 'swift-clocks'
        ➜ Explicit dependency on target 'XCTestDynamicOverlay' in project 'xctest-dynamic-overlay'
        ➜ Explicit dependency on target 'Crypto' in project 'swift-crypto'
        ➜ Explicit dependency on target 'IssueReporting' in project 'xctest-dynamic-overlay'
    Target 'Supabase' in project 'Supabase'
        ➜ Explicit dependency on target 'Helpers' in project 'Supabase'
        ➜ Explicit dependency on target 'Auth' in project 'Supabase'
        ➜ Explicit dependency on target 'Functions' in project 'Supabase'
        ➜ Explicit dependency on target 'PostgREST' in project 'Supabase'
        ➜ Explicit dependency on target 'Realtime' in project 'Supabase'
        ➜ Explicit dependency on target 'Storage' in project 'Supabase'
        ➜ Explicit dependency on target 'ConcurrencyExtras' in project 'swift-concurrency-extras'
        ➜ Explicit dependency on target 'HTTPTypes' in project 'swift-http-types'
        ➜ Explicit dependency on target 'Clocks' in project 'swift-clocks'
        ➜ Explicit dependency on target 'XCTestDynamicOverlay' in project 'xctest-dynamic-overlay'
        ➜ Explicit dependency on target 'Crypto' in project 'swift-crypto'
        ➜ Explicit dependency on target 'IssueReporting' in project 'xctest-dynamic-overlay'
    Target 'Storage' in project 'Supabase'
        ➜ Explicit dependency on target 'Helpers' in project 'Supabase'
        ➜ Explicit dependency on target 'ConcurrencyExtras' in project 'swift-concurrency-extras'
        ➜ Explicit dependency on target 'HTTPTypes' in project 'swift-http-types'
        ➜ Explicit dependency on target 'Clocks' in project 'swift-clocks'
        ➜ Explicit dependency on target 'XCTestDynamicOverlay' in project 'xctest-dynamic-overlay'
    Target 'Realtime' in project 'Supabase'
        ➜ Explicit dependency on target 'Helpers' in project 'Supabase'
        ➜ Explicit dependency on target 'ConcurrencyExtras' in project 'swift-concurrency-extras'
        ➜ Explicit dependency on target 'HTTPTypes' in project 'swift-http-types'
        ➜ Explicit dependency on target 'Clocks' in project 'swift-clocks'
        ➜ Explicit dependency on target 'XCTestDynamicOverlay' in project 'xctest-dynamic-overlay'
        ➜ Explicit dependency on target 'IssueReporting' in project 'xctest-dynamic-overlay'
    Target 'Auth' in project 'Supabase'
        ➜ Explicit dependency on target 'Helpers' in project 'Supabase'
        ➜ Explicit dependency on target 'ConcurrencyExtras' in project 'swift-concurrency-extras'
        ➜ Explicit dependency on target 'HTTPTypes' in project 'swift-http-types'
        ➜ Explicit dependency on target 'Clocks' in project 'swift-clocks'
        ➜ Explicit dependency on target 'XCTestDynamicOverlay' in project 'xctest-dynamic-overlay'
        ➜ Explicit dependency on target 'Crypto' in project 'swift-crypto'
    Target 'Crypto' in project 'swift-crypto'
        ➜ Explicit dependency on target 'Crypto' in project 'swift-crypto'
        ➜ Explicit dependency on target 'swift-crypto_Crypto' in project 'swift-crypto'
    Target 'Crypto' in project 'swift-crypto'
        ➜ Explicit dependency on target 'swift-crypto_Crypto' in project 'swift-crypto'
    Target 'swift-crypto_Crypto' in project 'swift-crypto' (no dependencies)
    Target 'StripePaymentSheet' in project 'Stripe'
        ➜ Explicit dependency on target 'StripePaymentSheet' in project 'Stripe'
        ➜ Explicit dependency on target 'Stripe_StripePaymentSheet' in project 'Stripe'
        ➜ Explicit dependency on target 'StripeCore' in project 'Stripe'
        ➜ Explicit dependency on target 'Stripe3DS2' in project 'Stripe'
        ➜ Explicit dependency on target 'StripePayments' in project 'Stripe'
        ➜ Explicit dependency on target 'StripeUICore' in project 'Stripe'
        ➜ Explicit dependency on target 'StripePaymentsUI' in project 'Stripe'
        ➜ Explicit dependency on target 'StripeApplePay' in project 'Stripe'
    Target 'StripePaymentSheet' in project 'Stripe'
        ➜ Explicit dependency on target 'Stripe_StripePaymentSheet' in project 'Stripe'
        ➜ Explicit dependency on target 'StripeCore' in project 'Stripe'
        ➜ Explicit dependency on target 'Stripe3DS2' in project 'Stripe'
        ➜ Explicit dependency on target 'StripePayments' in project 'Stripe'
        ➜ Explicit dependency on target 'StripeUICore' in project 'Stripe'
        ➜ Explicit dependency on target 'StripePaymentsUI' in project 'Stripe'
        ➜ Explicit dependency on target 'StripeApplePay' in project 'Stripe'
    Target 'StripeApplePay' in project 'Stripe'
        ➜ Explicit dependency on target 'StripeCore' in project 'Stripe'
    Target 'StripePaymentsUI' in project 'Stripe'
        ➜ Explicit dependency on target 'Stripe_StripePaymentsUI' in project 'Stripe'
        ➜ Explicit dependency on target 'StripeCore' in project 'Stripe'
        ➜ Explicit dependency on target 'Stripe3DS2' in project 'Stripe'
        ➜ Explicit dependency on target 'StripePayments' in project 'Stripe'
        ➜ Explicit dependency on target 'StripeUICore' in project 'Stripe'
    Target 'Stripe_StripePaymentsUI' in project 'Stripe' (no dependencies)
    Target 'StripePayments' in project 'Stripe'
        ➜ Explicit dependency on target 'Stripe_StripePayments' in project 'Stripe'
        ➜ Explicit dependency on target 'StripeCore' in project 'Stripe'
        ➜ Explicit dependency on target 'Stripe3DS2' in project 'Stripe'
    Target 'Stripe_StripePayments' in project 'Stripe' (no dependencies)
    Target 'Stripe3DS2' in project 'Stripe'
        ➜ Explicit dependency on target 'Stripe_Stripe3DS2' in project 'Stripe'
    Target 'Stripe_Stripe3DS2' in project 'Stripe' (no dependencies)
    Target 'Stripe_StripePaymentSheet' in project 'Stripe' (no dependencies)
    Target 'StripeIdentity' in project 'Stripe'
        ➜ Explicit dependency on target 'StripeIdentity' in project 'Stripe'
        ➜ Explicit dependency on target 'Stripe_StripeIdentity' in project 'Stripe'
        ➜ Explicit dependency on target 'StripeCore' in project 'Stripe'
        ➜ Explicit dependency on target 'StripeUICore' in project 'Stripe'
        ➜ Explicit dependency on target 'StripeCameraCore' in project 'Stripe'
    Target 'StripeIdentity' in project 'Stripe'
        ➜ Explicit dependency on target 'Stripe_StripeIdentity' in project 'Stripe'
        ➜ Explicit dependency on target 'StripeCore' in project 'Stripe'
        ➜ Explicit dependency on target 'StripeUICore' in project 'Stripe'
        ➜ Explicit dependency on target 'StripeCameraCore' in project 'Stripe'
    Target 'StripeCameraCore' in project 'Stripe'
        ➜ Explicit dependency on target 'StripeCore' in project 'Stripe'
    Target 'Stripe_StripeIdentity' in project 'Stripe' (no dependencies)
    Target 'StripeFinancialConnections' in project 'Stripe'
        ➜ Explicit dependency on target 'StripeFinancialConnections' in project 'Stripe'
        ➜ Explicit dependency on target 'Stripe_StripeFinancialConnections' in project 'Stripe'
        ➜ Explicit dependency on target 'StripeCore' in project 'Stripe'
        ➜ Explicit dependency on target 'StripeUICore' in project 'Stripe'
    Target 'StripeFinancialConnections' in project 'Stripe'
        ➜ Explicit dependency on target 'Stripe_StripeFinancialConnections' in project 'Stripe'
        ➜ Explicit dependency on target 'StripeCore' in project 'Stripe'
        ➜ Explicit dependency on target 'StripeUICore' in project 'Stripe'
    Target 'StripeUICore' in project 'Stripe'
        ➜ Explicit dependency on target 'Stripe_StripeUICore' in project 'Stripe'
        ➜ Explicit dependency on target 'StripeCore' in project 'Stripe'
    Target 'Stripe_StripeUICore' in project 'Stripe' (no dependencies)
    Target 'StripeCore' in project 'Stripe'
        ➜ Explicit dependency on target 'Stripe_StripeCore' in project 'Stripe'
    Target 'Stripe_StripeCore' in project 'Stripe' (no dependencies)
    Target 'Stripe_StripeFinancialConnections' in project 'Stripe' (no dependencies)
    Target 'Functions' in project 'Supabase'
        ➜ Explicit dependency on target 'Functions' in project 'Supabase'
        ➜ Explicit dependency on target 'Helpers' in project 'Supabase'
        ➜ Explicit dependency on target 'ConcurrencyExtras' in project 'swift-concurrency-extras'
        ➜ Explicit dependency on target 'HTTPTypes' in project 'swift-http-types'
        ➜ Explicit dependency on target 'Clocks' in project 'swift-clocks'
        ➜ Explicit dependency on target 'XCTestDynamicOverlay' in project 'xctest-dynamic-overlay'
    Target 'Functions' in project 'Supabase'
        ➜ Explicit dependency on target 'Helpers' in project 'Supabase'
        ➜ Explicit dependency on target 'ConcurrencyExtras' in project 'swift-concurrency-extras'
        ➜ Explicit dependency on target 'HTTPTypes' in project 'swift-http-types'
        ➜ Explicit dependency on target 'Clocks' in project 'swift-clocks'
        ➜ Explicit dependency on target 'XCTestDynamicOverlay' in project 'xctest-dynamic-overlay'
    Target 'PostgREST' in project 'Supabase'
        ➜ Explicit dependency on target 'PostgREST' in project 'Supabase'
        ➜ Explicit dependency on target 'Helpers' in project 'Supabase'
        ➜ Explicit dependency on target 'ConcurrencyExtras' in project 'swift-concurrency-extras'
        ➜ Explicit dependency on target 'HTTPTypes' in project 'swift-http-types'
        ➜ Explicit dependency on target 'Clocks' in project 'swift-clocks'
        ➜ Explicit dependency on target 'XCTestDynamicOverlay' in project 'xctest-dynamic-overlay'
    Target 'PostgREST' in project 'Supabase'
        ➜ Explicit dependency on target 'Helpers' in project 'Supabase'
        ➜ Explicit dependency on target 'ConcurrencyExtras' in project 'swift-concurrency-extras'
        ➜ Explicit dependency on target 'HTTPTypes' in project 'swift-http-types'
        ➜ Explicit dependency on target 'Clocks' in project 'swift-clocks'
        ➜ Explicit dependency on target 'XCTestDynamicOverlay' in project 'xctest-dynamic-overlay'
    Target 'Helpers' in project 'Supabase'
        ➜ Explicit dependency on target 'ConcurrencyExtras' in project 'swift-concurrency-extras'
        ➜ Explicit dependency on target 'HTTPTypes' in project 'swift-http-types'
        ➜ Explicit dependency on target 'Clocks' in project 'swift-clocks'
        ➜ Explicit dependency on target 'XCTestDynamicOverlay' in project 'xctest-dynamic-overlay'
    Target 'XCTestDynamicOverlay' in project 'xctest-dynamic-overlay'
        ➜ Explicit dependency on target 'XCTestDynamicOverlay' in project 'xctest-dynamic-overlay'
        ➜ Explicit dependency on target 'IssueReportingPackageSupport' in project 'xctest-dynamic-overlay'
        ➜ Explicit dependency on target 'IssueReporting' in project 'xctest-dynamic-overlay'
    Target 'XCTestDynamicOverlay' in project 'xctest-dynamic-overlay'
        ➜ Explicit dependency on target 'IssueReportingPackageSupport' in project 'xctest-dynamic-overlay'
        ➜ Explicit dependency on target 'IssueReporting' in project 'xctest-dynamic-overlay'
    Target 'Clocks' in project 'swift-clocks'
        ➜ Explicit dependency on target 'Clocks' in project 'swift-clocks'
        ➜ Explicit dependency on target 'ConcurrencyExtras' in project 'swift-concurrency-extras'
        ➜ Explicit dependency on target 'IssueReporting' in project 'xctest-dynamic-overlay'
    Target 'Clocks' in project 'swift-clocks'
        ➜ Explicit dependency on target 'ConcurrencyExtras' in project 'swift-concurrency-extras'
        ➜ Explicit dependency on target 'IssueReporting' in project 'xctest-dynamic-overlay'
    Target 'IssueReporting' in project 'xctest-dynamic-overlay'
        ➜ Explicit dependency on target 'IssueReporting' in project 'xctest-dynamic-overlay'
        ➜ Explicit dependency on target 'IssueReportingPackageSupport' in project 'xctest-dynamic-overlay'
    Target 'IssueReporting' in project 'xctest-dynamic-overlay'
        ➜ Explicit dependency on target 'IssueReportingPackageSupport' in project 'xctest-dynamic-overlay'
    Target 'IssueReportingPackageSupport' in project 'xctest-dynamic-overlay' (no dependencies)
    Target 'HTTPTypes' in project 'swift-http-types'
        ➜ Explicit dependency on target 'HTTPTypes' in project 'swift-http-types'
    Target 'HTTPTypes' in project 'swift-http-types' (no dependencies)
    Target 'ConcurrencyExtras' in project 'swift-concurrency-extras'
        ➜ Explicit dependency on target 'ConcurrencyExtras' in project 'swift-concurrency-extras'
    Target 'ConcurrencyExtras' in project 'swift-concurrency-extras' (no dependencies)

GatherProvisioningInputs

CreateBuildDescription

ExecuteExternalTool /Applications/Xcode.app/Contents/Developer/Toolchains/XcodeDefault.xctoolchain/usr/bin/swiftc --version

ExecuteExternalTool /Applications/Xcode.app/Contents/Developer/usr/bin/actool --version --output-format xml1

ExecuteExternalTool /Applications/Xcode.app/Contents/Developer/Toolchains/XcodeDefault.xctoolchain/usr/bin/clang -v -E -dM -arch arm64 -isysroot /Applications/Xcode.app/Contents/Developer/Platforms/iPhoneSimulator.platform/Developer/SDKs/iPhoneSimulator26.2.sdk -x objective-c -c /dev/null

ExecuteExternalTool /Applications/Xcode.app/Contents/Developer/Toolchains/XcodeDefault.xctoolchain/usr/bin/clang -v -E -dM -isysroot /Applications/Xcode.app/Contents/Developer/Platforms/iPhoneSimulator.platform/Developer/SDKs/iPhoneSimulator26.2.sdk -x c -c /dev/null

ExecuteExternalTool /Applications/Xcode.app/Contents/Developer/usr/bin/actool --print-asset-tag-combinations --output-format xml1 /Users/xinyufang/Documents/Buzz/Buzz/Assets.xcassets

ExecuteExternalTool /Applications/Xcode.app/Contents/Developer/Toolchains/XcodeDefault.xctoolchain/usr/bin/clang -v -E -dM -arch arm64 -isysroot /Applications/Xcode.app/Contents/Developer/Platforms/iPhoneSimulator.platform/Developer/SDKs/iPhoneSimulator26.2.sdk -x c -c /dev/null

ExecuteExternalTool /Applications/Xcode.app/Contents/Developer/Toolchains/XcodeDefault.xctoolchain/usr/bin/ld -version_details

ReadFileContents /Applications/Xcode.app/Contents/Developer/Toolchains/XcodeDefault.xctoolchain/usr/share/docc/features.json

Build description signature: 1950a3f2dcf76c8576ba435c014cd686
Build description path: /Users/xinyufang/Library/Developer/Xcode/DerivedData/Buzz-faillbpsmponqzeruhhvskovixzk/Build/Intermediates.noindex/XCBuildData/1950a3f2dcf76c8576ba435c014cd686.xcbuilddata
ClangStatCache /Applications/Xcode.app/Contents/Developer/Toolchains/XcodeDefault.xctoolchain/usr/bin/clang-stat-cache /Applications/Xcode.app/Contents/Developer/Platforms/iPhoneSimulator.platform/Developer/SDKs/iPhoneSimulator26.2.sdk /Users/xinyufang/Library/Developer/Xcode/DerivedData/SDKStatCaches.noindex/iphonesimulator26.2-23C53-7d00a8b37fbd7999ea79df8ebc024bf0.sdkstatcache
    cd /Users/xinyufang/Documents/Buzz/Buzz.xcodeproj
    /Applications/Xcode.app/Contents/Developer/Toolchains/XcodeDefault.xctoolchain/usr/bin/clang-stat-cache /Applications/Xcode.app/Contents/Developer/Platforms/iPhoneSimulator.platform/Developer/SDKs/iPhoneSimulator26.2.sdk -o /Users/xinyufang/Library/Developer/Xcode/DerivedData/SDKStatCaches.noindex/iphonesimulator26.2-23C53-7d00a8b37fbd7999ea79df8ebc024bf0.sdkstatcache

Ld /Users/xinyufang/Library/Developer/Xcode/DerivedData/Buzz-faillbpsmponqzeruhhvskovixzk/Build/Products/Debug-iphonesimulator/HTTPTypes.o normal (in target 'HTTPTypes' from project 'swift-http-types')
    cd /Users/xinyufang/Library/Developer/Xcode/DerivedData/Buzz-faillbpsmponqzeruhhvskovixzk/SourcePackages/checkouts/swift-http-types
    /Applications/Xcode.app/Contents/Developer/Toolchains/XcodeDefault.xctoolchain/usr/bin/clang -Xlinker -reproducible -target arm64-apple-ios12.0-simulator -r -isysroot /Applications/Xcode.app/Contents/Developer/Platforms/iPhoneSimulator.platform/Developer/SDKs/iPhoneSimulator26.2.sdk -O0 -w -L/Users/xinyufang/Library/Developer/Xcode/DerivedData/Buzz-faillbpsmponqzeruhhvskovixzk/Build/Intermediates.noindex/EagerLinkingTBDs/Debug-iphonesimulator -L/Users/xinyufang/Library/Developer/Xcode/DerivedData/Buzz-faillbpsmponqzeruhhvskovixzk/Build/Products/Debug-iphonesimulator -L/Applications/Xcode.app/Contents/Developer/Platforms/iPhoneSimulator.platform/Developer/usr/lib -F/Users/xinyufang/Library/Developer/Xcode/DerivedData/Buzz-faillbpsmponqzeruhhvskovixzk/Build/Intermediates.noindex/EagerLinkingTBDs/Debug-iphonesimulator -F/Users/xinyufang/Library/Developer/Xcode/DerivedData/Buzz-faillbpsmponqzeruhhvskovixzk/Build/Products/Debug-iphonesimulator -iframework /Applications/Xcode.app/Contents/Developer/Platforms/iPhoneSimulator.platform/Developer/Library/Frameworks -iframework /Applications/Xcode.app/Contents/Developer/Platforms/iPhoneSimulator.platform/Developer/SDKs/iPhoneSimulator26.2.sdk/Developer/Library/Frameworks -filelist /Users/xinyufang/Library/Developer/Xcode/DerivedData/Buzz-faillbpsmponqzeruhhvskovixzk/Build/Intermediates.noindex/swift-http-types.build/Debug-iphonesimulator/HTTPTypes.build/Objects-normal/arm64/HTTPTypes.LinkFileList -nostdlib -Xlinker -object_path_lto -Xlinker /Users/xinyufang/Library/Developer/Xcode/DerivedData/Buzz-faillbpsmponqzeruhhvskovixzk/Build/Intermediates.noindex/swift-http-types.build/Debug-iphonesimulator/HTTPTypes.build/Objects-normal/arm64/HTTPTypes_lto.o -rdynamic -Xlinker -no_deduplicate -Xlinker -objc_abi_version -Xlinker 2 -Xlinker -debug_variant -Xlinker -dependency_info -Xlinker /Users/xinyufang/Library/Developer/Xcode/DerivedData/Buzz-faillbpsmponqzeruhhvskovixzk/Build/Intermediates.noindex/swift-http-types.build/Debug-iphonesimulator/HTTPTypes.build/Objects-normal/arm64/HTTPTypes_dependency_info.dat -fobjc-link-runtime -L/Applications/Xcode.app/Contents/Developer/Toolchains/XcodeDefault.xctoolchain/usr/lib/swift/iphonesimulator -L/usr/lib/swift -Xlinker -add_ast_path -Xlinker /Users/xinyufang/Library/Developer/Xcode/DerivedData/Buzz-faillbpsmponqzeruhhvskovixzk/Build/Intermediates.noindex/swift-http-types.build/Debug-iphonesimulator/HTTPTypes.build/Objects-normal/arm64/HTTPTypes.swiftmodule @/Users/xinyufang/Library/Developer/Xcode/DerivedData/Buzz-faillbpsmponqzeruhhvskovixzk/Build/Intermediates.noindex/swift-http-types.build/Debug-iphonesimulator/HTTPTypes.build/Objects-normal/arm64/HTTPTypes-linker-args.resp -o /Users/xinyufang/Library/Developer/Xcode/DerivedData/Buzz-faillbpsmponqzeruhhvskovixzk/Build/Products/Debug-iphonesimulator/HTTPTypes.o

ExtractAppIntentsMetadata (in target 'HTTPTypes' from project 'swift-http-types')
    cd /Users/xinyufang/Library/Developer/Xcode/DerivedData/Buzz-faillbpsmponqzeruhhvskovixzk/SourcePackages/checkouts/swift-http-types
    /Applications/Xcode.app/Contents/Developer/Toolchains/XcodeDefault.xctoolchain/usr/bin/appintentsmetadataprocessor --toolchain-dir /Applications/Xcode.app/Contents/Developer/Toolchains/XcodeDefault.xctoolchain --module-name HTTPTypes --sdk-root /Applications/Xcode.app/Contents/Developer/Platforms/iPhoneSimulator.platform/Developer/SDKs/iPhoneSimulator26.2.sdk --xcode-version 17C52 --platform-family iOS --deployment-target 12.0 --bundle-identifier swift-http-types.HTTPTypes --output /Users/xinyufang/Library/Developer/Xcode/DerivedData/Buzz-faillbpsmponqzeruhhvskovixzk/Build/Products/Debug-iphonesimulator/HTTPTypes.appintents --target-triple arm64-apple-ios12.0-simulator --binary-file /Users/xinyufang/Library/Developer/Xcode/DerivedData/Buzz-faillbpsmponqzeruhhvskovixzk/Build/Products/Debug-iphonesimulator/HTTPTypes.o --dependency-file /Users/xinyufang/Library/Developer/Xcode/DerivedData/Buzz-faillbpsmponqzeruhhvskovixzk/Build/Intermediates.noindex/swift-http-types.build/Debug-iphonesimulator/HTTPTypes.build/Objects-normal/arm64/HTTPTypes_dependency_info.dat --stringsdata-file /Users/xinyufang/Library/Developer/Xcode/DerivedData/Buzz-faillbpsmponqzeruhhvskovixzk/Build/Intermediates.noindex/swift-http-types.build/Debug-iphonesimulator/HTTPTypes.build/Objects-normal/arm64/ExtractedAppShortcutsMetadata.stringsdata --source-file-list /Users/xinyufang/Library/Developer/Xcode/DerivedData/Buzz-faillbpsmponqzeruhhvskovixzk/Build/Intermediates.noindex/swift-http-types.build/Debug-iphonesimulator/HTTPTypes.build/Objects-normal/arm64/HTTPTypes.SwiftFileList --metadata-file-list /Users/xinyufang/Library/Developer/Xcode/DerivedData/Buzz-faillbpsmponqzeruhhvskovixzk/Build/Intermediates.noindex/swift-http-types.build/Debug-iphonesimulator/HTTPTypes.build/HTTPTypes.DependencyMetadataFileList --static-metadata-file-list /Users/xinyufang/Library/Developer/Xcode/DerivedData/Buzz-faillbpsmponqzeruhhvskovixzk/Build/Intermediates.noindex/swift-http-types.build/Debug-iphonesimulator/HTTPTypes.build/HTTPTypes.DependencyStaticMetadataFileList --swift-const-vals-list /Users/xinyufang/Library/Developer/Xcode/DerivedData/Buzz-faillbpsmponqzeruhhvskovixzk/Build/Intermediates.noindex/swift-http-types.build/Debug-iphonesimulator/HTTPTypes.build/Objects-normal/arm64/HTTPTypes.SwiftConstValuesFileList --force --compile-time-extraction --deployment-aware-processing --validate-assistant-intents --no-app-shortcuts-localization
2026-01-17 23:39:16.791 appintentsmetadataprocessor[99119:10446351] Starting appintentsmetadataprocessor export
2026-01-17 23:39:16.916 appintentsmetadataprocessor[99119:10446351] Extracted no relevant App Intents symbols, skipping writing output

ProcessProductPackaging /Users/xinyufang/Documents/Buzz/Buzz/BuzzDebug.entitlements /Users/xinyufang/Library/Developer/Xcode/DerivedData/Buzz-faillbpsmponqzeruhhvskovixzk/Build/Intermediates.noindex/Buzz.build/Debug-iphonesimulator/Buzz.build/Buzz.app-Simulated.xcent (in target 'Buzz' from project 'Buzz')
    cd /Users/xinyufang/Documents/Buzz
    
    Entitlements:
    
    {
    "application-identifier" = "8Z3F4XB85L.com.buzz.app.ios";
    "aps-environment" = development;
    "com.apple.developer.in-app-payments" =     (
        "merchant.com.buzz.app.ios"
    );
}
    
    builtin-productPackagingUtility /Users/xinyufang/Documents/Buzz/Buzz/BuzzDebug.entitlements -entitlements -format xml -o /Users/xinyufang/Library/Developer/Xcode/DerivedData/Buzz-faillbpsmponqzeruhhvskovixzk/Build/Intermediates.noindex/Buzz.build/Debug-iphonesimulator/Buzz.build/Buzz.app-Simulated.xcent

ProcessProductPackagingDER /Users/xinyufang/Library/Developer/Xcode/DerivedData/Buzz-faillbpsmponqzeruhhvskovixzk/Build/Intermediates.noindex/Buzz.build/Debug-iphonesimulator/Buzz.build/Buzz.app-Simulated.xcent /Users/xinyufang/Library/Developer/Xcode/DerivedData/Buzz-faillbpsmponqzeruhhvskovixzk/Build/Intermediates.noindex/Buzz.build/Debug-iphonesimulator/Buzz.build/Buzz.app-Simulated.xcent.der (in target 'Buzz' from project 'Buzz')
    cd /Users/xinyufang/Documents/Buzz
    /usr/bin/derq query -f xml -i /Users/xinyufang/Library/Developer/Xcode/DerivedData/Buzz-faillbpsmponqzeruhhvskovixzk/Build/Intermediates.noindex/Buzz.build/Debug-iphonesimulator/Buzz.build/Buzz.app-Simulated.xcent -o /Users/xinyufang/Library/Developer/Xcode/DerivedData/Buzz-faillbpsmponqzeruhhvskovixzk/Build/Intermediates.noindex/Buzz.build/Debug-iphonesimulator/Buzz.build/Buzz.app-Simulated.xcent.der --raw

ProcessProductPackaging /Users/xinyufang/Documents/Buzz/Buzz/BuzzDebug.entitlements /Users/xinyufang/Library/Developer/Xcode/DerivedData/Buzz-faillbpsmponqzeruhhvskovixzk/Build/Intermediates.noindex/Buzz.build/Debug-iphonesimulator/Buzz.build/Buzz.app.xcent (in target 'Buzz' from project 'Buzz')
    cd /Users/xinyufang/Documents/Buzz
    
    Entitlements:
    
    {
}
    
    builtin-productPackagingUtility /Users/xinyufang/Documents/Buzz/Buzz/BuzzDebug.entitlements -entitlements -format xml -o /Users/xinyufang/Library/Developer/Xcode/DerivedData/Buzz-faillbpsmponqzeruhhvskovixzk/Build/Intermediates.noindex/Buzz.build/Debug-iphonesimulator/Buzz.build/Buzz.app.xcent

ProcessProductPackagingDER /Users/xinyufang/Library/Developer/Xcode/DerivedData/Buzz-faillbpsmponqzeruhhvskovixzk/Build/Intermediates.noindex/Buzz.build/Debug-iphonesimulator/Buzz.build/Buzz.app.xcent /Users/xinyufang/Library/Developer/Xcode/DerivedData/Buzz-faillbpsmponqzeruhhvskovixzk/Build/Intermediates.noindex/Buzz.build/Debug-iphonesimulator/Buzz.build/Buzz.app.xcent.der (in target 'Buzz' from project 'Buzz')
    cd /Users/xinyufang/Documents/Buzz
    /usr/bin/derq query -f xml -i /Users/xinyufang/Library/Developer/Xcode/DerivedData/Buzz-faillbpsmponqzeruhhvskovixzk/Build/Intermediates.noindex/Buzz.build/Debug-iphonesimulator/Buzz.build/Buzz.app.xcent -o /Users/xinyufang/Library/Developer/Xcode/DerivedData/Buzz-faillbpsmponqzeruhhvskovixzk/Build/Intermediates.noindex/Buzz.build/Debug-iphonesimulator/Buzz.build/Buzz.app.xcent.der --raw

RegisterExecutionPolicyException /Users/xinyufang/Library/Developer/Xcode/DerivedData/Buzz-faillbpsmponqzeruhhvskovixzk/Build/Products/Debug-iphonesimulator/HTTPTypes.o (in target 'HTTPTypes' from project 'swift-http-types')
    cd /Users/xinyufang/Library/Developer/Xcode/DerivedData/Buzz-faillbpsmponqzeruhhvskovixzk/SourcePackages/checkouts/swift-http-types
    builtin-RegisterExecutionPolicyException /Users/xinyufang/Library/Developer/Xcode/DerivedData/Buzz-faillbpsmponqzeruhhvskovixzk/Build/Products/Debug-iphonesimulator/HTTPTypes.o

Ld /Users/xinyufang/Library/Developer/Xcode/DerivedData/Buzz-faillbpsmponqzeruhhvskovixzk/Build/Products/Debug-iphonesimulator/IssueReportingPackageSupport.o normal (in target 'IssueReportingPackageSupport' from project 'xctest-dynamic-overlay')
    cd /Users/xinyufang/Library/Developer/Xcode/DerivedData/Buzz-faillbpsmponqzeruhhvskovixzk/SourcePackages/checkouts/xctest-dynamic-overlay
    /Applications/Xcode.app/Contents/Developer/Toolchains/XcodeDefault.xctoolchain/usr/bin/clang -Xlinker -reproducible -target arm64-apple-ios13.0-simulator -r -isysroot /Applications/Xcode.app/Contents/Developer/Platforms/iPhoneSimulator.platform/Developer/SDKs/iPhoneSimulator26.2.sdk -O0 -w -L/Users/xinyufang/Library/Developer/Xcode/DerivedData/Buzz-faillbpsmponqzeruhhvskovixzk/Build/Intermediates.noindex/EagerLinkingTBDs/Debug-iphonesimulator -L/Users/xinyufang/Library/Developer/Xcode/DerivedData/Buzz-faillbpsmponqzeruhhvskovixzk/Build/Products/Debug-iphonesimulator -L/Applications/Xcode.app/Contents/Developer/Platforms/iPhoneSimulator.platform/Developer/usr/lib -F/Users/xinyufang/Library/Developer/Xcode/DerivedData/Buzz-faillbpsmponqzeruhhvskovixzk/Build/Intermediates.noindex/EagerLinkingTBDs/Debug-iphonesimulator -F/Users/xinyufang/Library/Developer/Xcode/DerivedData/Buzz-faillbpsmponqzeruhhvskovixzk/Build/Products/Debug-iphonesimulator -iframework /Applications/Xcode.app/Contents/Developer/Platforms/iPhoneSimulator.platform/Developer/Library/Frameworks -iframework /Applications/Xcode.app/Contents/Developer/Platforms/iPhoneSimulator.platform/Developer/SDKs/iPhoneSimulator26.2.sdk/Developer/Library/Frameworks -filelist /Users/xinyufang/Library/Developer/Xcode/DerivedData/Buzz-faillbpsmponqzeruhhvskovixzk/Build/Intermediates.noindex/xctest-dynamic-overlay.build/Debug-iphonesimulator/IssueReportingPackageSupport.build/Objects-normal/arm64/IssueReportingPackageSupport.LinkFileList -nostdlib -Xlinker -object_path_lto -Xlinker /Users/xinyufang/Library/Developer/Xcode/DerivedData/Buzz-faillbpsmponqzeruhhvskovixzk/Build/Intermediates.noindex/xctest-dynamic-overlay.build/Debug-iphonesimulator/IssueReportingPackageSupport.build/Objects-normal/arm64/IssueReportingPackageSupport_lto.o -rdynamic -Xlinker -no_deduplicate -Xlinker -objc_abi_version -Xlinker 2 -Xlinker -debug_variant -Xlinker -dependency_info -Xlinker /Users/xinyufang/Library/Developer/Xcode/DerivedData/Buzz-faillbpsmponqzeruhhvskovixzk/Build/Intermediates.noindex/xctest-dynamic-overlay.build/Debug-iphonesimulator/IssueReportingPackageSupport.build/Objects-normal/arm64/IssueReportingPackageSupport_dependency_info.dat -fobjc-link-runtime -L/Applications/Xcode.app/Contents/Developer/Toolchains/XcodeDefault.xctoolchain/usr/lib/swift/iphonesimulator -L/usr/lib/swift -Xlinker -add_ast_path -Xlinker /Users/xinyufang/Library/Developer/Xcode/DerivedData/Buzz-faillbpsmponqzeruhhvskovixzk/Build/Intermediates.noindex/xctest-dynamic-overlay.build/Debug-iphonesimulator/IssueReportingPackageSupport.build/Objects-normal/arm64/IssueReportingPackageSupport.swiftmodule @/Users/xinyufang/Library/Developer/Xcode/DerivedData/Buzz-faillbpsmponqzeruhhvskovixzk/Build/Intermediates.noindex/xctest-dynamic-overlay.build/Debug-iphonesimulator/IssueReportingPackageSupport.build/Objects-normal/arm64/IssueReportingPackageSupport-linker-args.resp -o /Users/xinyufang/Library/Developer/Xcode/DerivedData/Buzz-faillbpsmponqzeruhhvskovixzk/Build/Products/Debug-iphonesimulator/IssueReportingPackageSupport.o

ExtractAppIntentsMetadata (in target 'IssueReportingPackageSupport' from project 'xctest-dynamic-overlay')
    cd /Users/xinyufang/Library/Developer/Xcode/DerivedData/Buzz-faillbpsmponqzeruhhvskovixzk/SourcePackages/checkouts/xctest-dynamic-overlay
    /Applications/Xcode.app/Contents/Developer/Toolchains/XcodeDefault.xctoolchain/usr/bin/appintentsmetadataprocessor --toolchain-dir /Applications/Xcode.app/Contents/Developer/Toolchains/XcodeDefault.xctoolchain --module-name IssueReportingPackageSupport --sdk-root /Applications/Xcode.app/Contents/Developer/Platforms/iPhoneSimulator.platform/Developer/SDKs/iPhoneSimulator26.2.sdk --xcode-version 17C52 --platform-family iOS --deployment-target 13.0 --bundle-identifier xctest-dynamic-overlay.IssueReportingPackageSupport --output /Users/xinyufang/Library/Developer/Xcode/DerivedData/Buzz-faillbpsmponqzeruhhvskovixzk/Build/Products/Debug-iphonesimulator/IssueReportingPackageSupport.appintents --target-triple arm64-apple-ios13.0-simulator --binary-file /Users/xinyufang/Library/Developer/Xcode/DerivedData/Buzz-faillbpsmponqzeruhhvskovixzk/Build/Products/Debug-iphonesimulator/IssueReportingPackageSupport.o --dependency-file /Users/xinyufang/Library/Developer/Xcode/DerivedData/Buzz-faillbpsmponqzeruhhvskovixzk/Build/Intermediates.noindex/xctest-dynamic-overlay.build/Debug-iphonesimulator/IssueReportingPackageSupport.build/Objects-normal/arm64/IssueReportingPackageSupport_dependency_info.dat --stringsdata-file /Users/xinyufang/Library/Developer/Xcode/DerivedData/Buzz-faillbpsmponqzeruhhvskovixzk/Build/Intermediates.noindex/xctest-dynamic-overlay.build/Debug-iphonesimulator/IssueReportingPackageSupport.build/Objects-normal/arm64/ExtractedAppShortcutsMetadata.stringsdata --source-file-list /Users/xinyufang/Library/Developer/Xcode/DerivedData/Buzz-faillbpsmponqzeruhhvskovixzk/Build/Intermediates.noindex/xctest-dynamic-overlay.build/Debug-iphonesimulator/IssueReportingPackageSupport.build/Objects-normal/arm64/IssueReportingPackageSupport.SwiftFileList --metadata-file-list /Users/xinyufang/Library/Developer/Xcode/DerivedData/Buzz-faillbpsmponqzeruhhvskovixzk/Build/Intermediates.noindex/xctest-dynamic-overlay.build/Debug-iphonesimulator/IssueReportingPackageSupport.build/IssueReportingPackageSupport.DependencyMetadataFileList --static-metadata-file-list /Users/xinyufang/Library/Developer/Xcode/DerivedData/Buzz-faillbpsmponqzeruhhvskovixzk/Build/Intermediates.noindex/xctest-dynamic-overlay.build/Debug-iphonesimulator/IssueReportingPackageSupport.build/IssueReportingPackageSupport.DependencyStaticMetadataFileList --swift-const-vals-list /Users/xinyufang/Library/Developer/Xcode/DerivedData/Buzz-faillbpsmponqzeruhhvskovixzk/Build/Intermediates.noindex/xctest-dynamic-overlay.build/Debug-iphonesimulator/IssueReportingPackageSupport.build/Objects-normal/arm64/IssueReportingPackageSupport.SwiftConstValuesFileList --force --compile-time-extraction --deployment-aware-processing --validate-assistant-intents --no-app-shortcuts-localization
2026-01-17 23:39:16.978 appintentsmetadataprocessor[99125:10446370] Starting appintentsmetadataprocessor export
2026-01-17 23:39:17.073 appintentsmetadataprocessor[99125:10446370] Extracted no relevant App Intents symbols, skipping writing output

RegisterExecutionPolicyException /Users/xinyufang/Library/Developer/Xcode/DerivedData/Buzz-faillbpsmponqzeruhhvskovixzk/Build/Products/Debug-iphonesimulator/IssueReportingPackageSupport.o (in target 'IssueReportingPackageSupport' from project 'xctest-dynamic-overlay')
    cd /Users/xinyufang/Library/Developer/Xcode/DerivedData/Buzz-faillbpsmponqzeruhhvskovixzk/SourcePackages/checkouts/xctest-dynamic-overlay
    builtin-RegisterExecutionPolicyException /Users/xinyufang/Library/Developer/Xcode/DerivedData/Buzz-faillbpsmponqzeruhhvskovixzk/Build/Products/Debug-iphonesimulator/IssueReportingPackageSupport.o

Ld /Users/xinyufang/Library/Developer/Xcode/DerivedData/Buzz-faillbpsmponqzeruhhvskovixzk/Build/Products/Debug-iphonesimulator/IssueReporting.o normal (in target 'IssueReporting' from project 'xctest-dynamic-overlay')
    cd /Users/xinyufang/Library/Developer/Xcode/DerivedData/Buzz-faillbpsmponqzeruhhvskovixzk/SourcePackages/checkouts/xctest-dynamic-overlay
    /Applications/Xcode.app/Contents/Developer/Toolchains/XcodeDefault.xctoolchain/usr/bin/clang -Xlinker -reproducible -target arm64-apple-ios13.0-simulator -r -isysroot /Applications/Xcode.app/Contents/Developer/Platforms/iPhoneSimulator.platform/Developer/SDKs/iPhoneSimulator26.2.sdk -O0 -w -L/Users/xinyufang/Library/Developer/Xcode/DerivedData/Buzz-faillbpsmponqzeruhhvskovixzk/Build/Intermediates.noindex/EagerLinkingTBDs/Debug-iphonesimulator -L/Users/xinyufang/Library/Developer/Xcode/DerivedData/Buzz-faillbpsmponqzeruhhvskovixzk/Build/Products/Debug-iphonesimulator -L/Applications/Xcode.app/Contents/Developer/Platforms/iPhoneSimulator.platform/Developer/usr/lib -F/Users/xinyufang/Library/Developer/Xcode/DerivedData/Buzz-faillbpsmponqzeruhhvskovixzk/Build/Intermediates.noindex/EagerLinkingTBDs/Debug-iphonesimulator -F/Users/xinyufang/Library/Developer/Xcode/DerivedData/Buzz-faillbpsmponqzeruhhvskovixzk/Build/Products/Debug-iphonesimulator/PackageFrameworks -F/Users/xinyufang/Library/Developer/Xcode/DerivedData/Buzz-faillbpsmponqzeruhhvskovixzk/Build/Products/Debug-iphonesimulator -iframework /Applications/Xcode.app/Contents/Developer/Platforms/iPhoneSimulator.platform/Developer/Library/Frameworks -iframework /Applications/Xcode.app/Contents/Developer/Platforms/iPhoneSimulator.platform/Developer/SDKs/iPhoneSimulator26.2.sdk/Developer/Library/Frameworks -filelist /Users/xinyufang/Library/Developer/Xcode/DerivedData/Buzz-faillbpsmponqzeruhhvskovixzk/Build/Intermediates.noindex/xctest-dynamic-overlay.build/Debug-iphonesimulator/IssueReporting.build/Objects-normal/arm64/IssueReporting.LinkFileList -nostdlib -Xlinker -object_path_lto -Xlinker /Users/xinyufang/Library/Developer/Xcode/DerivedData/Buzz-faillbpsmponqzeruhhvskovixzk/Build/Intermediates.noindex/xctest-dynamic-overlay.build/Debug-iphonesimulator/IssueReporting.build/Objects-normal/arm64/IssueReporting_lto.o -rdynamic -Xlinker -no_deduplicate -Xlinker -objc_abi_version -Xlinker 2 -Xlinker -debug_variant -Xlinker -dependency_info -Xlinker /Users/xinyufang/Library/Developer/Xcode/DerivedData/Buzz-faillbpsmponqzeruhhvskovixzk/Build/Intermediates.noindex/xctest-dynamic-overlay.build/Debug-iphonesimulator/IssueReporting.build/Objects-normal/arm64/IssueReporting_dependency_info.dat -fobjc-link-runtime -L/Applications/Xcode.app/Contents/Developer/Toolchains/XcodeDefault.xctoolchain/usr/lib/swift/iphonesimulator -L/usr/lib/swift -Xlinker -add_ast_path -Xlinker /Users/xinyufang/Library/Developer/Xcode/DerivedData/Buzz-faillbpsmponqzeruhhvskovixzk/Build/Intermediates.noindex/xctest-dynamic-overlay.build/Debug-iphonesimulator/IssueReporting.build/Objects-normal/arm64/IssueReporting.swiftmodule @/Users/xinyufang/Library/Developer/Xcode/DerivedData/Buzz-faillbpsmponqzeruhhvskovixzk/Build/Intermediates.noindex/xctest-dynamic-overlay.build/Debug-iphonesimulator/IssueReporting.build/Objects-normal/arm64/IssueReporting-linker-args.resp -o /Users/xinyufang/Library/Developer/Xcode/DerivedData/Buzz-faillbpsmponqzeruhhvskovixzk/Build/Products/Debug-iphonesimulator/IssueReporting.o

ExtractAppIntentsMetadata (in target 'IssueReporting' from project 'xctest-dynamic-overlay')
    cd /Users/xinyufang/Library/Developer/Xcode/DerivedData/Buzz-faillbpsmponqzeruhhvskovixzk/SourcePackages/checkouts/xctest-dynamic-overlay
    /Applications/Xcode.app/Contents/Developer/Toolchains/XcodeDefault.xctoolchain/usr/bin/appintentsmetadataprocessor --toolchain-dir /Applications/Xcode.app/Contents/Developer/Toolchains/XcodeDefault.xctoolchain --module-name IssueReporting --sdk-root /Applications/Xcode.app/Contents/Developer/Platforms/iPhoneSimulator.platform/Developer/SDKs/iPhoneSimulator26.2.sdk --xcode-version 17C52 --platform-family iOS --deployment-target 13.0 --bundle-identifier xctest-dynamic-overlay.IssueReporting --output /Users/xinyufang/Library/Developer/Xcode/DerivedData/Buzz-faillbpsmponqzeruhhvskovixzk/Build/Products/Debug-iphonesimulator/IssueReporting.appintents --target-triple arm64-apple-ios13.0-simulator --binary-file /Users/xinyufang/Library/Developer/Xcode/DerivedData/Buzz-faillbpsmponqzeruhhvskovixzk/Build/Products/Debug-iphonesimulator/IssueReporting.o --dependency-file /Users/xinyufang/Library/Developer/Xcode/DerivedData/Buzz-faillbpsmponqzeruhhvskovixzk/Build/Intermediates.noindex/xctest-dynamic-overlay.build/Debug-iphonesimulator/IssueReporting.build/Objects-normal/arm64/IssueReporting_dependency_info.dat --stringsdata-file /Users/xinyufang/Library/Developer/Xcode/DerivedData/Buzz-faillbpsmponqzeruhhvskovixzk/Build/Intermediates.noindex/xctest-dynamic-overlay.build/Debug-iphonesimulator/IssueReporting.build/Objects-normal/arm64/ExtractedAppShortcutsMetadata.stringsdata --source-file-list /Users/xinyufang/Library/Developer/Xcode/DerivedData/Buzz-faillbpsmponqzeruhhvskovixzk/Build/Intermediates.noindex/xctest-dynamic-overlay.build/Debug-iphonesimulator/IssueReporting.build/Objects-normal/arm64/IssueReporting.SwiftFileList --metadata-file-list /Users/xinyufang/Library/Developer/Xcode/DerivedData/Buzz-faillbpsmponqzeruhhvskovixzk/Build/Intermediates.noindex/xctest-dynamic-overlay.build/Debug-iphonesimulator/IssueReporting.build/IssueReporting.DependencyMetadataFileList --static-metadata-file-list /Users/xinyufang/Library/Developer/Xcode/DerivedData/Buzz-faillbpsmponqzeruhhvskovixzk/Build/Intermediates.noindex/xctest-dynamic-overlay.build/Debug-iphonesimulator/IssueReporting.build/IssueReporting.DependencyStaticMetadataFileList --swift-const-vals-list /Users/xinyufang/Library/Developer/Xcode/DerivedData/Buzz-faillbpsmponqzeruhhvskovixzk/Build/Intermediates.noindex/xctest-dynamic-overlay.build/Debug-iphonesimulator/IssueReporting.build/Objects-normal/arm64/IssueReporting.SwiftConstValuesFileList --force --compile-time-extraction --deployment-aware-processing --validate-assistant-intents --no-app-shortcuts-localization
2026-01-17 23:39:17.153 appintentsmetadataprocessor[99128:10446383] Starting appintentsmetadataprocessor export
2026-01-17 23:39:17.251 appintentsmetadataprocessor[99128:10446383] Extracted no relevant App Intents symbols, skipping writing output

RegisterExecutionPolicyException /Users/xinyufang/Library/Developer/Xcode/DerivedData/Buzz-faillbpsmponqzeruhhvskovixzk/Build/Products/Debug-iphonesimulator/IssueReporting.o (in target 'IssueReporting' from project 'xctest-dynamic-overlay')
    cd /Users/xinyufang/Library/Developer/Xcode/DerivedData/Buzz-faillbpsmponqzeruhhvskovixzk/SourcePackages/checkouts/xctest-dynamic-overlay
    builtin-RegisterExecutionPolicyException /Users/xinyufang/Library/Developer/Xcode/DerivedData/Buzz-faillbpsmponqzeruhhvskovixzk/Build/Products/Debug-iphonesimulator/IssueReporting.o

Ld /Users/xinyufang/Library/Developer/Xcode/DerivedData/Buzz-faillbpsmponqzeruhhvskovixzk/Build/Products/Debug-iphonesimulator/ConcurrencyExtras.o normal (in target 'ConcurrencyExtras' from project 'swift-concurrency-extras')
    cd /Users/xinyufang/Library/Developer/Xcode/DerivedData/Buzz-faillbpsmponqzeruhhvskovixzk/SourcePackages/checkouts/swift-concurrency-extras
    /Applications/Xcode.app/Contents/Developer/Toolchains/XcodeDefault.xctoolchain/usr/bin/clang -Xlinker -reproducible -target arm64-apple-ios13.0-simulator -r -isysroot /Applications/Xcode.app/Contents/Developer/Platforms/iPhoneSimulator.platform/Developer/SDKs/iPhoneSimulator26.2.sdk -O0 -w -L/Users/xinyufang/Library/Developer/Xcode/DerivedData/Buzz-faillbpsmponqzeruhhvskovixzk/Build/Intermediates.noindex/EagerLinkingTBDs/Debug-iphonesimulator -L/Users/xinyufang/Library/Developer/Xcode/DerivedData/Buzz-faillbpsmponqzeruhhvskovixzk/Build/Products/Debug-iphonesimulator -L/Applications/Xcode.app/Contents/Developer/Platforms/iPhoneSimulator.platform/Developer/usr/lib -F/Users/xinyufang/Library/Developer/Xcode/DerivedData/Buzz-faillbpsmponqzeruhhvskovixzk/Build/Intermediates.noindex/EagerLinkingTBDs/Debug-iphonesimulator -F/Users/xinyufang/Library/Developer/Xcode/DerivedData/Buzz-faillbpsmponqzeruhhvskovixzk/Build/Products/Debug-iphonesimulator -iframework /Applications/Xcode.app/Contents/Developer/Platforms/iPhoneSimulator.platform/Developer/Library/Frameworks -iframework /Applications/Xcode.app/Contents/Developer/Platforms/iPhoneSimulator.platform/Developer/SDKs/iPhoneSimulator26.2.sdk/Developer/Library/Frameworks -filelist /Users/xinyufang/Library/Developer/Xcode/DerivedData/Buzz-faillbpsmponqzeruhhvskovixzk/Build/Intermediates.noindex/swift-concurrency-extras.build/Debug-iphonesimulator/ConcurrencyExtras.build/Objects-normal/arm64/ConcurrencyExtras.LinkFileList -nostdlib -Xlinker -object_path_lto -Xlinker /Users/xinyufang/Library/Developer/Xcode/DerivedData/Buzz-faillbpsmponqzeruhhvskovixzk/Build/Intermediates.noindex/swift-concurrency-extras.build/Debug-iphonesimulator/ConcurrencyExtras.build/Objects-normal/arm64/ConcurrencyExtras_lto.o -rdynamic -Xlinker -no_deduplicate -Xlinker -objc_abi_version -Xlinker 2 -Xlinker -debug_variant -Xlinker -dependency_info -Xlinker /Users/xinyufang/Library/Developer/Xcode/DerivedData/Buzz-faillbpsmponqzeruhhvskovixzk/Build/Intermediates.noindex/swift-concurrency-extras.build/Debug-iphonesimulator/ConcurrencyExtras.build/Objects-normal/arm64/ConcurrencyExtras_dependency_info.dat -fobjc-link-runtime -L/Applications/Xcode.app/Contents/Developer/Toolchains/XcodeDefault.xctoolchain/usr/lib/swift/iphonesimulator -L/usr/lib/swift -Xlinker -add_ast_path -Xlinker /Users/xinyufang/Library/Developer/Xcode/DerivedData/Buzz-faillbpsmponqzeruhhvskovixzk/Build/Intermediates.noindex/swift-concurrency-extras.build/Debug-iphonesimulator/ConcurrencyExtras.build/Objects-normal/arm64/ConcurrencyExtras.swiftmodule @/Users/xinyufang/Library/Developer/Xcode/DerivedData/Buzz-faillbpsmponqzeruhhvskovixzk/Build/Intermediates.noindex/swift-concurrency-extras.build/Debug-iphonesimulator/ConcurrencyExtras.build/Objects-normal/arm64/ConcurrencyExtras-linker-args.resp -o /Users/xinyufang/Library/Developer/Xcode/DerivedData/Buzz-faillbpsmponqzeruhhvskovixzk/Build/Products/Debug-iphonesimulator/ConcurrencyExtras.o

ExtractAppIntentsMetadata (in target 'ConcurrencyExtras' from project 'swift-concurrency-extras')
    cd /Users/xinyufang/Library/Developer/Xcode/DerivedData/Buzz-faillbpsmponqzeruhhvskovixzk/SourcePackages/checkouts/swift-concurrency-extras
    /Applications/Xcode.app/Contents/Developer/Toolchains/XcodeDefault.xctoolchain/usr/bin/appintentsmetadataprocessor --toolchain-dir /Applications/Xcode.app/Contents/Developer/Toolchains/XcodeDefault.xctoolchain --module-name ConcurrencyExtras --sdk-root /Applications/Xcode.app/Contents/Developer/Platforms/iPhoneSimulator.platform/Developer/SDKs/iPhoneSimulator26.2.sdk --xcode-version 17C52 --platform-family iOS --deployment-target 13.0 --bundle-identifier swift-concurrency-extras.ConcurrencyExtras --output /Users/xinyufang/Library/Developer/Xcode/DerivedData/Buzz-faillbpsmponqzeruhhvskovixzk/Build/Products/Debug-iphonesimulator/ConcurrencyExtras.appintents --target-triple arm64-apple-ios13.0-simulator --binary-file /Users/xinyufang/Library/Developer/Xcode/DerivedData/Buzz-faillbpsmponqzeruhhvskovixzk/Build/Products/Debug-iphonesimulator/ConcurrencyExtras.o --dependency-file /Users/xinyufang/Library/Developer/Xcode/DerivedData/Buzz-faillbpsmponqzeruhhvskovixzk/Build/Intermediates.noindex/swift-concurrency-extras.build/Debug-iphonesimulator/ConcurrencyExtras.build/Objects-normal/arm64/ConcurrencyExtras_dependency_info.dat --stringsdata-file /Users/xinyufang/Library/Developer/Xcode/DerivedData/Buzz-faillbpsmponqzeruhhvskovixzk/Build/Intermediates.noindex/swift-concurrency-extras.build/Debug-iphonesimulator/ConcurrencyExtras.build/Objects-normal/arm64/ExtractedAppShortcutsMetadata.stringsdata --source-file-list /Users/xinyufang/Library/Developer/Xcode/DerivedData/Buzz-faillbpsmponqzeruhhvskovixzk/Build/Intermediates.noindex/swift-concurrency-extras.build/Debug-iphonesimulator/ConcurrencyExtras.build/Objects-normal/arm64/ConcurrencyExtras.SwiftFileList --metadata-file-list /Users/xinyufang/Library/Developer/Xcode/DerivedData/Buzz-faillbpsmponqzeruhhvskovixzk/Build/Intermediates.noindex/swift-concurrency-extras.build/Debug-iphonesimulator/ConcurrencyExtras.build/ConcurrencyExtras.DependencyMetadataFileList --static-metadata-file-list /Users/xinyufang/Library/Developer/Xcode/DerivedData/Buzz-faillbpsmponqzeruhhvskovixzk/Build/Intermediates.noindex/swift-concurrency-extras.build/Debug-iphonesimulator/ConcurrencyExtras.build/ConcurrencyExtras.DependencyStaticMetadataFileList --swift-const-vals-list /Users/xinyufang/Library/Developer/Xcode/DerivedData/Buzz-faillbpsmponqzeruhhvskovixzk/Build/Intermediates.noindex/swift-concurrency-extras.build/Debug-iphonesimulator/ConcurrencyExtras.build/Objects-normal/arm64/ConcurrencyExtras.SwiftConstValuesFileList --force --compile-time-extraction --deployment-aware-processing --validate-assistant-intents --no-app-shortcuts-localization
2026-01-17 23:39:17.306 appintentsmetadataprocessor[99132:10446398] Starting appintentsmetadataprocessor export
2026-01-17 23:39:17.403 appintentsmetadataprocessor[99132:10446398] Extracted no relevant App Intents symbols, skipping writing output

RegisterExecutionPolicyException /Users/xinyufang/Library/Developer/Xcode/DerivedData/Buzz-faillbpsmponqzeruhhvskovixzk/Build/Products/Debug-iphonesimulator/ConcurrencyExtras.o (in target 'ConcurrencyExtras' from project 'swift-concurrency-extras')
    cd /Users/xinyufang/Library/Developer/Xcode/DerivedData/Buzz-faillbpsmponqzeruhhvskovixzk/SourcePackages/checkouts/swift-concurrency-extras
    builtin-RegisterExecutionPolicyException /Users/xinyufang/Library/Developer/Xcode/DerivedData/Buzz-faillbpsmponqzeruhhvskovixzk/Build/Products/Debug-iphonesimulator/ConcurrencyExtras.o

Ld /Users/xinyufang/Library/Developer/Xcode/DerivedData/Buzz-faillbpsmponqzeruhhvskovixzk/Build/Products/Debug-iphonesimulator/XCTestDynamicOverlay.o normal (in target 'XCTestDynamicOverlay' from project 'xctest-dynamic-overlay')
    cd /Users/xinyufang/Library/Developer/Xcode/DerivedData/Buzz-faillbpsmponqzeruhhvskovixzk/SourcePackages/checkouts/xctest-dynamic-overlay
    /Applications/Xcode.app/Contents/Developer/Toolchains/XcodeDefault.xctoolchain/usr/bin/clang -Xlinker -reproducible -target arm64-apple-ios13.0-simulator -r -isysroot /Applications/Xcode.app/Contents/Developer/Platforms/iPhoneSimulator.platform/Developer/SDKs/iPhoneSimulator26.2.sdk -O0 -w -L/Users/xinyufang/Library/Developer/Xcode/DerivedData/Buzz-faillbpsmponqzeruhhvskovixzk/Build/Intermediates.noindex/EagerLinkingTBDs/Debug-iphonesimulator -L/Users/xinyufang/Library/Developer/Xcode/DerivedData/Buzz-faillbpsmponqzeruhhvskovixzk/Build/Products/Debug-iphonesimulator -L/Applications/Xcode.app/Contents/Developer/Platforms/iPhoneSimulator.platform/Developer/usr/lib -F/Users/xinyufang/Library/Developer/Xcode/DerivedData/Buzz-faillbpsmponqzeruhhvskovixzk/Build/Intermediates.noindex/EagerLinkingTBDs/Debug-iphonesimulator -F/Users/xinyufang/Library/Developer/Xcode/DerivedData/Buzz-faillbpsmponqzeruhhvskovixzk/Build/Products/Debug-iphonesimulator/PackageFrameworks -F/Users/xinyufang/Library/Developer/Xcode/DerivedData/Buzz-faillbpsmponqzeruhhvskovixzk/Build/Products/Debug-iphonesimulator/PackageFrameworks -F/Users/xinyufang/Library/Developer/Xcode/DerivedData/Buzz-faillbpsmponqzeruhhvskovixzk/Build/Products/Debug-iphonesimulator -iframework /Applications/Xcode.app/Contents/Developer/Platforms/iPhoneSimulator.platform/Developer/Library/Frameworks -iframework /Applications/Xcode.app/Contents/Developer/Platforms/iPhoneSimulator.platform/Developer/SDKs/iPhoneSimulator26.2.sdk/Developer/Library/Frameworks -filelist /Users/xinyufang/Library/Developer/Xcode/DerivedData/Buzz-faillbpsmponqzeruhhvskovixzk/Build/Intermediates.noindex/xctest-dynamic-overlay.build/Debug-iphonesimulator/XCTestDynamicOverlay.build/Objects-normal/arm64/XCTestDynamicOverlay.LinkFileList -nostdlib -Xlinker -object_path_lto -Xlinker /Users/xinyufang/Library/Developer/Xcode/DerivedData/Buzz-faillbpsmponqzeruhhvskovixzk/Build/Intermediates.noindex/xctest-dynamic-overlay.build/Debug-iphonesimulator/XCTestDynamicOverlay.build/Objects-normal/arm64/XCTestDynamicOverlay_lto.o -rdynamic -Xlinker -no_deduplicate -Xlinker -objc_abi_version -Xlinker 2 -Xlinker -debug_variant -Xlinker -dependency_info -Xlinker /Users/xinyufang/Library/Developer/Xcode/DerivedData/Buzz-faillbpsmponqzeruhhvskovixzk/Build/Intermediates.noindex/xctest-dynamic-overlay.build/Debug-iphonesimulator/XCTestDynamicOverlay.build/Objects-normal/arm64/XCTestDynamicOverlay_dependency_info.dat -fobjc-link-runtime -L/Applications/Xcode.app/Contents/Developer/Toolchains/XcodeDefault.xctoolchain/usr/lib/swift/iphonesimulator -L/usr/lib/swift -Xlinker -add_ast_path -Xlinker /Users/xinyufang/Library/Developer/Xcode/DerivedData/Buzz-faillbpsmponqzeruhhvskovixzk/Build/Intermediates.noindex/xctest-dynamic-overlay.build/Debug-iphonesimulator/XCTestDynamicOverlay.build/Objects-normal/arm64/XCTestDynamicOverlay.swiftmodule @/Users/xinyufang/Library/Developer/Xcode/DerivedData/Buzz-faillbpsmponqzeruhhvskovixzk/Build/Intermediates.noindex/xctest-dynamic-overlay.build/Debug-iphonesimulator/XCTestDynamicOverlay.build/Objects-normal/arm64/XCTestDynamicOverlay-linker-args.resp -o /Users/xinyufang/Library/Developer/Xcode/DerivedData/Buzz-faillbpsmponqzeruhhvskovixzk/Build/Products/Debug-iphonesimulator/XCTestDynamicOverlay.o

ExtractAppIntentsMetadata (in target 'XCTestDynamicOverlay' from project 'xctest-dynamic-overlay')
    cd /Users/xinyufang/Library/Developer/Xcode/DerivedData/Buzz-faillbpsmponqzeruhhvskovixzk/SourcePackages/checkouts/xctest-dynamic-overlay
    /Applications/Xcode.app/Contents/Developer/Toolchains/XcodeDefault.xctoolchain/usr/bin/appintentsmetadataprocessor --toolchain-dir /Applications/Xcode.app/Contents/Developer/Toolchains/XcodeDefault.xctoolchain --module-name XCTestDynamicOverlay --sdk-root /Applications/Xcode.app/Contents/Developer/Platforms/iPhoneSimulator.platform/Developer/SDKs/iPhoneSimulator26.2.sdk --xcode-version 17C52 --platform-family iOS --deployment-target 13.0 --bundle-identifier xctest-dynamic-overlay.XCTestDynamicOverlay --output /Users/xinyufang/Library/Developer/Xcode/DerivedData/Buzz-faillbpsmponqzeruhhvskovixzk/Build/Products/Debug-iphonesimulator/XCTestDynamicOverlay.appintents --target-triple arm64-apple-ios13.0-simulator --binary-file /Users/xinyufang/Library/Developer/Xcode/DerivedData/Buzz-faillbpsmponqzeruhhvskovixzk/Build/Products/Debug-iphonesimulator/XCTestDynamicOverlay.o --dependency-file /Users/xinyufang/Library/Developer/Xcode/DerivedData/Buzz-faillbpsmponqzeruhhvskovixzk/Build/Intermediates.noindex/xctest-dynamic-overlay.build/Debug-iphonesimulator/XCTestDynamicOverlay.build/Objects-normal/arm64/XCTestDynamicOverlay_dependency_info.dat --stringsdata-file /Users/xinyufang/Library/Developer/Xcode/DerivedData/Buzz-faillbpsmponqzeruhhvskovixzk/Build/Intermediates.noindex/xctest-dynamic-overlay.build/Debug-iphonesimulator/XCTestDynamicOverlay.build/Objects-normal/arm64/ExtractedAppShortcutsMetadata.stringsdata --source-file-list /Users/xinyufang/Library/Developer/Xcode/DerivedData/Buzz-faillbpsmponqzeruhhvskovixzk/Build/Intermediates.noindex/xctest-dynamic-overlay.build/Debug-iphonesimulator/XCTestDynamicOverlay.build/Objects-normal/arm64/XCTestDynamicOverlay.SwiftFileList --metadata-file-list /Users/xinyufang/Library/Developer/Xcode/DerivedData/Buzz-faillbpsmponqzeruhhvskovixzk/Build/Intermediates.noindex/xctest-dynamic-overlay.build/Debug-iphonesimulator/XCTestDynamicOverlay.build/XCTestDynamicOverlay.DependencyMetadataFileList --static-metadata-file-list /Users/xinyufang/Library/Developer/Xcode/DerivedData/Buzz-faillbpsmponqzeruhhvskovixzk/Build/Intermediates.noindex/xctest-dynamic-overlay.build/Debug-iphonesimulator/XCTestDynamicOverlay.build/XCTestDynamicOverlay.DependencyStaticMetadataFileList --swift-const-vals-list /Users/xinyufang/Library/Developer/Xcode/DerivedData/Buzz-faillbpsmponqzeruhhvskovixzk/Build/Intermediates.noindex/xctest-dynamic-overlay.build/Debug-iphonesimulator/XCTestDynamicOverlay.build/Objects-normal/arm64/XCTestDynamicOverlay.SwiftConstValuesFileList --force --compile-time-extraction --deployment-aware-processing --validate-assistant-intents --no-app-shortcuts-localization
2026-01-17 23:39:17.459 appintentsmetadataprocessor[99147:10446425] Starting appintentsmetadataprocessor export
2026-01-17 23:39:17.556 appintentsmetadataprocessor[99147:10446425] Extracted no relevant App Intents symbols, skipping writing output

RegisterExecutionPolicyException /Users/xinyufang/Library/Developer/Xcode/DerivedData/Buzz-faillbpsmponqzeruhhvskovixzk/Build/Products/Debug-iphonesimulator/XCTestDynamicOverlay.o (in target 'XCTestDynamicOverlay' from project 'xctest-dynamic-overlay')
    cd /Users/xinyufang/Library/Developer/Xcode/DerivedData/Buzz-faillbpsmponqzeruhhvskovixzk/SourcePackages/checkouts/xctest-dynamic-overlay
    builtin-RegisterExecutionPolicyException /Users/xinyufang/Library/Developer/Xcode/DerivedData/Buzz-faillbpsmponqzeruhhvskovixzk/Build/Products/Debug-iphonesimulator/XCTestDynamicOverlay.o

Ld /Users/xinyufang/Library/Developer/Xcode/DerivedData/Buzz-faillbpsmponqzeruhhvskovixzk/Build/Products/Debug-iphonesimulator/Clocks.o normal (in target 'Clocks' from project 'swift-clocks')
    cd /Users/xinyufang/Library/Developer/Xcode/DerivedData/Buzz-faillbpsmponqzeruhhvskovixzk/SourcePackages/checkouts/swift-clocks
    /Applications/Xcode.app/Contents/Developer/Toolchains/XcodeDefault.xctoolchain/usr/bin/clang -Xlinker -reproducible -target arm64-apple-ios13.0-simulator -r -isysroot /Applications/Xcode.app/Contents/Developer/Platforms/iPhoneSimulator.platform/Developer/SDKs/iPhoneSimulator26.2.sdk -O0 -w -L/Users/xinyufang/Library/Developer/Xcode/DerivedData/Buzz-faillbpsmponqzeruhhvskovixzk/Build/Intermediates.noindex/EagerLinkingTBDs/Debug-iphonesimulator -L/Users/xinyufang/Library/Developer/Xcode/DerivedData/Buzz-faillbpsmponqzeruhhvskovixzk/Build/Products/Debug-iphonesimulator -L/Applications/Xcode.app/Contents/Developer/Platforms/iPhoneSimulator.platform/Developer/usr/lib -F/Users/xinyufang/Library/Developer/Xcode/DerivedData/Buzz-faillbpsmponqzeruhhvskovixzk/Build/Intermediates.noindex/EagerLinkingTBDs/Debug-iphonesimulator -F/Users/xinyufang/Library/Developer/Xcode/DerivedData/Buzz-faillbpsmponqzeruhhvskovixzk/Build/Products/Debug-iphonesimulator/PackageFrameworks -F/Users/xinyufang/Library/Developer/Xcode/DerivedData/Buzz-faillbpsmponqzeruhhvskovixzk/Build/Products/Debug-iphonesimulator/PackageFrameworks -F/Users/xinyufang/Library/Developer/Xcode/DerivedData/Buzz-faillbpsmponqzeruhhvskovixzk/Build/Products/Debug-iphonesimulator/PackageFrameworks -F/Users/xinyufang/Library/Developer/Xcode/DerivedData/Buzz-faillbpsmponqzeruhhvskovixzk/Build/Products/Debug-iphonesimulator -iframework /Applications/Xcode.app/Contents/Developer/Platforms/iPhoneSimulator.platform/Developer/Library/Frameworks -iframework /Applications/Xcode.app/Contents/Developer/Platforms/iPhoneSimulator.platform/Developer/SDKs/iPhoneSimulator26.2.sdk/Developer/Library/Frameworks -filelist /Users/xinyufang/Library/Developer/Xcode/DerivedData/Buzz-faillbpsmponqzeruhhvskovixzk/Build/Intermediates.noindex/swift-clocks.build/Debug-iphonesimulator/Clocks.build/Objects-normal/arm64/Clocks.LinkFileList -nostdlib -Xlinker -object_path_lto -Xlinker /Users/xinyufang/Library/Developer/Xcode/DerivedData/Buzz-faillbpsmponqzeruhhvskovixzk/Build/Intermediates.noindex/swift-clocks.build/Debug-iphonesimulator/Clocks.build/Objects-normal/arm64/Clocks_lto.o -rdynamic -Xlinker -no_deduplicate -Xlinker -objc_abi_version -Xlinker 2 -Xlinker -debug_variant -Xlinker -dependency_info -Xlinker /Users/xinyufang/Library/Developer/Xcode/DerivedData/Buzz-faillbpsmponqzeruhhvskovixzk/Build/Intermediates.noindex/swift-clocks.build/Debug-iphonesimulator/Clocks.build/Objects-normal/arm64/Clocks_dependency_info.dat -fobjc-link-runtime -L/Applications/Xcode.app/Contents/Developer/Toolchains/XcodeDefault.xctoolchain/usr/lib/swift/iphonesimulator -L/usr/lib/swift -Xlinker -add_ast_path -Xlinker /Users/xinyufang/Library/Developer/Xcode/DerivedData/Buzz-faillbpsmponqzeruhhvskovixzk/Build/Intermediates.noindex/swift-clocks.build/Debug-iphonesimulator/Clocks.build/Objects-normal/arm64/Clocks.swiftmodule @/Users/xinyufang/Library/Developer/Xcode/DerivedData/Buzz-faillbpsmponqzeruhhvskovixzk/Build/Intermediates.noindex/swift-clocks.build/Debug-iphonesimulator/Clocks.build/Objects-normal/arm64/Clocks-linker-args.resp -o /Users/xinyufang/Library/Developer/Xcode/DerivedData/Buzz-faillbpsmponqzeruhhvskovixzk/Build/Products/Debug-iphonesimulator/Clocks.o

ExtractAppIntentsMetadata (in target 'Clocks' from project 'swift-clocks')
    cd /Users/xinyufang/Library/Developer/Xcode/DerivedData/Buzz-faillbpsmponqzeruhhvskovixzk/SourcePackages/checkouts/swift-clocks
    /Applications/Xcode.app/Contents/Developer/Toolchains/XcodeDefault.xctoolchain/usr/bin/appintentsmetadataprocessor --toolchain-dir /Applications/Xcode.app/Contents/Developer/Toolchains/XcodeDefault.xctoolchain --module-name Clocks --sdk-root /Applications/Xcode.app/Contents/Developer/Platforms/iPhoneSimulator.platform/Developer/SDKs/iPhoneSimulator26.2.sdk --xcode-version 17C52 --platform-family iOS --deployment-target 13.0 --bundle-identifier swift-clocks.Clocks --output /Users/xinyufang/Library/Developer/Xcode/DerivedData/Buzz-faillbpsmponqzeruhhvskovixzk/Build/Products/Debug-iphonesimulator/Clocks.appintents --target-triple arm64-apple-ios13.0-simulator --binary-file /Users/xinyufang/Library/Developer/Xcode/DerivedData/Buzz-faillbpsmponqzeruhhvskovixzk/Build/Products/Debug-iphonesimulator/Clocks.o --dependency-file /Users/xinyufang/Library/Developer/Xcode/DerivedData/Buzz-faillbpsmponqzeruhhvskovixzk/Build/Intermediates.noindex/swift-clocks.build/Debug-iphonesimulator/Clocks.build/Objects-normal/arm64/Clocks_dependency_info.dat --stringsdata-file /Users/xinyufang/Library/Developer/Xcode/DerivedData/Buzz-faillbpsmponqzeruhhvskovixzk/Build/Intermediates.noindex/swift-clocks.build/Debug-iphonesimulator/Clocks.build/Objects-normal/arm64/ExtractedAppShortcutsMetadata.stringsdata --source-file-list /Users/xinyufang/Library/Developer/Xcode/DerivedData/Buzz-faillbpsmponqzeruhhvskovixzk/Build/Intermediates.noindex/swift-clocks.build/Debug-iphonesimulator/Clocks.build/Objects-normal/arm64/Clocks.SwiftFileList --metadata-file-list /Users/xinyufang/Library/Developer/Xcode/DerivedData/Buzz-faillbpsmponqzeruhhvskovixzk/Build/Intermediates.noindex/swift-clocks.build/Debug-iphonesimulator/Clocks.build/Clocks.DependencyMetadataFileList --static-metadata-file-list /Users/xinyufang/Library/Developer/Xcode/DerivedData/Buzz-faillbpsmponqzeruhhvskovixzk/Build/Intermediates.noindex/swift-clocks.build/Debug-iphonesimulator/Clocks.build/Clocks.DependencyStaticMetadataFileList --swift-const-vals-list /Users/xinyufang/Library/Developer/Xcode/DerivedData/Buzz-faillbpsmponqzeruhhvskovixzk/Build/Intermediates.noindex/swift-clocks.build/Debug-iphonesimulator/Clocks.build/Objects-normal/arm64/Clocks.SwiftConstValuesFileList --force --compile-time-extraction --deployment-aware-processing --validate-assistant-intents --no-app-shortcuts-localization
2026-01-17 23:39:17.618 appintentsmetadataprocessor[99150:10446439] Starting appintentsmetadataprocessor export
2026-01-17 23:39:17.713 appintentsmetadataprocessor[99150:10446439] Extracted no relevant App Intents symbols, skipping writing output

RegisterExecutionPolicyException /Users/xinyufang/Library/Developer/Xcode/DerivedData/Buzz-faillbpsmponqzeruhhvskovixzk/Build/Products/Debug-iphonesimulator/Clocks.o (in target 'Clocks' from project 'swift-clocks')
    cd /Users/xinyufang/Library/Developer/Xcode/DerivedData/Buzz-faillbpsmponqzeruhhvskovixzk/SourcePackages/checkouts/swift-clocks
    builtin-RegisterExecutionPolicyException /Users/xinyufang/Library/Developer/Xcode/DerivedData/Buzz-faillbpsmponqzeruhhvskovixzk/Build/Products/Debug-iphonesimulator/Clocks.o

Ld /Users/xinyufang/Library/Developer/Xcode/DerivedData/Buzz-faillbpsmponqzeruhhvskovixzk/Build/Products/Debug-iphonesimulator/Helpers.o normal (in target 'Helpers' from project 'Supabase')
    cd /Users/xinyufang/Library/Developer/Xcode/DerivedData/Buzz-faillbpsmponqzeruhhvskovixzk/SourcePackages/checkouts/supabase-swift
    /Applications/Xcode.app/Contents/Developer/Toolchains/XcodeDefault.xctoolchain/usr/bin/clang -Xlinker -reproducible -target arm64-apple-ios13.0-simulator -r -isysroot /Applications/Xcode.app/Contents/Developer/Platforms/iPhoneSimulator.platform/Developer/SDKs/iPhoneSimulator26.2.sdk -O0 -w -L/Users/xinyufang/Library/Developer/Xcode/DerivedData/Buzz-faillbpsmponqzeruhhvskovixzk/Build/Intermediates.noindex/EagerLinkingTBDs/Debug-iphonesimulator -L/Users/xinyufang/Library/Developer/Xcode/DerivedData/Buzz-faillbpsmponqzeruhhvskovixzk/Build/Products/Debug-iphonesimulator -L/Applications/Xcode.app/Contents/Developer/Platforms/iPhoneSimulator.platform/Developer/usr/lib -F/Users/xinyufang/Library/Developer/Xcode/DerivedData/Buzz-faillbpsmponqzeruhhvskovixzk/Build/Intermediates.noindex/EagerLinkingTBDs/Debug-iphonesimulator -F/Users/xinyufang/Library/Developer/Xcode/DerivedData/Buzz-faillbpsmponqzeruhhvskovixzk/Build/Products/Debug-iphonesimulator/PackageFrameworks -F/Users/xinyufang/Library/Developer/Xcode/DerivedData/Buzz-faillbpsmponqzeruhhvskovixzk/Build/Products/Debug-iphonesimulator/PackageFrameworks -F/Users/xinyufang/Library/Developer/Xcode/DerivedData/Buzz-faillbpsmponqzeruhhvskovixzk/Build/Products/Debug-iphonesimulator/PackageFrameworks -F/Users/xinyufang/Library/Developer/Xcode/DerivedData/Buzz-faillbpsmponqzeruhhvskovixzk/Build/Products/Debug-iphonesimulator/PackageFrameworks -F/Users/xinyufang/Library/Developer/Xcode/DerivedData/Buzz-faillbpsmponqzeruhhvskovixzk/Build/Products/Debug-iphonesimulator/PackageFrameworks -F/Users/xinyufang/Library/Developer/Xcode/DerivedData/Buzz-faillbpsmponqzeruhhvskovixzk/Build/Products/Debug-iphonesimulator/PackageFrameworks -F/Users/xinyufang/Library/Developer/Xcode/DerivedData/Buzz-faillbpsmponqzeruhhvskovixzk/Build/Products/Debug-iphonesimulator -iframework /Applications/Xcode.app/Contents/Developer/Platforms/iPhoneSimulator.platform/Developer/Library/Frameworks -iframework /Applications/Xcode.app/Contents/Developer/Platforms/iPhoneSimulator.platform/Developer/SDKs/iPhoneSimulator26.2.sdk/Developer/Library/Frameworks -filelist /Users/xinyufang/Library/Developer/Xcode/DerivedData/Buzz-faillbpsmponqzeruhhvskovixzk/Build/Intermediates.noindex/Supabase.build/Debug-iphonesimulator/Helpers.build/Objects-normal/arm64/Helpers.LinkFileList -nostdlib -Xlinker -object_path_lto -Xlinker /Users/xinyufang/Library/Developer/Xcode/DerivedData/Buzz-faillbpsmponqzeruhhvskovixzk/Build/Intermediates.noindex/Supabase.build/Debug-iphonesimulator/Helpers.build/Objects-normal/arm64/Helpers_lto.o -rdynamic -Xlinker -no_deduplicate -Xlinker -objc_abi_version -Xlinker 2 -Xlinker -debug_variant -Xlinker -dependency_info -Xlinker /Users/xinyufang/Library/Developer/Xcode/DerivedData/Buzz-faillbpsmponqzeruhhvskovixzk/Build/Intermediates.noindex/Supabase.build/Debug-iphonesimulator/Helpers.build/Objects-normal/arm64/Helpers_dependency_info.dat -fobjc-link-runtime -L/Applications/Xcode.app/Contents/Developer/Toolchains/XcodeDefault.xctoolchain/usr/lib/swift/iphonesimulator -L/usr/lib/swift -Xlinker -add_ast_path -Xlinker /Users/xinyufang/Library/Developer/Xcode/DerivedData/Buzz-faillbpsmponqzeruhhvskovixzk/Build/Intermediates.noindex/Supabase.build/Debug-iphonesimulator/Helpers.build/Objects-normal/arm64/Helpers.swiftmodule @/Users/xinyufang/Library/Developer/Xcode/DerivedData/Buzz-faillbpsmponqzeruhhvskovixzk/Build/Intermediates.noindex/Supabase.build/Debug-iphonesimulator/Helpers.build/Objects-normal/arm64/Helpers-linker-args.resp -o /Users/xinyufang/Library/Developer/Xcode/DerivedData/Buzz-faillbpsmponqzeruhhvskovixzk/Build/Products/Debug-iphonesimulator/Helpers.o

ExtractAppIntentsMetadata (in target 'Helpers' from project 'Supabase')
    cd /Users/xinyufang/Library/Developer/Xcode/DerivedData/Buzz-faillbpsmponqzeruhhvskovixzk/SourcePackages/checkouts/supabase-swift
    /Applications/Xcode.app/Contents/Developer/Toolchains/XcodeDefault.xctoolchain/usr/bin/appintentsmetadataprocessor --toolchain-dir /Applications/Xcode.app/Contents/Developer/Toolchains/XcodeDefault.xctoolchain --module-name Helpers --sdk-root /Applications/Xcode.app/Contents/Developer/Platforms/iPhoneSimulator.platform/Developer/SDKs/iPhoneSimulator26.2.sdk --xcode-version 17C52 --platform-family iOS --deployment-target 13.0 --bundle-identifier supabase-swift.Helpers --output /Users/xinyufang/Library/Developer/Xcode/DerivedData/Buzz-faillbpsmponqzeruhhvskovixzk/Build/Products/Debug-iphonesimulator/Helpers.appintents --target-triple arm64-apple-ios13.0-simulator --binary-file /Users/xinyufang/Library/Developer/Xcode/DerivedData/Buzz-faillbpsmponqzeruhhvskovixzk/Build/Products/Debug-iphonesimulator/Helpers.o --dependency-file /Users/xinyufang/Library/Developer/Xcode/DerivedData/Buzz-faillbpsmponqzeruhhvskovixzk/Build/Intermediates.noindex/Supabase.build/Debug-iphonesimulator/Helpers.build/Objects-normal/arm64/Helpers_dependency_info.dat --stringsdata-file /Users/xinyufang/Library/Developer/Xcode/DerivedData/Buzz-faillbpsmponqzeruhhvskovixzk/Build/Intermediates.noindex/Supabase.build/Debug-iphonesimulator/Helpers.build/Objects-normal/arm64/ExtractedAppShortcutsMetadata.stringsdata --source-file-list /Users/xinyufang/Library/Developer/Xcode/DerivedData/Buzz-faillbpsmponqzeruhhvskovixzk/Build/Intermediates.noindex/Supabase.build/Debug-iphonesimulator/Helpers.build/Objects-normal/arm64/Helpers.SwiftFileList --metadata-file-list /Users/xinyufang/Library/Developer/Xcode/DerivedData/Buzz-faillbpsmponqzeruhhvskovixzk/Build/Intermediates.noindex/Supabase.build/Debug-iphonesimulator/Helpers.build/Helpers.DependencyMetadataFileList --static-metadata-file-list /Users/xinyufang/Library/Developer/Xcode/DerivedData/Buzz-faillbpsmponqzeruhhvskovixzk/Build/Intermediates.noindex/Supabase.build/Debug-iphonesimulator/Helpers.build/Helpers.DependencyStaticMetadataFileList --swift-const-vals-list /Users/xinyufang/Library/Developer/Xcode/DerivedData/Buzz-faillbpsmponqzeruhhvskovixzk/Build/Intermediates.noindex/Supabase.build/Debug-iphonesimulator/Helpers.build/Objects-normal/arm64/Helpers.SwiftConstValuesFileList --force --compile-time-extraction --deployment-aware-processing --validate-assistant-intents --no-app-shortcuts-localization
2026-01-17 23:39:17.801 appintentsmetadataprocessor[99153:10446455] Starting appintentsmetadataprocessor export
2026-01-17 23:39:17.904 appintentsmetadataprocessor[99153:10446455] Extracted no relevant App Intents symbols, skipping writing output

RegisterExecutionPolicyException /Users/xinyufang/Library/Developer/Xcode/DerivedData/Buzz-faillbpsmponqzeruhhvskovixzk/Build/Products/Debug-iphonesimulator/Helpers.o (in target 'Helpers' from project 'Supabase')
    cd /Users/xinyufang/Library/Developer/Xcode/DerivedData/Buzz-faillbpsmponqzeruhhvskovixzk/SourcePackages/checkouts/supabase-swift
    builtin-RegisterExecutionPolicyException /Users/xinyufang/Library/Developer/Xcode/DerivedData/Buzz-faillbpsmponqzeruhhvskovixzk/Build/Products/Debug-iphonesimulator/Helpers.o

Ld /Users/xinyufang/Library/Developer/Xcode/DerivedData/Buzz-faillbpsmponqzeruhhvskovixzk/Build/Products/Debug-iphonesimulator/Realtime.o normal (in target 'Realtime' from project 'Supabase')
    cd /Users/xinyufang/Library/Developer/Xcode/DerivedData/Buzz-faillbpsmponqzeruhhvskovixzk/SourcePackages/checkouts/supabase-swift
    /Applications/Xcode.app/Contents/Developer/Toolchains/XcodeDefault.xctoolchain/usr/bin/clang -Xlinker -reproducible -target arm64-apple-ios13.0-simulator -r -isysroot /Applications/Xcode.app/Contents/Developer/Platforms/iPhoneSimulator.platform/Developer/SDKs/iPhoneSimulator26.2.sdk -O0 -w -L/Users/xinyufang/Library/Developer/Xcode/DerivedData/Buzz-faillbpsmponqzeruhhvskovixzk/Build/Intermediates.noindex/EagerLinkingTBDs/Debug-iphonesimulator -L/Users/xinyufang/Library/Developer/Xcode/DerivedData/Buzz-faillbpsmponqzeruhhvskovixzk/Build/Products/Debug-iphonesimulator -L/Applications/Xcode.app/Contents/Developer/Platforms/iPhoneSimulator.platform/Developer/usr/lib -F/Users/xinyufang/Library/Developer/Xcode/DerivedData/Buzz-faillbpsmponqzeruhhvskovixzk/Build/Intermediates.noindex/EagerLinkingTBDs/Debug-iphonesimulator -F/Users/xinyufang/Library/Developer/Xcode/DerivedData/Buzz-faillbpsmponqzeruhhvskovixzk/Build/Products/Debug-iphonesimulator/PackageFrameworks -F/Users/xinyufang/Library/Developer/Xcode/DerivedData/Buzz-faillbpsmponqzeruhhvskovixzk/Build/Products/Debug-iphonesimulator/PackageFrameworks -F/Users/xinyufang/Library/Developer/Xcode/DerivedData/Buzz-faillbpsmponqzeruhhvskovixzk/Build/Products/Debug-iphonesimulator/PackageFrameworks -F/Users/xinyufang/Library/Developer/Xcode/DerivedData/Buzz-faillbpsmponqzeruhhvskovixzk/Build/Products/Debug-iphonesimulator/PackageFrameworks -F/Users/xinyufang/Library/Developer/Xcode/DerivedData/Buzz-faillbpsmponqzeruhhvskovixzk/Build/Products/Debug-iphonesimulator/PackageFrameworks -F/Users/xinyufang/Library/Developer/Xcode/DerivedData/Buzz-faillbpsmponqzeruhhvskovixzk/Build/Products/Debug-iphonesimulator/PackageFrameworks -F/Users/xinyufang/Library/Developer/Xcode/DerivedData/Buzz-faillbpsmponqzeruhhvskovixzk/Build/Products/Debug-iphonesimulator/PackageFrameworks -F/Users/xinyufang/Library/Developer/Xcode/DerivedData/Buzz-faillbpsmponqzeruhhvskovixzk/Build/Products/Debug-iphonesimulator -iframework /Applications/Xcode.app/Contents/Developer/Platforms/iPhoneSimulator.platform/Developer/Library/Frameworks -iframework /Applications/Xcode.app/Contents/Developer/Platforms/iPhoneSimulator.platform/Developer/SDKs/iPhoneSimulator26.2.sdk/Developer/Library/Frameworks -filelist /Users/xinyufang/Library/Developer/Xcode/DerivedData/Buzz-faillbpsmponqzeruhhvskovixzk/Build/Intermediates.noindex/Supabase.build/Debug-iphonesimulator/Realtime.build/Objects-normal/arm64/Realtime.LinkFileList -nostdlib -Xlinker -object_path_lto -Xlinker /Users/xinyufang/Library/Developer/Xcode/DerivedData/Buzz-faillbpsmponqzeruhhvskovixzk/Build/Intermediates.noindex/Supabase.build/Debug-iphonesimulator/Realtime.build/Objects-normal/arm64/Realtime_lto.o -rdynamic -Xlinker -no_deduplicate -Xlinker -objc_abi_version -Xlinker 2 -Xlinker -debug_variant -Xlinker -dependency_info -Xlinker /Users/xinyufang/Library/Developer/Xcode/DerivedData/Buzz-faillbpsmponqzeruhhvskovixzk/Build/Intermediates.noindex/Supabase.build/Debug-iphonesimulator/Realtime.build/Objects-normal/arm64/Realtime_dependency_info.dat -fobjc-link-runtime -L/Applications/Xcode.app/Contents/Developer/Toolchains/XcodeDefault.xctoolchain/usr/lib/swift/iphonesimulator -L/usr/lib/swift -Xlinker -add_ast_path -Xlinker /Users/xinyufang/Library/Developer/Xcode/DerivedData/Buzz-faillbpsmponqzeruhhvskovixzk/Build/Intermediates.noindex/Supabase.build/Debug-iphonesimulator/Realtime.build/Objects-normal/arm64/Realtime.swiftmodule @/Users/xinyufang/Library/Developer/Xcode/DerivedData/Buzz-faillbpsmponqzeruhhvskovixzk/Build/Intermediates.noindex/Supabase.build/Debug-iphonesimulator/Realtime.build/Objects-normal/arm64/Realtime-linker-args.resp -o /Users/xinyufang/Library/Developer/Xcode/DerivedData/Buzz-faillbpsmponqzeruhhvskovixzk/Build/Products/Debug-iphonesimulator/Realtime.o

ExtractAppIntentsMetadata (in target 'Realtime' from project 'Supabase')
    cd /Users/xinyufang/Library/Developer/Xcode/DerivedData/Buzz-faillbpsmponqzeruhhvskovixzk/SourcePackages/checkouts/supabase-swift
    /Applications/Xcode.app/Contents/Developer/Toolchains/XcodeDefault.xctoolchain/usr/bin/appintentsmetadataprocessor --toolchain-dir /Applications/Xcode.app/Contents/Developer/Toolchains/XcodeDefault.xctoolchain --module-name Realtime --sdk-root /Applications/Xcode.app/Contents/Developer/Platforms/iPhoneSimulator.platform/Developer/SDKs/iPhoneSimulator26.2.sdk --xcode-version 17C52 --platform-family iOS --deployment-target 13.0 --bundle-identifier supabase-swift.Realtime --output /Users/xinyufang/Library/Developer/Xcode/DerivedData/Buzz-faillbpsmponqzeruhhvskovixzk/Build/Products/Debug-iphonesimulator/Realtime.appintents --target-triple arm64-apple-ios13.0-simulator --binary-file /Users/xinyufang/Library/Developer/Xcode/DerivedData/Buzz-faillbpsmponqzeruhhvskovixzk/Build/Products/Debug-iphonesimulator/Realtime.o --dependency-file /Users/xinyufang/Library/Developer/Xcode/DerivedData/Buzz-faillbpsmponqzeruhhvskovixzk/Build/Intermediates.noindex/Supabase.build/Debug-iphonesimulator/Realtime.build/Objects-normal/arm64/Realtime_dependency_info.dat --stringsdata-file /Users/xinyufang/Library/Developer/Xcode/DerivedData/Buzz-faillbpsmponqzeruhhvskovixzk/Build/Intermediates.noindex/Supabase.build/Debug-iphonesimulator/Realtime.build/Objects-normal/arm64/ExtractedAppShortcutsMetadata.stringsdata --source-file-list /Users/xinyufang/Library/Developer/Xcode/DerivedData/Buzz-faillbpsmponqzeruhhvskovixzk/Build/Intermediates.noindex/Supabase.build/Debug-iphonesimulator/Realtime.build/Objects-normal/arm64/Realtime.SwiftFileList --metadata-file-list /Users/xinyufang/Library/Developer/Xcode/DerivedData/Buzz-faillbpsmponqzeruhhvskovixzk/Build/Intermediates.noindex/Supabase.build/Debug-iphonesimulator/Realtime.build/Realtime.DependencyMetadataFileList --static-metadata-file-list /Users/xinyufang/Library/Developer/Xcode/DerivedData/Buzz-faillbpsmponqzeruhhvskovixzk/Build/Intermediates.noindex/Supabase.build/Debug-iphonesimulator/Realtime.build/Realtime.DependencyStaticMetadataFileList --swift-const-vals-list /Users/xinyufang/Library/Developer/Xcode/DerivedData/Buzz-faillbpsmponqzeruhhvskovixzk/Build/Intermediates.noindex/Supabase.build/Debug-iphonesimulator/Realtime.build/Objects-normal/arm64/Realtime.SwiftConstValuesFileList --force --compile-time-extraction --deployment-aware-processing --validate-assistant-intents --no-app-shortcuts-localization
2026-01-17 23:39:17.988 appintentsmetadataprocessor[99156:10446472] Starting appintentsmetadataprocessor export
2026-01-17 23:39:18.091 appintentsmetadataprocessor[99156:10446472] Extracted no relevant App Intents symbols, skipping writing output

RegisterExecutionPolicyException /Users/xinyufang/Library/Developer/Xcode/DerivedData/Buzz-faillbpsmponqzeruhhvskovixzk/Build/Products/Debug-iphonesimulator/Realtime.o (in target 'Realtime' from project 'Supabase')
    cd /Users/xinyufang/Library/Developer/Xcode/DerivedData/Buzz-faillbpsmponqzeruhhvskovixzk/SourcePackages/checkouts/supabase-swift
    builtin-RegisterExecutionPolicyException /Users/xinyufang/Library/Developer/Xcode/DerivedData/Buzz-faillbpsmponqzeruhhvskovixzk/Build/Products/Debug-iphonesimulator/Realtime.o

Ld /Users/xinyufang/Library/Developer/Xcode/DerivedData/Buzz-faillbpsmponqzeruhhvskovixzk/Build/Products/Debug-iphonesimulator/Storage.o normal (in target 'Storage' from project 'Supabase')
    cd /Users/xinyufang/Library/Developer/Xcode/DerivedData/Buzz-faillbpsmponqzeruhhvskovixzk/SourcePackages/checkouts/supabase-swift
    /Applications/Xcode.app/Contents/Developer/Toolchains/XcodeDefault.xctoolchain/usr/bin/clang -Xlinker -reproducible -target arm64-apple-ios13.0-simulator -r -isysroot /Applications/Xcode.app/Contents/Developer/Platforms/iPhoneSimulator.platform/Developer/SDKs/iPhoneSimulator26.2.sdk -O0 -w -L/Users/xinyufang/Library/Developer/Xcode/DerivedData/Buzz-faillbpsmponqzeruhhvskovixzk/Build/Intermediates.noindex/EagerLinkingTBDs/Debug-iphonesimulator -L/Users/xinyufang/Library/Developer/Xcode/DerivedData/Buzz-faillbpsmponqzeruhhvskovixzk/Build/Products/Debug-iphonesimulator -L/Applications/Xcode.app/Contents/Developer/Platforms/iPhoneSimulator.platform/Developer/usr/lib -F/Users/xinyufang/Library/Developer/Xcode/DerivedData/Buzz-faillbpsmponqzeruhhvskovixzk/Build/Intermediates.noindex/EagerLinkingTBDs/Debug-iphonesimulator -F/Users/xinyufang/Library/Developer/Xcode/DerivedData/Buzz-faillbpsmponqzeruhhvskovixzk/Build/Products/Debug-iphonesimulator/PackageFrameworks -F/Users/xinyufang/Library/Developer/Xcode/DerivedData/Buzz-faillbpsmponqzeruhhvskovixzk/Build/Products/Debug-iphonesimulator/PackageFrameworks -F/Users/xinyufang/Library/Developer/Xcode/DerivedData/Buzz-faillbpsmponqzeruhhvskovixzk/Build/Products/Debug-iphonesimulator/PackageFrameworks -F/Users/xinyufang/Library/Developer/Xcode/DerivedData/Buzz-faillbpsmponqzeruhhvskovixzk/Build/Products/Debug-iphonesimulator/PackageFrameworks -F/Users/xinyufang/Library/Developer/Xcode/DerivedData/Buzz-faillbpsmponqzeruhhvskovixzk/Build/Products/Debug-iphonesimulator/PackageFrameworks -F/Users/xinyufang/Library/Developer/Xcode/DerivedData/Buzz-faillbpsmponqzeruhhvskovixzk/Build/Products/Debug-iphonesimulator/PackageFrameworks -F/Users/xinyufang/Library/Developer/Xcode/DerivedData/Buzz-faillbpsmponqzeruhhvskovixzk/Build/Products/Debug-iphonesimulator/PackageFrameworks -F/Users/xinyufang/Library/Developer/Xcode/DerivedData/Buzz-faillbpsmponqzeruhhvskovixzk/Build/Products/Debug-iphonesimulator -iframework /Applications/Xcode.app/Contents/Developer/Platforms/iPhoneSimulator.platform/Developer/Library/Frameworks -iframework /Applications/Xcode.app/Contents/Developer/Platforms/iPhoneSimulator.platform/Developer/SDKs/iPhoneSimulator26.2.sdk/Developer/Library/Frameworks -filelist /Users/xinyufang/Library/Developer/Xcode/DerivedData/Buzz-faillbpsmponqzeruhhvskovixzk/Build/Intermediates.noindex/Supabase.build/Debug-iphonesimulator/Storage.build/Objects-normal/arm64/Storage.LinkFileList -nostdlib -Xlinker -object_path_lto -Xlinker /Users/xinyufang/Library/Developer/Xcode/DerivedData/Buzz-faillbpsmponqzeruhhvskovixzk/Build/Intermediates.noindex/Supabase.build/Debug-iphonesimulator/Storage.build/Objects-normal/arm64/Storage_lto.o -rdynamic -Xlinker -no_deduplicate -Xlinker -objc_abi_version -Xlinker 2 -Xlinker -debug_variant -Xlinker -dependency_info -Xlinker /Users/xinyufang/Library/Developer/Xcode/DerivedData/Buzz-faillbpsmponqzeruhhvskovixzk/Build/Intermediates.noindex/Supabase.build/Debug-iphonesimulator/Storage.build/Objects-normal/arm64/Storage_dependency_info.dat -fobjc-link-runtime -L/Applications/Xcode.app/Contents/Developer/Toolchains/XcodeDefault.xctoolchain/usr/lib/swift/iphonesimulator -L/usr/lib/swift -Xlinker -add_ast_path -Xlinker /Users/xinyufang/Library/Developer/Xcode/DerivedData/Buzz-faillbpsmponqzeruhhvskovixzk/Build/Intermediates.noindex/Supabase.build/Debug-iphonesimulator/Storage.build/Objects-normal/arm64/Storage.swiftmodule @/Users/xinyufang/Library/Developer/Xcode/DerivedData/Buzz-faillbpsmponqzeruhhvskovixzk/Build/Intermediates.noindex/Supabase.build/Debug-iphonesimulator/Storage.build/Objects-normal/arm64/Storage-linker-args.resp -o /Users/xinyufang/Library/Developer/Xcode/DerivedData/Buzz-faillbpsmponqzeruhhvskovixzk/Build/Products/Debug-iphonesimulator/Storage.o

ExtractAppIntentsMetadata (in target 'Storage' from project 'Supabase')
    cd /Users/xinyufang/Library/Developer/Xcode/DerivedData/Buzz-faillbpsmponqzeruhhvskovixzk/SourcePackages/checkouts/supabase-swift
    /Applications/Xcode.app/Contents/Developer/Toolchains/XcodeDefault.xctoolchain/usr/bin/appintentsmetadataprocessor --toolchain-dir /Applications/Xcode.app/Contents/Developer/Toolchains/XcodeDefault.xctoolchain --module-name Storage --sdk-root /Applications/Xcode.app/Contents/Developer/Platforms/iPhoneSimulator.platform/Developer/SDKs/iPhoneSimulator26.2.sdk --xcode-version 17C52 --platform-family iOS --deployment-target 13.0 --bundle-identifier supabase-swift.Storage --output /Users/xinyufang/Library/Developer/Xcode/DerivedData/Buzz-faillbpsmponqzeruhhvskovixzk/Build/Products/Debug-iphonesimulator/Storage.appintents --target-triple arm64-apple-ios13.0-simulator --binary-file /Users/xinyufang/Library/Developer/Xcode/DerivedData/Buzz-faillbpsmponqzeruhhvskovixzk/Build/Products/Debug-iphonesimulator/Storage.o --dependency-file /Users/xinyufang/Library/Developer/Xcode/DerivedData/Buzz-faillbpsmponqzeruhhvskovixzk/Build/Intermediates.noindex/Supabase.build/Debug-iphonesimulator/Storage.build/Objects-normal/arm64/Storage_dependency_info.dat --stringsdata-file /Users/xinyufang/Library/Developer/Xcode/DerivedData/Buzz-faillbpsmponqzeruhhvskovixzk/Build/Intermediates.noindex/Supabase.build/Debug-iphonesimulator/Storage.build/Objects-normal/arm64/ExtractedAppShortcutsMetadata.stringsdata --source-file-list /Users/xinyufang/Library/Developer/Xcode/DerivedData/Buzz-faillbpsmponqzeruhhvskovixzk/Build/Intermediates.noindex/Supabase.build/Debug-iphonesimulator/Storage.build/Objects-normal/arm64/Storage.SwiftFileList --metadata-file-list /Users/xinyufang/Library/Developer/Xcode/DerivedData/Buzz-faillbpsmponqzeruhhvskovixzk/Build/Intermediates.noindex/Supabase.build/Debug-iphonesimulator/Storage.build/Storage.DependencyMetadataFileList --static-metadata-file-list /Users/xinyufang/Library/Developer/Xcode/DerivedData/Buzz-faillbpsmponqzeruhhvskovixzk/Build/Intermediates.noindex/Supabase.build/Debug-iphonesimulator/Storage.build/Storage.DependencyStaticMetadataFileList --swift-const-vals-list /Users/xinyufang/Library/Developer/Xcode/DerivedData/Buzz-faillbpsmponqzeruhhvskovixzk/Build/Intermediates.noindex/Supabase.build/Debug-iphonesimulator/Storage.build/Objects-normal/arm64/Storage.SwiftConstValuesFileList --force --compile-time-extraction --deployment-aware-processing --validate-assistant-intents --no-app-shortcuts-localization
2026-01-17 23:39:18.161 appintentsmetadataprocessor[99171:10446499] Starting appintentsmetadataprocessor export
2026-01-17 23:39:18.259 appintentsmetadataprocessor[99171:10446499] Extracted no relevant App Intents symbols, skipping writing output

RegisterExecutionPolicyException /Users/xinyufang/Library/Developer/Xcode/DerivedData/Buzz-faillbpsmponqzeruhhvskovixzk/Build/Products/Debug-iphonesimulator/Storage.o (in target 'Storage' from project 'Supabase')
    cd /Users/xinyufang/Library/Developer/Xcode/DerivedData/Buzz-faillbpsmponqzeruhhvskovixzk/SourcePackages/checkouts/supabase-swift
    builtin-RegisterExecutionPolicyException /Users/xinyufang/Library/Developer/Xcode/DerivedData/Buzz-faillbpsmponqzeruhhvskovixzk/Build/Products/Debug-iphonesimulator/Storage.o

Ld /Users/xinyufang/Library/Developer/Xcode/DerivedData/Buzz-faillbpsmponqzeruhhvskovixzk/Build/Products/Debug-iphonesimulator/Functions.o normal (in target 'Functions' from project 'Supabase')
    cd /Users/xinyufang/Library/Developer/Xcode/DerivedData/Buzz-faillbpsmponqzeruhhvskovixzk/SourcePackages/checkouts/supabase-swift
    /Applications/Xcode.app/Contents/Developer/Toolchains/XcodeDefault.xctoolchain/usr/bin/clang -Xlinker -reproducible -target arm64-apple-ios13.0-simulator -r -isysroot /Applications/Xcode.app/Contents/Developer/Platforms/iPhoneSimulator.platform/Developer/SDKs/iPhoneSimulator26.2.sdk -O0 -w -L/Users/xinyufang/Library/Developer/Xcode/DerivedData/Buzz-faillbpsmponqzeruhhvskovixzk/Build/Intermediates.noindex/EagerLinkingTBDs/Debug-iphonesimulator -L/Users/xinyufang/Library/Developer/Xcode/DerivedData/Buzz-faillbpsmponqzeruhhvskovixzk/Build/Products/Debug-iphonesimulator -L/Applications/Xcode.app/Contents/Developer/Platforms/iPhoneSimulator.platform/Developer/usr/lib -F/Users/xinyufang/Library/Developer/Xcode/DerivedData/Buzz-faillbpsmponqzeruhhvskovixzk/Build/Intermediates.noindex/EagerLinkingTBDs/Debug-iphonesimulator -F/Users/xinyufang/Library/Developer/Xcode/DerivedData/Buzz-faillbpsmponqzeruhhvskovixzk/Build/Products/Debug-iphonesimulator/PackageFrameworks -F/Users/xinyufang/Library/Developer/Xcode/DerivedData/Buzz-faillbpsmponqzeruhhvskovixzk/Build/Products/Debug-iphonesimulator/PackageFrameworks -F/Users/xinyufang/Library/Developer/Xcode/DerivedData/Buzz-faillbpsmponqzeruhhvskovixzk/Build/Products/Debug-iphonesimulator/PackageFrameworks -F/Users/xinyufang/Library/Developer/Xcode/DerivedData/Buzz-faillbpsmponqzeruhhvskovixzk/Build/Products/Debug-iphonesimulator/PackageFrameworks -F/Users/xinyufang/Library/Developer/Xcode/DerivedData/Buzz-faillbpsmponqzeruhhvskovixzk/Build/Products/Debug-iphonesimulator/PackageFrameworks -F/Users/xinyufang/Library/Developer/Xcode/DerivedData/Buzz-faillbpsmponqzeruhhvskovixzk/Build/Products/Debug-iphonesimulator/PackageFrameworks -F/Users/xinyufang/Library/Developer/Xcode/DerivedData/Buzz-faillbpsmponqzeruhhvskovixzk/Build/Products/Debug-iphonesimulator/PackageFrameworks -F/Users/xinyufang/Library/Developer/Xcode/DerivedData/Buzz-faillbpsmponqzeruhhvskovixzk/Build/Products/Debug-iphonesimulator -iframework /Applications/Xcode.app/Contents/Developer/Platforms/iPhoneSimulator.platform/Developer/Library/Frameworks -iframework /Applications/Xcode.app/Contents/Developer/Platforms/iPhoneSimulator.platform/Developer/SDKs/iPhoneSimulator26.2.sdk/Developer/Library/Frameworks -filelist /Users/xinyufang/Library/Developer/Xcode/DerivedData/Buzz-faillbpsmponqzeruhhvskovixzk/Build/Intermediates.noindex/Supabase.build/Debug-iphonesimulator/Functions.build/Objects-normal/arm64/Functions.LinkFileList -nostdlib -Xlinker -object_path_lto -Xlinker /Users/xinyufang/Library/Developer/Xcode/DerivedData/Buzz-faillbpsmponqzeruhhvskovixzk/Build/Intermediates.noindex/Supabase.build/Debug-iphonesimulator/Functions.build/Objects-normal/arm64/Functions_lto.o -rdynamic -Xlinker -no_deduplicate -Xlinker -objc_abi_version -Xlinker 2 -Xlinker -debug_variant -Xlinker -dependency_info -Xlinker /Users/xinyufang/Library/Developer/Xcode/DerivedData/Buzz-faillbpsmponqzeruhhvskovixzk/Build/Intermediates.noindex/Supabase.build/Debug-iphonesimulator/Functions.build/Objects-normal/arm64/Functions_dependency_info.dat -fobjc-link-runtime -L/Applications/Xcode.app/Contents/Developer/Toolchains/XcodeDefault.xctoolchain/usr/lib/swift/iphonesimulator -L/usr/lib/swift -Xlinker -add_ast_path -Xlinker /Users/xinyufang/Library/Developer/Xcode/DerivedData/Buzz-faillbpsmponqzeruhhvskovixzk/Build/Intermediates.noindex/Supabase.build/Debug-iphonesimulator/Functions.build/Objects-normal/arm64/Functions.swiftmodule @/Users/xinyufang/Library/Developer/Xcode/DerivedData/Buzz-faillbpsmponqzeruhhvskovixzk/Build/Intermediates.noindex/Supabase.build/Debug-iphonesimulator/Functions.build/Objects-normal/arm64/Functions-linker-args.resp -o /Users/xinyufang/Library/Developer/Xcode/DerivedData/Buzz-faillbpsmponqzeruhhvskovixzk/Build/Products/Debug-iphonesimulator/Functions.o

ExtractAppIntentsMetadata (in target 'Functions' from project 'Supabase')
    cd /Users/xinyufang/Library/Developer/Xcode/DerivedData/Buzz-faillbpsmponqzeruhhvskovixzk/SourcePackages/checkouts/supabase-swift
    /Applications/Xcode.app/Contents/Developer/Toolchains/XcodeDefault.xctoolchain/usr/bin/appintentsmetadataprocessor --toolchain-dir /Applications/Xcode.app/Contents/Developer/Toolchains/XcodeDefault.xctoolchain --module-name Functions --sdk-root /Applications/Xcode.app/Contents/Developer/Platforms/iPhoneSimulator.platform/Developer/SDKs/iPhoneSimulator26.2.sdk --xcode-version 17C52 --platform-family iOS --deployment-target 13.0 --bundle-identifier supabase-swift.Functions --output /Users/xinyufang/Library/Developer/Xcode/DerivedData/Buzz-faillbpsmponqzeruhhvskovixzk/Build/Products/Debug-iphonesimulator/Functions.appintents --target-triple arm64-apple-ios13.0-simulator --binary-file /Users/xinyufang/Library/Developer/Xcode/DerivedData/Buzz-faillbpsmponqzeruhhvskovixzk/Build/Products/Debug-iphonesimulator/Functions.o --dependency-file /Users/xinyufang/Library/Developer/Xcode/DerivedData/Buzz-faillbpsmponqzeruhhvskovixzk/Build/Intermediates.noindex/Supabase.build/Debug-iphonesimulator/Functions.build/Objects-normal/arm64/Functions_dependency_info.dat --stringsdata-file /Users/xinyufang/Library/Developer/Xcode/DerivedData/Buzz-faillbpsmponqzeruhhvskovixzk/Build/Intermediates.noindex/Supabase.build/Debug-iphonesimulator/Functions.build/Objects-normal/arm64/ExtractedAppShortcutsMetadata.stringsdata --source-file-list /Users/xinyufang/Library/Developer/Xcode/DerivedData/Buzz-faillbpsmponqzeruhhvskovixzk/Build/Intermediates.noindex/Supabase.build/Debug-iphonesimulator/Functions.build/Objects-normal/arm64/Functions.SwiftFileList --metadata-file-list /Users/xinyufang/Library/Developer/Xcode/DerivedData/Buzz-faillbpsmponqzeruhhvskovixzk/Build/Intermediates.noindex/Supabase.build/Debug-iphonesimulator/Functions.build/Functions.DependencyMetadataFileList --static-metadata-file-list /Users/xinyufang/Library/Developer/Xcode/DerivedData/Buzz-faillbpsmponqzeruhhvskovixzk/Build/Intermediates.noindex/Supabase.build/Debug-iphonesimulator/Functions.build/Functions.DependencyStaticMetadataFileList --swift-const-vals-list /Users/xinyufang/Library/Developer/Xcode/DerivedData/Buzz-faillbpsmponqzeruhhvskovixzk/Build/Intermediates.noindex/Supabase.build/Debug-iphonesimulator/Functions.build/Objects-normal/arm64/Functions.SwiftConstValuesFileList --force --compile-time-extraction --deployment-aware-processing --validate-assistant-intents --no-app-shortcuts-localization
2026-01-17 23:39:18.315 appintentsmetadataprocessor[99174:10446515] Starting appintentsmetadataprocessor export
2026-01-17 23:39:18.411 appintentsmetadataprocessor[99174:10446515] Extracted no relevant App Intents symbols, skipping writing output

RegisterExecutionPolicyException /Users/xinyufang/Library/Developer/Xcode/DerivedData/Buzz-faillbpsmponqzeruhhvskovixzk/Build/Products/Debug-iphonesimulator/Functions.o (in target 'Functions' from project 'Supabase')
    cd /Users/xinyufang/Library/Developer/Xcode/DerivedData/Buzz-faillbpsmponqzeruhhvskovixzk/SourcePackages/checkouts/supabase-swift
    builtin-RegisterExecutionPolicyException /Users/xinyufang/Library/Developer/Xcode/DerivedData/Buzz-faillbpsmponqzeruhhvskovixzk/Build/Products/Debug-iphonesimulator/Functions.o

Ld /Users/xinyufang/Library/Developer/Xcode/DerivedData/Buzz-faillbpsmponqzeruhhvskovixzk/Build/Products/Debug-iphonesimulator/PostgREST.o normal (in target 'PostgREST' from project 'Supabase')
    cd /Users/xinyufang/Library/Developer/Xcode/DerivedData/Buzz-faillbpsmponqzeruhhvskovixzk/SourcePackages/checkouts/supabase-swift
    /Applications/Xcode.app/Contents/Developer/Toolchains/XcodeDefault.xctoolchain/usr/bin/clang -Xlinker -reproducible -target arm64-apple-ios13.0-simulator -r -isysroot /Applications/Xcode.app/Contents/Developer/Platforms/iPhoneSimulator.platform/Developer/SDKs/iPhoneSimulator26.2.sdk -O0 -w -L/Users/xinyufang/Library/Developer/Xcode/DerivedData/Buzz-faillbpsmponqzeruhhvskovixzk/Build/Intermediates.noindex/EagerLinkingTBDs/Debug-iphonesimulator -L/Users/xinyufang/Library/Developer/Xcode/DerivedData/Buzz-faillbpsmponqzeruhhvskovixzk/Build/Products/Debug-iphonesimulator -L/Applications/Xcode.app/Contents/Developer/Platforms/iPhoneSimulator.platform/Developer/usr/lib -F/Users/xinyufang/Library/Developer/Xcode/DerivedData/Buzz-faillbpsmponqzeruhhvskovixzk/Build/Intermediates.noindex/EagerLinkingTBDs/Debug-iphonesimulator -F/Users/xinyufang/Library/Developer/Xcode/DerivedData/Buzz-faillbpsmponqzeruhhvskovixzk/Build/Products/Debug-iphonesimulator/PackageFrameworks -F/Users/xinyufang/Library/Developer/Xcode/DerivedData/Buzz-faillbpsmponqzeruhhvskovixzk/Build/Products/Debug-iphonesimulator/PackageFrameworks -F/Users/xinyufang/Library/Developer/Xcode/DerivedData/Buzz-faillbpsmponqzeruhhvskovixzk/Build/Products/Debug-iphonesimulator/PackageFrameworks -F/Users/xinyufang/Library/Developer/Xcode/DerivedData/Buzz-faillbpsmponqzeruhhvskovixzk/Build/Products/Debug-iphonesimulator/PackageFrameworks -F/Users/xinyufang/Library/Developer/Xcode/DerivedData/Buzz-faillbpsmponqzeruhhvskovixzk/Build/Products/Debug-iphonesimulator/PackageFrameworks -F/Users/xinyufang/Library/Developer/Xcode/DerivedData/Buzz-faillbpsmponqzeruhhvskovixzk/Build/Products/Debug-iphonesimulator/PackageFrameworks -F/Users/xinyufang/Library/Developer/Xcode/DerivedData/Buzz-faillbpsmponqzeruhhvskovixzk/Build/Products/Debug-iphonesimulator/PackageFrameworks -F/Users/xinyufang/Library/Developer/Xcode/DerivedData/Buzz-faillbpsmponqzeruhhvskovixzk/Build/Products/Debug-iphonesimulator -iframework /Applications/Xcode.app/Contents/Developer/Platforms/iPhoneSimulator.platform/Developer/Library/Frameworks -iframework /Applications/Xcode.app/Contents/Developer/Platforms/iPhoneSimulator.platform/Developer/SDKs/iPhoneSimulator26.2.sdk/Developer/Library/Frameworks -filelist /Users/xinyufang/Library/Developer/Xcode/DerivedData/Buzz-faillbpsmponqzeruhhvskovixzk/Build/Intermediates.noindex/Supabase.build/Debug-iphonesimulator/PostgREST.build/Objects-normal/arm64/PostgREST.LinkFileList -nostdlib -Xlinker -object_path_lto -Xlinker /Users/xinyufang/Library/Developer/Xcode/DerivedData/Buzz-faillbpsmponqzeruhhvskovixzk/Build/Intermediates.noindex/Supabase.build/Debug-iphonesimulator/PostgREST.build/Objects-normal/arm64/PostgREST_lto.o -rdynamic -Xlinker -no_deduplicate -Xlinker -objc_abi_version -Xlinker 2 -Xlinker -debug_variant -Xlinker -dependency_info -Xlinker /Users/xinyufang/Library/Developer/Xcode/DerivedData/Buzz-faillbpsmponqzeruhhvskovixzk/Build/Intermediates.noindex/Supabase.build/Debug-iphonesimulator/PostgREST.build/Objects-normal/arm64/PostgREST_dependency_info.dat -fobjc-link-runtime -L/Applications/Xcode.app/Contents/Developer/Toolchains/XcodeDefault.xctoolchain/usr/lib/swift/iphonesimulator -L/usr/lib/swift -Xlinker -add_ast_path -Xlinker /Users/xinyufang/Library/Developer/Xcode/DerivedData/Buzz-faillbpsmponqzeruhhvskovixzk/Build/Intermediates.noindex/Supabase.build/Debug-iphonesimulator/PostgREST.build/Objects-normal/arm64/PostgREST.swiftmodule @/Users/xinyufang/Library/Developer/Xcode/DerivedData/Buzz-faillbpsmponqzeruhhvskovixzk/Build/Intermediates.noindex/Supabase.build/Debug-iphonesimulator/PostgREST.build/Objects-normal/arm64/PostgREST-linker-args.resp -o /Users/xinyufang/Library/Developer/Xcode/DerivedData/Buzz-faillbpsmponqzeruhhvskovixzk/Build/Products/Debug-iphonesimulator/PostgREST.o

ExtractAppIntentsMetadata (in target 'PostgREST' from project 'Supabase')
    cd /Users/xinyufang/Library/Developer/Xcode/DerivedData/Buzz-faillbpsmponqzeruhhvskovixzk/SourcePackages/checkouts/supabase-swift
    /Applications/Xcode.app/Contents/Developer/Toolchains/XcodeDefault.xctoolchain/usr/bin/appintentsmetadataprocessor --toolchain-dir /Applications/Xcode.app/Contents/Developer/Toolchains/XcodeDefault.xctoolchain --module-name PostgREST --sdk-root /Applications/Xcode.app/Contents/Developer/Platforms/iPhoneSimulator.platform/Developer/SDKs/iPhoneSimulator26.2.sdk --xcode-version 17C52 --platform-family iOS --deployment-target 13.0 --bundle-identifier supabase-swift.PostgREST --output /Users/xinyufang/Library/Developer/Xcode/DerivedData/Buzz-faillbpsmponqzeruhhvskovixzk/Build/Products/Debug-iphonesimulator/PostgREST.appintents --target-triple arm64-apple-ios13.0-simulator --binary-file /Users/xinyufang/Library/Developer/Xcode/DerivedData/Buzz-faillbpsmponqzeruhhvskovixzk/Build/Products/Debug-iphonesimulator/PostgREST.o --dependency-file /Users/xinyufang/Library/Developer/Xcode/DerivedData/Buzz-faillbpsmponqzeruhhvskovixzk/Build/Intermediates.noindex/Supabase.build/Debug-iphonesimulator/PostgREST.build/Objects-normal/arm64/PostgREST_dependency_info.dat --stringsdata-file /Users/xinyufang/Library/Developer/Xcode/DerivedData/Buzz-faillbpsmponqzeruhhvskovixzk/Build/Intermediates.noindex/Supabase.build/Debug-iphonesimulator/PostgREST.build/Objects-normal/arm64/ExtractedAppShortcutsMetadata.stringsdata --source-file-list /Users/xinyufang/Library/Developer/Xcode/DerivedData/Buzz-faillbpsmponqzeruhhvskovixzk/Build/Intermediates.noindex/Supabase.build/Debug-iphonesimulator/PostgREST.build/Objects-normal/arm64/PostgREST.SwiftFileList --metadata-file-list /Users/xinyufang/Library/Developer/Xcode/DerivedData/Buzz-faillbpsmponqzeruhhvskovixzk/Build/Intermediates.noindex/Supabase.build/Debug-iphonesimulator/PostgREST.build/PostgREST.DependencyMetadataFileList --static-metadata-file-list /Users/xinyufang/Library/Developer/Xcode/DerivedData/Buzz-faillbpsmponqzeruhhvskovixzk/Build/Intermediates.noindex/Supabase.build/Debug-iphonesimulator/PostgREST.build/PostgREST.DependencyStaticMetadataFileList --swift-const-vals-list /Users/xinyufang/Library/Developer/Xcode/DerivedData/Buzz-faillbpsmponqzeruhhvskovixzk/Build/Intermediates.noindex/Supabase.build/Debug-iphonesimulator/PostgREST.build/Objects-normal/arm64/PostgREST.SwiftConstValuesFileList --force --compile-time-extraction --deployment-aware-processing --validate-assistant-intents --no-app-shortcuts-localization
2026-01-17 23:39:18.472 appintentsmetadataprocessor[99177:10446530] Starting appintentsmetadataprocessor export
2026-01-17 23:39:18.568 appintentsmetadataprocessor[99177:10446530] Extracted no relevant App Intents symbols, skipping writing output

RegisterExecutionPolicyException /Users/xinyufang/Library/Developer/Xcode/DerivedData/Buzz-faillbpsmponqzeruhhvskovixzk/Build/Products/Debug-iphonesimulator/PostgREST.o (in target 'PostgREST' from project 'Supabase')
    cd /Users/xinyufang/Library/Developer/Xcode/DerivedData/Buzz-faillbpsmponqzeruhhvskovixzk/SourcePackages/checkouts/supabase-swift
    builtin-RegisterExecutionPolicyException /Users/xinyufang/Library/Developer/Xcode/DerivedData/Buzz-faillbpsmponqzeruhhvskovixzk/Build/Products/Debug-iphonesimulator/PostgREST.o

ProcessInfoPlistFile /Users/xinyufang/Library/Developer/Xcode/DerivedData/Buzz-faillbpsmponqzeruhhvskovixzk/Build/Products/Debug-iphonesimulator/swift-crypto_Crypto.bundle/Info.plist /Users/xinyufang/Library/Developer/Xcode/DerivedData/Buzz-faillbpsmponqzeruhhvskovixzk/Build/Intermediates.noindex/swift-crypto.build/Debug-iphonesimulator/swift-crypto_Crypto.build/empty-swift-crypto_Crypto.plist (in target 'swift-crypto_Crypto' from project 'swift-crypto')
    cd /Users/xinyufang/Library/Developer/Xcode/DerivedData/Buzz-faillbpsmponqzeruhhvskovixzk/SourcePackages/checkouts/swift-crypto
    builtin-infoPlistUtility /Users/xinyufang/Library/Developer/Xcode/DerivedData/Buzz-faillbpsmponqzeruhhvskovixzk/Build/Intermediates.noindex/swift-crypto.build/Debug-iphonesimulator/swift-crypto_Crypto.build/empty-swift-crypto_Crypto.plist -producttype com.apple.product-type.bundle -expandbuildsettings -format binary -platform iphonesimulator -o /Users/xinyufang/Library/Developer/Xcode/DerivedData/Buzz-faillbpsmponqzeruhhvskovixzk/Build/Products/Debug-iphonesimulator/swift-crypto_Crypto.bundle/Info.plist

Ld /Users/xinyufang/Library/Developer/Xcode/DerivedData/Buzz-faillbpsmponqzeruhhvskovixzk/Build/Products/Debug-iphonesimulator/Crypto.o normal (in target 'Crypto' from project 'swift-crypto')
    cd /Users/xinyufang/Library/Developer/Xcode/DerivedData/Buzz-faillbpsmponqzeruhhvskovixzk/SourcePackages/checkouts/swift-crypto
    /Applications/Xcode.app/Contents/Developer/Toolchains/XcodeDefault.xctoolchain/usr/bin/clang -Xlinker -reproducible -target arm64-apple-ios12.0-simulator -r -isysroot /Applications/Xcode.app/Contents/Developer/Platforms/iPhoneSimulator.platform/Developer/SDKs/iPhoneSimulator26.2.sdk -O0 -w -L/Users/xinyufang/Library/Developer/Xcode/DerivedData/Buzz-faillbpsmponqzeruhhvskovixzk/Build/Intermediates.noindex/EagerLinkingTBDs/Debug-iphonesimulator -L/Users/xinyufang/Library/Developer/Xcode/DerivedData/Buzz-faillbpsmponqzeruhhvskovixzk/Build/Products/Debug-iphonesimulator -L/Applications/Xcode.app/Contents/Developer/Platforms/iPhoneSimulator.platform/Developer/usr/lib -F/Users/xinyufang/Library/Developer/Xcode/DerivedData/Buzz-faillbpsmponqzeruhhvskovixzk/Build/Intermediates.noindex/EagerLinkingTBDs/Debug-iphonesimulator -F/Users/xinyufang/Library/Developer/Xcode/DerivedData/Buzz-faillbpsmponqzeruhhvskovixzk/Build/Products/Debug-iphonesimulator -iframework /Applications/Xcode.app/Contents/Developer/Platforms/iPhoneSimulator.platform/Developer/Library/Frameworks -iframework /Applications/Xcode.app/Contents/Developer/Platforms/iPhoneSimulator.platform/Developer/SDKs/iPhoneSimulator26.2.sdk/Developer/Library/Frameworks -filelist /Users/xinyufang/Library/Developer/Xcode/DerivedData/Buzz-faillbpsmponqzeruhhvskovixzk/Build/Intermediates.noindex/swift-crypto.build/Debug-iphonesimulator/Crypto.build/Objects-normal/arm64/Crypto.LinkFileList -nostdlib -Xlinker -object_path_lto -Xlinker /Users/xinyufang/Library/Developer/Xcode/DerivedData/Buzz-faillbpsmponqzeruhhvskovixzk/Build/Intermediates.noindex/swift-crypto.build/Debug-iphonesimulator/Crypto.build/Objects-normal/arm64/Crypto_lto.o -rdynamic -Xlinker -no_deduplicate -Xlinker -objc_abi_version -Xlinker 2 -Xlinker -debug_variant -Xlinker -dependency_info -Xlinker /Users/xinyufang/Library/Developer/Xcode/DerivedData/Buzz-faillbpsmponqzeruhhvskovixzk/Build/Intermediates.noindex/swift-crypto.build/Debug-iphonesimulator/Crypto.build/Objects-normal/arm64/Crypto_dependency_info.dat -fobjc-link-runtime -L/Applications/Xcode.app/Contents/Developer/Toolchains/XcodeDefault.xctoolchain/usr/lib/swift/iphonesimulator -L/usr/lib/swift -Xlinker -add_ast_path -Xlinker /Users/xinyufang/Library/Developer/Xcode/DerivedData/Buzz-faillbpsmponqzeruhhvskovixzk/Build/Intermediates.noindex/swift-crypto.build/Debug-iphonesimulator/Crypto.build/Objects-normal/arm64/Crypto.swiftmodule @/Users/xinyufang/Library/Developer/Xcode/DerivedData/Buzz-faillbpsmponqzeruhhvskovixzk/Build/Intermediates.noindex/swift-crypto.build/Debug-iphonesimulator/Crypto.build/Objects-normal/arm64/Crypto-linker-args.resp -o /Users/xinyufang/Library/Developer/Xcode/DerivedData/Buzz-faillbpsmponqzeruhhvskovixzk/Build/Products/Debug-iphonesimulator/Crypto.o

ExtractAppIntentsMetadata (in target 'Crypto' from project 'swift-crypto')
    cd /Users/xinyufang/Library/Developer/Xcode/DerivedData/Buzz-faillbpsmponqzeruhhvskovixzk/SourcePackages/checkouts/swift-crypto
    /Applications/Xcode.app/Contents/Developer/Toolchains/XcodeDefault.xctoolchain/usr/bin/appintentsmetadataprocessor --toolchain-dir /Applications/Xcode.app/Contents/Developer/Toolchains/XcodeDefault.xctoolchain --module-name Crypto --sdk-root /Applications/Xcode.app/Contents/Developer/Platforms/iPhoneSimulator.platform/Developer/SDKs/iPhoneSimulator26.2.sdk --xcode-version 17C52 --platform-family iOS --deployment-target 12.0 --bundle-identifier swift-crypto.Crypto --output /Users/xinyufang/Library/Developer/Xcode/DerivedData/Buzz-faillbpsmponqzeruhhvskovixzk/Build/Products/Debug-iphonesimulator/Crypto.appintents --target-triple arm64-apple-ios12.0-simulator --binary-file /Users/xinyufang/Library/Developer/Xcode/DerivedData/Buzz-faillbpsmponqzeruhhvskovixzk/Build/Products/Debug-iphonesimulator/Crypto.o --dependency-file /Users/xinyufang/Library/Developer/Xcode/DerivedData/Buzz-faillbpsmponqzeruhhvskovixzk/Build/Intermediates.noindex/swift-crypto.build/Debug-iphonesimulator/Crypto.build/Objects-normal/arm64/Crypto_dependency_info.dat --stringsdata-file /Users/xinyufang/Library/Developer/Xcode/DerivedData/Buzz-faillbpsmponqzeruhhvskovixzk/Build/Intermediates.noindex/swift-crypto.build/Debug-iphonesimulator/Crypto.build/Objects-normal/arm64/ExtractedAppShortcutsMetadata.stringsdata --source-file-list /Users/xinyufang/Library/Developer/Xcode/DerivedData/Buzz-faillbpsmponqzeruhhvskovixzk/Build/Intermediates.noindex/swift-crypto.build/Debug-iphonesimulator/Crypto.build/Objects-normal/arm64/Crypto.SwiftFileList --metadata-file-list /Users/xinyufang/Library/Developer/Xcode/DerivedData/Buzz-faillbpsmponqzeruhhvskovixzk/Build/Intermediates.noindex/swift-crypto.build/Debug-iphonesimulator/Crypto.build/Crypto.DependencyMetadataFileList --static-metadata-file-list /Users/xinyufang/Library/Developer/Xcode/DerivedData/Buzz-faillbpsmponqzeruhhvskovixzk/Build/Intermediates.noindex/swift-crypto.build/Debug-iphonesimulator/Crypto.build/Crypto.DependencyStaticMetadataFileList --swift-const-vals-list /Users/xinyufang/Library/Developer/Xcode/DerivedData/Buzz-faillbpsmponqzeruhhvskovixzk/Build/Intermediates.noindex/swift-crypto.build/Debug-iphonesimulator/Crypto.build/Objects-normal/arm64/Crypto.SwiftConstValuesFileList --force --compile-time-extraction --deployment-aware-processing --validate-assistant-intents --no-app-shortcuts-localization
2026-01-17 23:39:18.652 appintentsmetadataprocessor[99181:10446549] Starting appintentsmetadataprocessor export
2026-01-17 23:39:18.760 appintentsmetadataprocessor[99181:10446549] Extracted no relevant App Intents symbols, skipping writing output

RegisterExecutionPolicyException /Users/xinyufang/Library/Developer/Xcode/DerivedData/Buzz-faillbpsmponqzeruhhvskovixzk/Build/Products/Debug-iphonesimulator/Crypto.o (in target 'Crypto' from project 'swift-crypto')
    cd /Users/xinyufang/Library/Developer/Xcode/DerivedData/Buzz-faillbpsmponqzeruhhvskovixzk/SourcePackages/checkouts/swift-crypto
    builtin-RegisterExecutionPolicyException /Users/xinyufang/Library/Developer/Xcode/DerivedData/Buzz-faillbpsmponqzeruhhvskovixzk/Build/Products/Debug-iphonesimulator/Crypto.o

Ld /Users/xinyufang/Library/Developer/Xcode/DerivedData/Buzz-faillbpsmponqzeruhhvskovixzk/Build/Products/Debug-iphonesimulator/Auth.o normal (in target 'Auth' from project 'Supabase')
    cd /Users/xinyufang/Library/Developer/Xcode/DerivedData/Buzz-faillbpsmponqzeruhhvskovixzk/SourcePackages/checkouts/supabase-swift
    /Applications/Xcode.app/Contents/Developer/Toolchains/XcodeDefault.xctoolchain/usr/bin/clang -Xlinker -reproducible -target arm64-apple-ios13.0-simulator -r -isysroot /Applications/Xcode.app/Contents/Developer/Platforms/iPhoneSimulator.platform/Developer/SDKs/iPhoneSimulator26.2.sdk -O0 -w -L/Users/xinyufang/Library/Developer/Xcode/DerivedData/Buzz-faillbpsmponqzeruhhvskovixzk/Build/Intermediates.noindex/EagerLinkingTBDs/Debug-iphonesimulator -L/Users/xinyufang/Library/Developer/Xcode/DerivedData/Buzz-faillbpsmponqzeruhhvskovixzk/Build/Products/Debug-iphonesimulator -L/Applications/Xcode.app/Contents/Developer/Platforms/iPhoneSimulator.platform/Developer/usr/lib -F/Users/xinyufang/Library/Developer/Xcode/DerivedData/Buzz-faillbpsmponqzeruhhvskovixzk/Build/Intermediates.noindex/EagerLinkingTBDs/Debug-iphonesimulator -F/Users/xinyufang/Library/Developer/Xcode/DerivedData/Buzz-faillbpsmponqzeruhhvskovixzk/Build/Products/Debug-iphonesimulator/PackageFrameworks -F/Users/xinyufang/Library/Developer/Xcode/DerivedData/Buzz-faillbpsmponqzeruhhvskovixzk/Build/Products/Debug-iphonesimulator/PackageFrameworks -F/Users/xinyufang/Library/Developer/Xcode/DerivedData/Buzz-faillbpsmponqzeruhhvskovixzk/Build/Products/Debug-iphonesimulator/PackageFrameworks -F/Users/xinyufang/Library/Developer/Xcode/DerivedData/Buzz-faillbpsmponqzeruhhvskovixzk/Build/Products/Debug-iphonesimulator/PackageFrameworks -F/Users/xinyufang/Library/Developer/Xcode/DerivedData/Buzz-faillbpsmponqzeruhhvskovixzk/Build/Products/Debug-iphonesimulator/PackageFrameworks -F/Users/xinyufang/Library/Developer/Xcode/DerivedData/Buzz-faillbpsmponqzeruhhvskovixzk/Build/Products/Debug-iphonesimulator/PackageFrameworks -F/Users/xinyufang/Library/Developer/Xcode/DerivedData/Buzz-faillbpsmponqzeruhhvskovixzk/Build/Products/Debug-iphonesimulator/PackageFrameworks -F/Users/xinyufang/Library/Developer/Xcode/DerivedData/Buzz-faillbpsmponqzeruhhvskovixzk/Build/Products/Debug-iphonesimulator/PackageFrameworks -F/Users/xinyufang/Library/Developer/Xcode/DerivedData/Buzz-faillbpsmponqzeruhhvskovixzk/Build/Products/Debug-iphonesimulator -iframework /Applications/Xcode.app/Contents/Developer/Platforms/iPhoneSimulator.platform/Developer/Library/Frameworks -iframework /Applications/Xcode.app/Contents/Developer/Platforms/iPhoneSimulator.platform/Developer/SDKs/iPhoneSimulator26.2.sdk/Developer/Library/Frameworks -filelist /Users/xinyufang/Library/Developer/Xcode/DerivedData/Buzz-faillbpsmponqzeruhhvskovixzk/Build/Intermediates.noindex/Supabase.build/Debug-iphonesimulator/Auth.build/Objects-normal/arm64/Auth.LinkFileList -nostdlib -Xlinker -object_path_lto -Xlinker /Users/xinyufang/Library/Developer/Xcode/DerivedData/Buzz-faillbpsmponqzeruhhvskovixzk/Build/Intermediates.noindex/Supabase.build/Debug-iphonesimulator/Auth.build/Objects-normal/arm64/Auth_lto.o -rdynamic -Xlinker -no_deduplicate -Xlinker -objc_abi_version -Xlinker 2 -Xlinker -debug_variant -Xlinker -dependency_info -Xlinker /Users/xinyufang/Library/Developer/Xcode/DerivedData/Buzz-faillbpsmponqzeruhhvskovixzk/Build/Intermediates.noindex/Supabase.build/Debug-iphonesimulator/Auth.build/Objects-normal/arm64/Auth_dependency_info.dat -fobjc-link-runtime -L/Applications/Xcode.app/Contents/Developer/Toolchains/XcodeDefault.xctoolchain/usr/lib/swift/iphonesimulator -L/usr/lib/swift -Xlinker -add_ast_path -Xlinker /Users/xinyufang/Library/Developer/Xcode/DerivedData/Buzz-faillbpsmponqzeruhhvskovixzk/Build/Intermediates.noindex/Supabase.build/Debug-iphonesimulator/Auth.build/Objects-normal/arm64/Auth.swiftmodule @/Users/xinyufang/Library/Developer/Xcode/DerivedData/Buzz-faillbpsmponqzeruhhvskovixzk/Build/Intermediates.noindex/Supabase.build/Debug-iphonesimulator/Auth.build/Objects-normal/arm64/Auth-linker-args.resp -o /Users/xinyufang/Library/Developer/Xcode/DerivedData/Buzz-faillbpsmponqzeruhhvskovixzk/Build/Products/Debug-iphonesimulator/Auth.o

ExtractAppIntentsMetadata (in target 'Auth' from project 'Supabase')
    cd /Users/xinyufang/Library/Developer/Xcode/DerivedData/Buzz-faillbpsmponqzeruhhvskovixzk/SourcePackages/checkouts/supabase-swift
    /Applications/Xcode.app/Contents/Developer/Toolchains/XcodeDefault.xctoolchain/usr/bin/appintentsmetadataprocessor --toolchain-dir /Applications/Xcode.app/Contents/Developer/Toolchains/XcodeDefault.xctoolchain --module-name Auth --sdk-root /Applications/Xcode.app/Contents/Developer/Platforms/iPhoneSimulator.platform/Developer/SDKs/iPhoneSimulator26.2.sdk --xcode-version 17C52 --platform-family iOS --deployment-target 13.0 --bundle-identifier supabase-swift.Auth --output /Users/xinyufang/Library/Developer/Xcode/DerivedData/Buzz-faillbpsmponqzeruhhvskovixzk/Build/Products/Debug-iphonesimulator/Auth.appintents --target-triple arm64-apple-ios13.0-simulator --binary-file /Users/xinyufang/Library/Developer/Xcode/DerivedData/Buzz-faillbpsmponqzeruhhvskovixzk/Build/Products/Debug-iphonesimulator/Auth.o --dependency-file /Users/xinyufang/Library/Developer/Xcode/DerivedData/Buzz-faillbpsmponqzeruhhvskovixzk/Build/Intermediates.noindex/Supabase.build/Debug-iphonesimulator/Auth.build/Objects-normal/arm64/Auth_dependency_info.dat --stringsdata-file /Users/xinyufang/Library/Developer/Xcode/DerivedData/Buzz-faillbpsmponqzeruhhvskovixzk/Build/Intermediates.noindex/Supabase.build/Debug-iphonesimulator/Auth.build/Objects-normal/arm64/ExtractedAppShortcutsMetadata.stringsdata --source-file-list /Users/xinyufang/Library/Developer/Xcode/DerivedData/Buzz-faillbpsmponqzeruhhvskovixzk/Build/Intermediates.noindex/Supabase.build/Debug-iphonesimulator/Auth.build/Objects-normal/arm64/Auth.SwiftFileList --metadata-file-list /Users/xinyufang/Library/Developer/Xcode/DerivedData/Buzz-faillbpsmponqzeruhhvskovixzk/Build/Intermediates.noindex/Supabase.build/Debug-iphonesimulator/Auth.build/Auth.DependencyMetadataFileList --static-metadata-file-list /Users/xinyufang/Library/Developer/Xcode/DerivedData/Buzz-faillbpsmponqzeruhhvskovixzk/Build/Intermediates.noindex/Supabase.build/Debug-iphonesimulator/Auth.build/Auth.DependencyStaticMetadataFileList --swift-const-vals-list /Users/xinyufang/Library/Developer/Xcode/DerivedData/Buzz-faillbpsmponqzeruhhvskovixzk/Build/Intermediates.noindex/Supabase.build/Debug-iphonesimulator/Auth.build/Objects-normal/arm64/Auth.SwiftConstValuesFileList --force --compile-time-extraction --deployment-aware-processing --validate-assistant-intents --no-app-shortcuts-localization
2026-01-17 23:39:18.872 appintentsmetadataprocessor[99185:10446568] Starting appintentsmetadataprocessor export
2026-01-17 23:39:18.973 appintentsmetadataprocessor[99185:10446568] Extracted no relevant App Intents symbols, skipping writing output

RegisterExecutionPolicyException /Users/xinyufang/Library/Developer/Xcode/DerivedData/Buzz-faillbpsmponqzeruhhvskovixzk/Build/Products/Debug-iphonesimulator/Auth.o (in target 'Auth' from project 'Supabase')
    cd /Users/xinyufang/Library/Developer/Xcode/DerivedData/Buzz-faillbpsmponqzeruhhvskovixzk/SourcePackages/checkouts/supabase-swift
    builtin-RegisterExecutionPolicyException /Users/xinyufang/Library/Developer/Xcode/DerivedData/Buzz-faillbpsmponqzeruhhvskovixzk/Build/Products/Debug-iphonesimulator/Auth.o

Ld /Users/xinyufang/Library/Developer/Xcode/DerivedData/Buzz-faillbpsmponqzeruhhvskovixzk/Build/Products/Debug-iphonesimulator/Supabase.o normal (in target 'Supabase' from project 'Supabase')
    cd /Users/xinyufang/Library/Developer/Xcode/DerivedData/Buzz-faillbpsmponqzeruhhvskovixzk/SourcePackages/checkouts/supabase-swift
    /Applications/Xcode.app/Contents/Developer/Toolchains/XcodeDefault.xctoolchain/usr/bin/clang -Xlinker -reproducible -target arm64-apple-ios13.0-simulator -r -isysroot /Applications/Xcode.app/Contents/Developer/Platforms/iPhoneSimulator.platform/Developer/SDKs/iPhoneSimulator26.2.sdk -O0 -w -L/Users/xinyufang/Library/Developer/Xcode/DerivedData/Buzz-faillbpsmponqzeruhhvskovixzk/Build/Intermediates.noindex/EagerLinkingTBDs/Debug-iphonesimulator -L/Users/xinyufang/Library/Developer/Xcode/DerivedData/Buzz-faillbpsmponqzeruhhvskovixzk/Build/Products/Debug-iphonesimulator -L/Applications/Xcode.app/Contents/Developer/Platforms/iPhoneSimulator.platform/Developer/usr/lib -F/Users/xinyufang/Library/Developer/Xcode/DerivedData/Buzz-faillbpsmponqzeruhhvskovixzk/Build/Intermediates.noindex/EagerLinkingTBDs/Debug-iphonesimulator -F/Users/xinyufang/Library/Developer/Xcode/DerivedData/Buzz-faillbpsmponqzeruhhvskovixzk/Build/Products/Debug-iphonesimulator/PackageFrameworks -F/Users/xinyufang/Library/Developer/Xcode/DerivedData/Buzz-faillbpsmponqzeruhhvskovixzk/Build/Products/Debug-iphonesimulator/PackageFrameworks -F/Users/xinyufang/Library/Developer/Xcode/DerivedData/Buzz-faillbpsmponqzeruhhvskovixzk/Build/Products/Debug-iphonesimulator/PackageFrameworks -F/Users/xinyufang/Library/Developer/Xcode/DerivedData/Buzz-faillbpsmponqzeruhhvskovixzk/Build/Products/Debug-iphonesimulator/PackageFrameworks -F/Users/xinyufang/Library/Developer/Xcode/DerivedData/Buzz-faillbpsmponqzeruhhvskovixzk/Build/Products/Debug-iphonesimulator/PackageFrameworks -F/Users/xinyufang/Library/Developer/Xcode/DerivedData/Buzz-faillbpsmponqzeruhhvskovixzk/Build/Products/Debug-iphonesimulator/PackageFrameworks -F/Users/xinyufang/Library/Developer/Xcode/DerivedData/Buzz-faillbpsmponqzeruhhvskovixzk/Build/Products/Debug-iphonesimulator/PackageFrameworks -F/Users/xinyufang/Library/Developer/Xcode/DerivedData/Buzz-faillbpsmponqzeruhhvskovixzk/Build/Products/Debug-iphonesimulator/PackageFrameworks -F/Users/xinyufang/Library/Developer/Xcode/DerivedData/Buzz-faillbpsmponqzeruhhvskovixzk/Build/Products/Debug-iphonesimulator/PackageFrameworks -F/Users/xinyufang/Library/Developer/Xcode/DerivedData/Buzz-faillbpsmponqzeruhhvskovixzk/Build/Products/Debug-iphonesimulator/PackageFrameworks -F/Users/xinyufang/Library/Developer/Xcode/DerivedData/Buzz-faillbpsmponqzeruhhvskovixzk/Build/Products/Debug-iphonesimulator/PackageFrameworks -F/Users/xinyufang/Library/Developer/Xcode/DerivedData/Buzz-faillbpsmponqzeruhhvskovixzk/Build/Products/Debug-iphonesimulator/PackageFrameworks -F/Users/xinyufang/Library/Developer/Xcode/DerivedData/Buzz-faillbpsmponqzeruhhvskovixzk/Build/Products/Debug-iphonesimulator/PackageFrameworks -F/Users/xinyufang/Library/Developer/Xcode/DerivedData/Buzz-faillbpsmponqzeruhhvskovixzk/Build/Products/Debug-iphonesimulator -iframework /Applications/Xcode.app/Contents/Developer/Platforms/iPhoneSimulator.platform/Developer/Library/Frameworks -iframework /Applications/Xcode.app/Contents/Developer/Platforms/iPhoneSimulator.platform/Developer/SDKs/iPhoneSimulator26.2.sdk/Developer/Library/Frameworks -filelist /Users/xinyufang/Library/Developer/Xcode/DerivedData/Buzz-faillbpsmponqzeruhhvskovixzk/Build/Intermediates.noindex/Supabase.build/Debug-iphonesimulator/Supabase.build/Objects-normal/arm64/Supabase.LinkFileList -nostdlib -Xlinker -object_path_lto -Xlinker /Users/xinyufang/Library/Developer/Xcode/DerivedData/Buzz-faillbpsmponqzeruhhvskovixzk/Build/Intermediates.noindex/Supabase.build/Debug-iphonesimulator/Supabase.build/Objects-normal/arm64/Supabase_lto.o -rdynamic -Xlinker -no_deduplicate -Xlinker -objc_abi_version -Xlinker 2 -Xlinker -debug_variant -Xlinker -dependency_info -Xlinker /Users/xinyufang/Library/Developer/Xcode/DerivedData/Buzz-faillbpsmponqzeruhhvskovixzk/Build/Intermediates.noindex/Supabase.build/Debug-iphonesimulator/Supabase.build/Objects-normal/arm64/Supabase_dependency_info.dat -fobjc-link-runtime -L/Applications/Xcode.app/Contents/Developer/Toolchains/XcodeDefault.xctoolchain/usr/lib/swift/iphonesimulator -L/usr/lib/swift -Xlinker -add_ast_path -Xlinker /Users/xinyufang/Library/Developer/Xcode/DerivedData/Buzz-faillbpsmponqzeruhhvskovixzk/Build/Intermediates.noindex/Supabase.build/Debug-iphonesimulator/Supabase.build/Objects-normal/arm64/Supabase.swiftmodule @/Users/xinyufang/Library/Developer/Xcode/DerivedData/Buzz-faillbpsmponqzeruhhvskovixzk/Build/Intermediates.noindex/Supabase.build/Debug-iphonesimulator/Supabase.build/Objects-normal/arm64/Supabase-linker-args.resp -o /Users/xinyufang/Library/Developer/Xcode/DerivedData/Buzz-faillbpsmponqzeruhhvskovixzk/Build/Products/Debug-iphonesimulator/Supabase.o

ExtractAppIntentsMetadata (in target 'Supabase' from project 'Supabase')
    cd /Users/xinyufang/Library/Developer/Xcode/DerivedData/Buzz-faillbpsmponqzeruhhvskovixzk/SourcePackages/checkouts/supabase-swift
    /Applications/Xcode.app/Contents/Developer/Toolchains/XcodeDefault.xctoolchain/usr/bin/appintentsmetadataprocessor --toolchain-dir /Applications/Xcode.app/Contents/Developer/Toolchains/XcodeDefault.xctoolchain --module-name Supabase --sdk-root /Applications/Xcode.app/Contents/Developer/Platforms/iPhoneSimulator.platform/Developer/SDKs/iPhoneSimulator26.2.sdk --xcode-version 17C52 --platform-family iOS --deployment-target 13.0 --bundle-identifier supabase-swift.Supabase --output /Users/xinyufang/Library/Developer/Xcode/DerivedData/Buzz-faillbpsmponqzeruhhvskovixzk/Build/Products/Debug-iphonesimulator/Supabase.appintents --target-triple arm64-apple-ios13.0-simulator --binary-file /Users/xinyufang/Library/Developer/Xcode/DerivedData/Buzz-faillbpsmponqzeruhhvskovixzk/Build/Products/Debug-iphonesimulator/Supabase.o --dependency-file /Users/xinyufang/Library/Developer/Xcode/DerivedData/Buzz-faillbpsmponqzeruhhvskovixzk/Build/Intermediates.noindex/Supabase.build/Debug-iphonesimulator/Supabase.build/Objects-normal/arm64/Supabase_dependency_info.dat --stringsdata-file /Users/xinyufang/Library/Developer/Xcode/DerivedData/Buzz-faillbpsmponqzeruhhvskovixzk/Build/Intermediates.noindex/Supabase.build/Debug-iphonesimulator/Supabase.build/Objects-normal/arm64/ExtractedAppShortcutsMetadata.stringsdata --source-file-list /Users/xinyufang/Library/Developer/Xcode/DerivedData/Buzz-faillbpsmponqzeruhhvskovixzk/Build/Intermediates.noindex/Supabase.build/Debug-iphonesimulator/Supabase.build/Objects-normal/arm64/Supabase.SwiftFileList --metadata-file-list /Users/xinyufang/Library/Developer/Xcode/DerivedData/Buzz-faillbpsmponqzeruhhvskovixzk/Build/Intermediates.noindex/Supabase.build/Debug-iphonesimulator/Supabase.build/Supabase.DependencyMetadataFileList --static-metadata-file-list /Users/xinyufang/Library/Developer/Xcode/DerivedData/Buzz-faillbpsmponqzeruhhvskovixzk/Build/Intermediates.noindex/Supabase.build/Debug-iphonesimulator/Supabase.build/Supabase.DependencyStaticMetadataFileList --swift-const-vals-list /Users/xinyufang/Library/Developer/Xcode/DerivedData/Buzz-faillbpsmponqzeruhhvskovixzk/Build/Intermediates.noindex/Supabase.build/Debug-iphonesimulator/Supabase.build/Objects-normal/arm64/Supabase.SwiftConstValuesFileList --force --compile-time-extraction --deployment-aware-processing --validate-assistant-intents --no-app-shortcuts-localization
2026-01-17 23:39:19.031 appintentsmetadataprocessor[99201:10446599] Starting appintentsmetadataprocessor export
2026-01-17 23:39:19.138 appintentsmetadataprocessor[99201:10446599] Extracted no relevant App Intents symbols, skipping writing output

RegisterExecutionPolicyException /Users/xinyufang/Library/Developer/Xcode/DerivedData/Buzz-faillbpsmponqzeruhhvskovixzk/Build/Products/Debug-iphonesimulator/Supabase.o (in target 'Supabase' from project 'Supabase')
    cd /Users/xinyufang/Library/Developer/Xcode/DerivedData/Buzz-faillbpsmponqzeruhhvskovixzk/SourcePackages/checkouts/supabase-swift
    builtin-RegisterExecutionPolicyException /Users/xinyufang/Library/Developer/Xcode/DerivedData/Buzz-faillbpsmponqzeruhhvskovixzk/Build/Products/Debug-iphonesimulator/Supabase.o

ProcessInfoPlistFile /Users/xinyufang/Library/Developer/Xcode/DerivedData/Buzz-faillbpsmponqzeruhhvskovixzk/Build/Products/Debug-iphonesimulator/Stripe_StripeCore.bundle/Info.plist /Users/xinyufang/Library/Developer/Xcode/DerivedData/Buzz-faillbpsmponqzeruhhvskovixzk/Build/Intermediates.noindex/Stripe.build/Debug-iphonesimulator/Stripe_StripeCore.build/empty-Stripe_StripeCore.plist (in target 'Stripe_StripeCore' from project 'Stripe')
    cd /Users/xinyufang/Library/Developer/Xcode/DerivedData/Buzz-faillbpsmponqzeruhhvskovixzk/SourcePackages/checkouts/stripe-ios-spm
    builtin-infoPlistUtility /Users/xinyufang/Library/Developer/Xcode/DerivedData/Buzz-faillbpsmponqzeruhhvskovixzk/Build/Intermediates.noindex/Stripe.build/Debug-iphonesimulator/Stripe_StripeCore.build/empty-Stripe_StripeCore.plist -producttype com.apple.product-type.bundle -expandbuildsettings -format binary -platform iphonesimulator -o /Users/xinyufang/Library/Developer/Xcode/DerivedData/Buzz-faillbpsmponqzeruhhvskovixzk/Build/Products/Debug-iphonesimulator/Stripe_StripeCore.bundle/Info.plist

Ld /Users/xinyufang/Library/Developer/Xcode/DerivedData/Buzz-faillbpsmponqzeruhhvskovixzk/Build/Products/Debug-iphonesimulator/StripeCore.o normal (in target 'StripeCore' from project 'Stripe')
    cd /Users/xinyufang/Library/Developer/Xcode/DerivedData/Buzz-faillbpsmponqzeruhhvskovixzk/SourcePackages/checkouts/stripe-ios-spm
    /Applications/Xcode.app/Contents/Developer/Toolchains/XcodeDefault.xctoolchain/usr/bin/clang -Xlinker -reproducible -target arm64-apple-ios13.0-simulator -r -isysroot /Applications/Xcode.app/Contents/Developer/Platforms/iPhoneSimulator.platform/Developer/SDKs/iPhoneSimulator26.2.sdk -O0 -w -L/Users/xinyufang/Library/Developer/Xcode/DerivedData/Buzz-faillbpsmponqzeruhhvskovixzk/Build/Intermediates.noindex/EagerLinkingTBDs/Debug-iphonesimulator -L/Users/xinyufang/Library/Developer/Xcode/DerivedData/Buzz-faillbpsmponqzeruhhvskovixzk/Build/Products/Debug-iphonesimulator -L/Applications/Xcode.app/Contents/Developer/Platforms/iPhoneSimulator.platform/Developer/usr/lib -F/Users/xinyufang/Library/Developer/Xcode/DerivedData/Buzz-faillbpsmponqzeruhhvskovixzk/Build/Intermediates.noindex/EagerLinkingTBDs/Debug-iphonesimulator -F/Users/xinyufang/Library/Developer/Xcode/DerivedData/Buzz-faillbpsmponqzeruhhvskovixzk/Build/Products/Debug-iphonesimulator -iframework /Applications/Xcode.app/Contents/Developer/Platforms/iPhoneSimulator.platform/Developer/Library/Frameworks -iframework /Applications/Xcode.app/Contents/Developer/Platforms/iPhoneSimulator.platform/Developer/SDKs/iPhoneSimulator26.2.sdk/Developer/Library/Frameworks -filelist /Users/xinyufang/Library/Developer/Xcode/DerivedData/Buzz-faillbpsmponqzeruhhvskovixzk/Build/Intermediates.noindex/Stripe.build/Debug-iphonesimulator/StripeCore.build/Objects-normal/arm64/StripeCore.LinkFileList -nostdlib -Xlinker -object_path_lto -Xlinker /Users/xinyufang/Library/Developer/Xcode/DerivedData/Buzz-faillbpsmponqzeruhhvskovixzk/Build/Intermediates.noindex/Stripe.build/Debug-iphonesimulator/StripeCore.build/Objects-normal/arm64/StripeCore_lto.o -rdynamic -Xlinker -no_deduplicate -Xlinker -objc_abi_version -Xlinker 2 -Xlinker -debug_variant -Xlinker -dependency_info -Xlinker /Users/xinyufang/Library/Developer/Xcode/DerivedData/Buzz-faillbpsmponqzeruhhvskovixzk/Build/Intermediates.noindex/Stripe.build/Debug-iphonesimulator/StripeCore.build/Objects-normal/arm64/StripeCore_dependency_info.dat -fobjc-link-runtime -L/Applications/Xcode.app/Contents/Developer/Toolchains/XcodeDefault.xctoolchain/usr/lib/swift/iphonesimulator -L/usr/lib/swift -Xlinker -add_ast_path -Xlinker /Users/xinyufang/Library/Developer/Xcode/DerivedData/Buzz-faillbpsmponqzeruhhvskovixzk/Build/Intermediates.noindex/Stripe.build/Debug-iphonesimulator/StripeCore.build/Objects-normal/arm64/StripeCore.swiftmodule @/Users/xinyufang/Library/Developer/Xcode/DerivedData/Buzz-faillbpsmponqzeruhhvskovixzk/Build/Intermediates.noindex/Stripe.build/Debug-iphonesimulator/StripeCore.build/Objects-normal/arm64/StripeCore-linker-args.resp -o /Users/xinyufang/Library/Developer/Xcode/DerivedData/Buzz-faillbpsmponqzeruhhvskovixzk/Build/Products/Debug-iphonesimulator/StripeCore.o

ExtractAppIntentsMetadata (in target 'StripeCore' from project 'Stripe')
    cd /Users/xinyufang/Library/Developer/Xcode/DerivedData/Buzz-faillbpsmponqzeruhhvskovixzk/SourcePackages/checkouts/stripe-ios-spm
    /Applications/Xcode.app/Contents/Developer/Toolchains/XcodeDefault.xctoolchain/usr/bin/appintentsmetadataprocessor --toolchain-dir /Applications/Xcode.app/Contents/Developer/Toolchains/XcodeDefault.xctoolchain --module-name StripeCore --sdk-root /Applications/Xcode.app/Contents/Developer/Platforms/iPhoneSimulator.platform/Developer/SDKs/iPhoneSimulator26.2.sdk --xcode-version 17C52 --platform-family iOS --deployment-target 13.0 --bundle-identifier stripe-ios-spm.StripeCore --output /Users/xinyufang/Library/Developer/Xcode/DerivedData/Buzz-faillbpsmponqzeruhhvskovixzk/Build/Products/Debug-iphonesimulator/StripeCore.appintents --target-triple arm64-apple-ios13.0-simulator --binary-file /Users/xinyufang/Library/Developer/Xcode/DerivedData/Buzz-faillbpsmponqzeruhhvskovixzk/Build/Products/Debug-iphonesimulator/StripeCore.o --dependency-file /Users/xinyufang/Library/Developer/Xcode/DerivedData/Buzz-faillbpsmponqzeruhhvskovixzk/Build/Intermediates.noindex/Stripe.build/Debug-iphonesimulator/StripeCore.build/Objects-normal/arm64/StripeCore_dependency_info.dat --stringsdata-file /Users/xinyufang/Library/Developer/Xcode/DerivedData/Buzz-faillbpsmponqzeruhhvskovixzk/Build/Intermediates.noindex/Stripe.build/Debug-iphonesimulator/StripeCore.build/Objects-normal/arm64/ExtractedAppShortcutsMetadata.stringsdata --source-file-list /Users/xinyufang/Library/Developer/Xcode/DerivedData/Buzz-faillbpsmponqzeruhhvskovixzk/Build/Intermediates.noindex/Stripe.build/Debug-iphonesimulator/StripeCore.build/Objects-normal/arm64/StripeCore.SwiftFileList --metadata-file-list /Users/xinyufang/Library/Developer/Xcode/DerivedData/Buzz-faillbpsmponqzeruhhvskovixzk/Build/Intermediates.noindex/Stripe.build/Debug-iphonesimulator/StripeCore.build/StripeCore.DependencyMetadataFileList --static-metadata-file-list /Users/xinyufang/Library/Developer/Xcode/DerivedData/Buzz-faillbpsmponqzeruhhvskovixzk/Build/Intermediates.noindex/Stripe.build/Debug-iphonesimulator/StripeCore.build/StripeCore.DependencyStaticMetadataFileList --swift-const-vals-list /Users/xinyufang/Library/Developer/Xcode/DerivedData/Buzz-faillbpsmponqzeruhhvskovixzk/Build/Intermediates.noindex/Stripe.build/Debug-iphonesimulator/StripeCore.build/Objects-normal/arm64/StripeCore.SwiftConstValuesFileList --force --compile-time-extraction --deployment-aware-processing --validate-assistant-intents --no-app-shortcuts-localization
2026-01-17 23:39:19.291 appintentsmetadataprocessor[99207:10446631] Starting appintentsmetadataprocessor export
2026-01-17 23:39:19.399 appintentsmetadataprocessor[99207:10446631] Extracted no relevant App Intents symbols, skipping writing output

RegisterExecutionPolicyException /Users/xinyufang/Library/Developer/Xcode/DerivedData/Buzz-faillbpsmponqzeruhhvskovixzk/Build/Products/Debug-iphonesimulator/StripeCore.o (in target 'StripeCore' from project 'Stripe')
    cd /Users/xinyufang/Library/Developer/Xcode/DerivedData/Buzz-faillbpsmponqzeruhhvskovixzk/SourcePackages/checkouts/stripe-ios-spm
    builtin-RegisterExecutionPolicyException /Users/xinyufang/Library/Developer/Xcode/DerivedData/Buzz-faillbpsmponqzeruhhvskovixzk/Build/Products/Debug-iphonesimulator/StripeCore.o

Ld /Users/xinyufang/Library/Developer/Xcode/DerivedData/Buzz-faillbpsmponqzeruhhvskovixzk/Build/Products/Debug-iphonesimulator/StripeApplePay.o normal (in target 'StripeApplePay' from project 'Stripe')
    cd /Users/xinyufang/Library/Developer/Xcode/DerivedData/Buzz-faillbpsmponqzeruhhvskovixzk/SourcePackages/checkouts/stripe-ios-spm
    /Applications/Xcode.app/Contents/Developer/Toolchains/XcodeDefault.xctoolchain/usr/bin/clang -Xlinker -reproducible -target arm64-apple-ios13.0-simulator -r -isysroot /Applications/Xcode.app/Contents/Developer/Platforms/iPhoneSimulator.platform/Developer/SDKs/iPhoneSimulator26.2.sdk -O0 -w -L/Users/xinyufang/Library/Developer/Xcode/DerivedData/Buzz-faillbpsmponqzeruhhvskovixzk/Build/Intermediates.noindex/EagerLinkingTBDs/Debug-iphonesimulator -L/Users/xinyufang/Library/Developer/Xcode/DerivedData/Buzz-faillbpsmponqzeruhhvskovixzk/Build/Products/Debug-iphonesimulator -L/Applications/Xcode.app/Contents/Developer/Platforms/iPhoneSimulator.platform/Developer/usr/lib -F/Users/xinyufang/Library/Developer/Xcode/DerivedData/Buzz-faillbpsmponqzeruhhvskovixzk/Build/Intermediates.noindex/EagerLinkingTBDs/Debug-iphonesimulator -F/Users/xinyufang/Library/Developer/Xcode/DerivedData/Buzz-faillbpsmponqzeruhhvskovixzk/Build/Products/Debug-iphonesimulator/PackageFrameworks -F/Users/xinyufang/Library/Developer/Xcode/DerivedData/Buzz-faillbpsmponqzeruhhvskovixzk/Build/Products/Debug-iphonesimulator -iframework /Applications/Xcode.app/Contents/Developer/Platforms/iPhoneSimulator.platform/Developer/Library/Frameworks -iframework /Applications/Xcode.app/Contents/Developer/Platforms/iPhoneSimulator.platform/Developer/SDKs/iPhoneSimulator26.2.sdk/Developer/Library/Frameworks -filelist /Users/xinyufang/Library/Developer/Xcode/DerivedData/Buzz-faillbpsmponqzeruhhvskovixzk/Build/Intermediates.noindex/Stripe.build/Debug-iphonesimulator/StripeApplePay.build/Objects-normal/arm64/StripeApplePay.LinkFileList -nostdlib -Xlinker -object_path_lto -Xlinker /Users/xinyufang/Library/Developer/Xcode/DerivedData/Buzz-faillbpsmponqzeruhhvskovixzk/Build/Intermediates.noindex/Stripe.build/Debug-iphonesimulator/StripeApplePay.build/Objects-normal/arm64/StripeApplePay_lto.o -rdynamic -Xlinker -no_deduplicate -Xlinker -objc_abi_version -Xlinker 2 -Xlinker -debug_variant -Xlinker -dependency_info -Xlinker /Users/xinyufang/Library/Developer/Xcode/DerivedData/Buzz-faillbpsmponqzeruhhvskovixzk/Build/Intermediates.noindex/Stripe.build/Debug-iphonesimulator/StripeApplePay.build/Objects-normal/arm64/StripeApplePay_dependency_info.dat -fobjc-link-runtime -L/Applications/Xcode.app/Contents/Developer/Toolchains/XcodeDefault.xctoolchain/usr/lib/swift/iphonesimulator -L/usr/lib/swift -Xlinker -add_ast_path -Xlinker /Users/xinyufang/Library/Developer/Xcode/DerivedData/Buzz-faillbpsmponqzeruhhvskovixzk/Build/Intermediates.noindex/Stripe.build/Debug-iphonesimulator/StripeApplePay.build/Objects-normal/arm64/StripeApplePay.swiftmodule @/Users/xinyufang/Library/Developer/Xcode/DerivedData/Buzz-faillbpsmponqzeruhhvskovixzk/Build/Intermediates.noindex/Stripe.build/Debug-iphonesimulator/StripeApplePay.build/Objects-normal/arm64/StripeApplePay-linker-args.resp -o /Users/xinyufang/Library/Developer/Xcode/DerivedData/Buzz-faillbpsmponqzeruhhvskovixzk/Build/Products/Debug-iphonesimulator/StripeApplePay.o

ExtractAppIntentsMetadata (in target 'StripeApplePay' from project 'Stripe')
    cd /Users/xinyufang/Library/Developer/Xcode/DerivedData/Buzz-faillbpsmponqzeruhhvskovixzk/SourcePackages/checkouts/stripe-ios-spm
    /Applications/Xcode.app/Contents/Developer/Toolchains/XcodeDefault.xctoolchain/usr/bin/appintentsmetadataprocessor --toolchain-dir /Applications/Xcode.app/Contents/Developer/Toolchains/XcodeDefault.xctoolchain --module-name StripeApplePay --sdk-root /Applications/Xcode.app/Contents/Developer/Platforms/iPhoneSimulator.platform/Developer/SDKs/iPhoneSimulator26.2.sdk --xcode-version 17C52 --platform-family iOS --deployment-target 13.0 --bundle-identifier stripe-ios-spm.StripeApplePay --output /Users/xinyufang/Library/Developer/Xcode/DerivedData/Buzz-faillbpsmponqzeruhhvskovixzk/Build/Products/Debug-iphonesimulator/StripeApplePay.appintents --target-triple arm64-apple-ios13.0-simulator --binary-file /Users/xinyufang/Library/Developer/Xcode/DerivedData/Buzz-faillbpsmponqzeruhhvskovixzk/Build/Products/Debug-iphonesimulator/StripeApplePay.o --dependency-file /Users/xinyufang/Library/Developer/Xcode/DerivedData/Buzz-faillbpsmponqzeruhhvskovixzk/Build/Intermediates.noindex/Stripe.build/Debug-iphonesimulator/StripeApplePay.build/Objects-normal/arm64/StripeApplePay_dependency_info.dat --stringsdata-file /Users/xinyufang/Library/Developer/Xcode/DerivedData/Buzz-faillbpsmponqzeruhhvskovixzk/Build/Intermediates.noindex/Stripe.build/Debug-iphonesimulator/StripeApplePay.build/Objects-normal/arm64/ExtractedAppShortcutsMetadata.stringsdata --source-file-list /Users/xinyufang/Library/Developer/Xcode/DerivedData/Buzz-faillbpsmponqzeruhhvskovixzk/Build/Intermediates.noindex/Stripe.build/Debug-iphonesimulator/StripeApplePay.build/Objects-normal/arm64/StripeApplePay.SwiftFileList --metadata-file-list /Users/xinyufang/Library/Developer/Xcode/DerivedData/Buzz-faillbpsmponqzeruhhvskovixzk/Build/Intermediates.noindex/Stripe.build/Debug-iphonesimulator/StripeApplePay.build/StripeApplePay.DependencyMetadataFileList --static-metadata-file-list /Users/xinyufang/Library/Developer/Xcode/DerivedData/Buzz-faillbpsmponqzeruhhvskovixzk/Build/Intermediates.noindex/Stripe.build/Debug-iphonesimulator/StripeApplePay.build/StripeApplePay.DependencyStaticMetadataFileList --swift-const-vals-list /Users/xinyufang/Library/Developer/Xcode/DerivedData/Buzz-faillbpsmponqzeruhhvskovixzk/Build/Intermediates.noindex/Stripe.build/Debug-iphonesimulator/StripeApplePay.build/Objects-normal/arm64/StripeApplePay.SwiftConstValuesFileList --force --compile-time-extraction --deployment-aware-processing --validate-assistant-intents --no-app-shortcuts-localization
2026-01-17 23:39:19.482 appintentsmetadataprocessor[99210:10446645] Starting appintentsmetadataprocessor export
2026-01-17 23:39:19.584 appintentsmetadataprocessor[99210:10446645] Extracted no relevant App Intents symbols, skipping writing output

RegisterExecutionPolicyException /Users/xinyufang/Library/Developer/Xcode/DerivedData/Buzz-faillbpsmponqzeruhhvskovixzk/Build/Products/Debug-iphonesimulator/StripeApplePay.o (in target 'StripeApplePay' from project 'Stripe')
    cd /Users/xinyufang/Library/Developer/Xcode/DerivedData/Buzz-faillbpsmponqzeruhhvskovixzk/SourcePackages/checkouts/stripe-ios-spm
    builtin-RegisterExecutionPolicyException /Users/xinyufang/Library/Developer/Xcode/DerivedData/Buzz-faillbpsmponqzeruhhvskovixzk/Build/Products/Debug-iphonesimulator/StripeApplePay.o

ProcessInfoPlistFile /Users/xinyufang/Library/Developer/Xcode/DerivedData/Buzz-faillbpsmponqzeruhhvskovixzk/Build/Products/Debug-iphonesimulator/Stripe_StripeCardScan.bundle/Info.plist /Users/xinyufang/Library/Developer/Xcode/DerivedData/Buzz-faillbpsmponqzeruhhvskovixzk/Build/Intermediates.noindex/Stripe.build/Debug-iphonesimulator/Stripe_StripeCardScan.build/empty-Stripe_StripeCardScan.plist (in target 'Stripe_StripeCardScan' from project 'Stripe')
    cd /Users/xinyufang/Library/Developer/Xcode/DerivedData/Buzz-faillbpsmponqzeruhhvskovixzk/SourcePackages/checkouts/stripe-ios-spm
    builtin-infoPlistUtility /Users/xinyufang/Library/Developer/Xcode/DerivedData/Buzz-faillbpsmponqzeruhhvskovixzk/Build/Intermediates.noindex/Stripe.build/Debug-iphonesimulator/Stripe_StripeCardScan.build/empty-Stripe_StripeCardScan.plist -producttype com.apple.product-type.bundle -expandbuildsettings -format binary -platform iphonesimulator -o /Users/xinyufang/Library/Developer/Xcode/DerivedData/Buzz-faillbpsmponqzeruhhvskovixzk/Build/Products/Debug-iphonesimulator/Stripe_StripeCardScan.bundle/Info.plist

Ld /Users/xinyufang/Library/Developer/Xcode/DerivedData/Buzz-faillbpsmponqzeruhhvskovixzk/Build/Products/Debug-iphonesimulator/StripeCardScan.o normal (in target 'StripeCardScan' from project 'Stripe')
    cd /Users/xinyufang/Library/Developer/Xcode/DerivedData/Buzz-faillbpsmponqzeruhhvskovixzk/SourcePackages/checkouts/stripe-ios-spm
    /Applications/Xcode.app/Contents/Developer/Toolchains/XcodeDefault.xctoolchain/usr/bin/clang -Xlinker -reproducible -target arm64-apple-ios13.0-simulator -r -isysroot /Applications/Xcode.app/Contents/Developer/Platforms/iPhoneSimulator.platform/Developer/SDKs/iPhoneSimulator26.2.sdk -O0 -w -L/Users/xinyufang/Library/Developer/Xcode/DerivedData/Buzz-faillbpsmponqzeruhhvskovixzk/Build/Intermediates.noindex/EagerLinkingTBDs/Debug-iphonesimulator -L/Users/xinyufang/Library/Developer/Xcode/DerivedData/Buzz-faillbpsmponqzeruhhvskovixzk/Build/Products/Debug-iphonesimulator -L/Applications/Xcode.app/Contents/Developer/Platforms/iPhoneSimulator.platform/Developer/usr/lib -F/Users/xinyufang/Library/Developer/Xcode/DerivedData/Buzz-faillbpsmponqzeruhhvskovixzk/Build/Intermediates.noindex/EagerLinkingTBDs/Debug-iphonesimulator -F/Users/xinyufang/Library/Developer/Xcode/DerivedData/Buzz-faillbpsmponqzeruhhvskovixzk/Build/Products/Debug-iphonesimulator/PackageFrameworks -F/Users/xinyufang/Library/Developer/Xcode/DerivedData/Buzz-faillbpsmponqzeruhhvskovixzk/Build/Products/Debug-iphonesimulator -iframework /Applications/Xcode.app/Contents/Developer/Platforms/iPhoneSimulator.platform/Developer/Library/Frameworks -iframework /Applications/Xcode.app/Contents/Developer/Platforms/iPhoneSimulator.platform/Developer/SDKs/iPhoneSimulator26.2.sdk/Developer/Library/Frameworks -filelist /Users/xinyufang/Library/Developer/Xcode/DerivedData/Buzz-faillbpsmponqzeruhhvskovixzk/Build/Intermediates.noindex/Stripe.build/Debug-iphonesimulator/StripeCardScan.build/Objects-normal/arm64/StripeCardScan.LinkFileList -nostdlib -Xlinker -object_path_lto -Xlinker /Users/xinyufang/Library/Developer/Xcode/DerivedData/Buzz-faillbpsmponqzeruhhvskovixzk/Build/Intermediates.noindex/Stripe.build/Debug-iphonesimulator/StripeCardScan.build/Objects-normal/arm64/StripeCardScan_lto.o -rdynamic -Xlinker -no_deduplicate -Xlinker -objc_abi_version -Xlinker 2 -Xlinker -debug_variant -Xlinker -dependency_info -Xlinker /Users/xinyufang/Library/Developer/Xcode/DerivedData/Buzz-faillbpsmponqzeruhhvskovixzk/Build/Intermediates.noindex/Stripe.build/Debug-iphonesimulator/StripeCardScan.build/Objects-normal/arm64/StripeCardScan_dependency_info.dat -fobjc-link-runtime -L/Applications/Xcode.app/Contents/Developer/Toolchains/XcodeDefault.xctoolchain/usr/lib/swift/iphonesimulator -L/usr/lib/swift -Xlinker -add_ast_path -Xlinker /Users/xinyufang/Library/Developer/Xcode/DerivedData/Buzz-faillbpsmponqzeruhhvskovixzk/Build/Intermediates.noindex/Stripe.build/Debug-iphonesimulator/StripeCardScan.build/Objects-normal/arm64/StripeCardScan.swiftmodule @/Users/xinyufang/Library/Developer/Xcode/DerivedData/Buzz-faillbpsmponqzeruhhvskovixzk/Build/Intermediates.noindex/Stripe.build/Debug-iphonesimulator/StripeCardScan.build/Objects-normal/arm64/StripeCardScan-linker-args.resp -o /Users/xinyufang/Library/Developer/Xcode/DerivedData/Buzz-faillbpsmponqzeruhhvskovixzk/Build/Products/Debug-iphonesimulator/StripeCardScan.o

ExtractAppIntentsMetadata (in target 'StripeCardScan' from project 'Stripe')
    cd /Users/xinyufang/Library/Developer/Xcode/DerivedData/Buzz-faillbpsmponqzeruhhvskovixzk/SourcePackages/checkouts/stripe-ios-spm
    /Applications/Xcode.app/Contents/Developer/Toolchains/XcodeDefault.xctoolchain/usr/bin/appintentsmetadataprocessor --toolchain-dir /Applications/Xcode.app/Contents/Developer/Toolchains/XcodeDefault.xctoolchain --module-name StripeCardScan --sdk-root /Applications/Xcode.app/Contents/Developer/Platforms/iPhoneSimulator.platform/Developer/SDKs/iPhoneSimulator26.2.sdk --xcode-version 17C52 --platform-family iOS --deployment-target 13.0 --bundle-identifier stripe-ios-spm.StripeCardScan --output /Users/xinyufang/Library/Developer/Xcode/DerivedData/Buzz-faillbpsmponqzeruhhvskovixzk/Build/Products/Debug-iphonesimulator/StripeCardScan.appintents --target-triple arm64-apple-ios13.0-simulator --binary-file /Users/xinyufang/Library/Developer/Xcode/DerivedData/Buzz-faillbpsmponqzeruhhvskovixzk/Build/Products/Debug-iphonesimulator/StripeCardScan.o --dependency-file /Users/xinyufang/Library/Developer/Xcode/DerivedData/Buzz-faillbpsmponqzeruhhvskovixzk/Build/Intermediates.noindex/Stripe.build/Debug-iphonesimulator/StripeCardScan.build/Objects-normal/arm64/StripeCardScan_dependency_info.dat --stringsdata-file /Users/xinyufang/Library/Developer/Xcode/DerivedData/Buzz-faillbpsmponqzeruhhvskovixzk/Build/Intermediates.noindex/Stripe.build/Debug-iphonesimulator/StripeCardScan.build/Objects-normal/arm64/ExtractedAppShortcutsMetadata.stringsdata --source-file-list /Users/xinyufang/Library/Developer/Xcode/DerivedData/Buzz-faillbpsmponqzeruhhvskovixzk/Build/Intermediates.noindex/Stripe.build/Debug-iphonesimulator/StripeCardScan.build/Objects-normal/arm64/StripeCardScan.SwiftFileList --metadata-file-list /Users/xinyufang/Library/Developer/Xcode/DerivedData/Buzz-faillbpsmponqzeruhhvskovixzk/Build/Intermediates.noindex/Stripe.build/Debug-iphonesimulator/StripeCardScan.build/StripeCardScan.DependencyMetadataFileList --static-metadata-file-list /Users/xinyufang/Library/Developer/Xcode/DerivedData/Buzz-faillbpsmponqzeruhhvskovixzk/Build/Intermediates.noindex/Stripe.build/Debug-iphonesimulator/StripeCardScan.build/StripeCardScan.DependencyStaticMetadataFileList --swift-const-vals-list /Users/xinyufang/Library/Developer/Xcode/DerivedData/Buzz-faillbpsmponqzeruhhvskovixzk/Build/Intermediates.noindex/Stripe.build/Debug-iphonesimulator/StripeCardScan.build/Objects-normal/arm64/StripeCardScan.SwiftConstValuesFileList --force --compile-time-extraction --deployment-aware-processing --validate-assistant-intents --no-app-shortcuts-localization
2026-01-17 23:39:19.741 appintentsmetadataprocessor[99213:10446665] Starting appintentsmetadataprocessor export
2026-01-17 23:39:19.847 appintentsmetadataprocessor[99213:10446665] Extracted no relevant App Intents symbols, skipping writing output

RegisterExecutionPolicyException /Users/xinyufang/Library/Developer/Xcode/DerivedData/Buzz-faillbpsmponqzeruhhvskovixzk/Build/Products/Debug-iphonesimulator/StripeCardScan.o (in target 'StripeCardScan' from project 'Stripe')
    cd /Users/xinyufang/Library/Developer/Xcode/DerivedData/Buzz-faillbpsmponqzeruhhvskovixzk/SourcePackages/checkouts/stripe-ios-spm
    builtin-RegisterExecutionPolicyException /Users/xinyufang/Library/Developer/Xcode/DerivedData/Buzz-faillbpsmponqzeruhhvskovixzk/Build/Products/Debug-iphonesimulator/StripeCardScan.o

ProcessInfoPlistFile /Users/xinyufang/Library/Developer/Xcode/DerivedData/Buzz-faillbpsmponqzeruhhvskovixzk/Build/Products/Debug-iphonesimulator/Stripe_StripePayments.bundle/Info.plist /Users/xinyufang/Library/Developer/Xcode/DerivedData/Buzz-faillbpsmponqzeruhhvskovixzk/Build/Intermediates.noindex/Stripe.build/Debug-iphonesimulator/Stripe_StripePayments.build/empty-Stripe_StripePayments.plist (in target 'Stripe_StripePayments' from project 'Stripe')
    cd /Users/xinyufang/Library/Developer/Xcode/DerivedData/Buzz-faillbpsmponqzeruhhvskovixzk/SourcePackages/checkouts/stripe-ios-spm
    builtin-infoPlistUtility /Users/xinyufang/Library/Developer/Xcode/DerivedData/Buzz-faillbpsmponqzeruhhvskovixzk/Build/Intermediates.noindex/Stripe.build/Debug-iphonesimulator/Stripe_StripePayments.build/empty-Stripe_StripePayments.plist -producttype com.apple.product-type.bundle -expandbuildsettings -format binary -platform iphonesimulator -o /Users/xinyufang/Library/Developer/Xcode/DerivedData/Buzz-faillbpsmponqzeruhhvskovixzk/Build/Products/Debug-iphonesimulator/Stripe_StripePayments.bundle/Info.plist

CompileAssetCatalogVariant thinned /Users/xinyufang/Library/Developer/Xcode/DerivedData/Buzz-faillbpsmponqzeruhhvskovixzk/Build/Products/Debug-iphonesimulator/Stripe_Stripe3DS2.bundle /Users/xinyufang/Library/Developer/Xcode/DerivedData/Buzz-faillbpsmponqzeruhhvskovixzk/SourcePackages/checkouts/stripe-ios-spm/Stripe3DS2/Stripe3DS2/Resources/Stripe3DS2.xcassets (in target 'Stripe_Stripe3DS2' from project 'Stripe')
    cd /Users/xinyufang/Library/Developer/Xcode/DerivedData/Buzz-faillbpsmponqzeruhhvskovixzk/SourcePackages/checkouts/stripe-ios-spm
    /Applications/Xcode.app/Contents/Developer/usr/bin/actool /Users/xinyufang/Library/Developer/Xcode/DerivedData/Buzz-faillbpsmponqzeruhhvskovixzk/SourcePackages/checkouts/stripe-ios-spm/Stripe3DS2/Stripe3DS2/Resources/Stripe3DS2.xcassets --compile /Users/xinyufang/Library/Developer/Xcode/DerivedData/Buzz-faillbpsmponqzeruhhvskovixzk/Build/Intermediates.noindex/Stripe.build/Debug-iphonesimulator/Stripe_Stripe3DS2.build/assetcatalog_output/thinned --output-format human-readable-text --notices --warnings --export-dependency-info /Users/xinyufang/Library/Developer/Xcode/DerivedData/Buzz-faillbpsmponqzeruhhvskovixzk/Build/Intermediates.noindex/Stripe.build/Debug-iphonesimulator/Stripe_Stripe3DS2.build/assetcatalog_dependencies_thinned --output-partial-info-plist /Users/xinyufang/Library/Developer/Xcode/DerivedData/Buzz-faillbpsmponqzeruhhvskovixzk/Build/Intermediates.noindex/Stripe.build/Debug-iphonesimulator/Stripe_Stripe3DS2.build/assetcatalog_generated_info.plist_thinned --compress-pngs --enable-on-demand-resources NO --filter-for-thinning-device-configuration iPhone18,3 --filter-for-device-os-version 26.2 --development-region en --target-device iphone --target-device ipad --minimum-deployment-target 13.0 --platform iphonesimulator
/* com.apple.actool.compilation-results */
/Users/xinyufang/Library/Developer/Xcode/DerivedData/Buzz-faillbpsmponqzeruhhvskovixzk/Build/Intermediates.noindex/Stripe.build/Debug-iphonesimulator/Stripe_Stripe3DS2.build/assetcatalog_generated_info.plist_thinned
/Users/xinyufang/Library/Developer/Xcode/DerivedData/Buzz-faillbpsmponqzeruhhvskovixzk/Build/Intermediates.noindex/Stripe.build/Debug-iphonesimulator/Stripe_Stripe3DS2.build/assetcatalog_output/thinned/Assets.car


LinkAssetCatalog /Users/xinyufang/Library/Developer/Xcode/DerivedData/Buzz-faillbpsmponqzeruhhvskovixzk/SourcePackages/checkouts/stripe-ios-spm/Stripe3DS2/Stripe3DS2/Resources/Stripe3DS2.xcassets (in target 'Stripe_Stripe3DS2' from project 'Stripe')
    cd /Users/xinyufang/Library/Developer/Xcode/DerivedData/Buzz-faillbpsmponqzeruhhvskovixzk/SourcePackages/checkouts/stripe-ios-spm
    builtin-linkAssetCatalog --thinned /Users/xinyufang/Library/Developer/Xcode/DerivedData/Buzz-faillbpsmponqzeruhhvskovixzk/Build/Intermediates.noindex/Stripe.build/Debug-iphonesimulator/Stripe_Stripe3DS2.build/assetcatalog_output/thinned --thinned-dependencies /Users/xinyufang/Library/Developer/Xcode/DerivedData/Buzz-faillbpsmponqzeruhhvskovixzk/Build/Intermediates.noindex/Stripe.build/Debug-iphonesimulator/Stripe_Stripe3DS2.build/assetcatalog_dependencies_thinned --thinned-info-plist-content /Users/xinyufang/Library/Developer/Xcode/DerivedData/Buzz-faillbpsmponqzeruhhvskovixzk/Build/Intermediates.noindex/Stripe.build/Debug-iphonesimulator/Stripe_Stripe3DS2.build/assetcatalog_generated_info.plist_thinned --unthinned /Users/xinyufang/Library/Developer/Xcode/DerivedData/Buzz-faillbpsmponqzeruhhvskovixzk/Build/Intermediates.noindex/Stripe.build/Debug-iphonesimulator/Stripe_Stripe3DS2.build/assetcatalog_output/unthinned --unthinned-dependencies /Users/xinyufang/Library/Developer/Xcode/DerivedData/Buzz-faillbpsmponqzeruhhvskovixzk/Build/Intermediates.noindex/Stripe.build/Debug-iphonesimulator/Stripe_Stripe3DS2.build/assetcatalog_dependencies_unthinned --unthinned-info-plist-content /Users/xinyufang/Library/Developer/Xcode/DerivedData/Buzz-faillbpsmponqzeruhhvskovixzk/Build/Intermediates.noindex/Stripe.build/Debug-iphonesimulator/Stripe_Stripe3DS2.build/assetcatalog_generated_info.plist_unthinned --output /Users/xinyufang/Library/Developer/Xcode/DerivedData/Buzz-faillbpsmponqzeruhhvskovixzk/Build/Products/Debug-iphonesimulator/Stripe_Stripe3DS2.bundle --plist-output /Users/xinyufang/Library/Developer/Xcode/DerivedData/Buzz-faillbpsmponqzeruhhvskovixzk/Build/Intermediates.noindex/Stripe.build/Debug-iphonesimulator/Stripe_Stripe3DS2.build/assetcatalog_generated_info.plist
note: Emplaced /Users/xinyufang/Library/Developer/Xcode/DerivedData/Buzz-faillbpsmponqzeruhhvskovixzk/Build/Products/Debug-iphonesimulator/Stripe_Stripe3DS2.bundle/Assets.car (in target 'Stripe_Stripe3DS2' from project 'Stripe')

ProcessInfoPlistFile /Users/xinyufang/Library/Developer/Xcode/DerivedData/Buzz-faillbpsmponqzeruhhvskovixzk/Build/Products/Debug-iphonesimulator/Stripe_Stripe3DS2.bundle/Info.plist /Users/xinyufang/Library/Developer/Xcode/DerivedData/Buzz-faillbpsmponqzeruhhvskovixzk/Build/Intermediates.noindex/Stripe.build/Debug-iphonesimulator/Stripe_Stripe3DS2.build/empty-Stripe_Stripe3DS2.plist (in target 'Stripe_Stripe3DS2' from project 'Stripe')
    cd /Users/xinyufang/Library/Developer/Xcode/DerivedData/Buzz-faillbpsmponqzeruhhvskovixzk/SourcePackages/checkouts/stripe-ios-spm
    builtin-infoPlistUtility /Users/xinyufang/Library/Developer/Xcode/DerivedData/Buzz-faillbpsmponqzeruhhvskovixzk/Build/Intermediates.noindex/Stripe.build/Debug-iphonesimulator/Stripe_Stripe3DS2.build/empty-Stripe_Stripe3DS2.plist -producttype com.apple.product-type.bundle -expandbuildsettings -format binary -platform iphonesimulator -additionalcontentfile /Users/xinyufang/Library/Developer/Xcode/DerivedData/Buzz-faillbpsmponqzeruhhvskovixzk/Build/Intermediates.noindex/Stripe.build/Debug-iphonesimulator/Stripe_Stripe3DS2.build/assetcatalog_generated_info.plist -o /Users/xinyufang/Library/Developer/Xcode/DerivedData/Buzz-faillbpsmponqzeruhhvskovixzk/Build/Products/Debug-iphonesimulator/Stripe_Stripe3DS2.bundle/Info.plist

Ld /Users/xinyufang/Library/Developer/Xcode/DerivedData/Buzz-faillbpsmponqzeruhhvskovixzk/Build/Products/Debug-iphonesimulator/Stripe3DS2.o normal (in target 'Stripe3DS2' from project 'Stripe')
    cd /Users/xinyufang/Library/Developer/Xcode/DerivedData/Buzz-faillbpsmponqzeruhhvskovixzk/SourcePackages/checkouts/stripe-ios-spm
    /Applications/Xcode.app/Contents/Developer/Toolchains/XcodeDefault.xctoolchain/usr/bin/clang -Xlinker -reproducible -target arm64-apple-ios13.0-simulator -r -isysroot /Applications/Xcode.app/Contents/Developer/Platforms/iPhoneSimulator.platform/Developer/SDKs/iPhoneSimulator26.2.sdk -O0 -w -L/Users/xinyufang/Library/Developer/Xcode/DerivedData/Buzz-faillbpsmponqzeruhhvskovixzk/Build/Intermediates.noindex/EagerLinkingTBDs/Debug-iphonesimulator -L/Users/xinyufang/Library/Developer/Xcode/DerivedData/Buzz-faillbpsmponqzeruhhvskovixzk/Build/Products/Debug-iphonesimulator -L/Applications/Xcode.app/Contents/Developer/Platforms/iPhoneSimulator.platform/Developer/usr/lib -F/Users/xinyufang/Library/Developer/Xcode/DerivedData/Buzz-faillbpsmponqzeruhhvskovixzk/Build/Intermediates.noindex/EagerLinkingTBDs/Debug-iphonesimulator -F/Users/xinyufang/Library/Developer/Xcode/DerivedData/Buzz-faillbpsmponqzeruhhvskovixzk/Build/Products/Debug-iphonesimulator -iframework /Applications/Xcode.app/Contents/Developer/Platforms/iPhoneSimulator.platform/Developer/Library/Frameworks -iframework /Applications/Xcode.app/Contents/Developer/Platforms/iPhoneSimulator.platform/Developer/SDKs/iPhoneSimulator26.2.sdk/Developer/Library/Frameworks -filelist /Users/xinyufang/Library/Developer/Xcode/DerivedData/Buzz-faillbpsmponqzeruhhvskovixzk/Build/Intermediates.noindex/Stripe.build/Debug-iphonesimulator/Stripe3DS2.build/Objects-normal/arm64/Stripe3DS2.LinkFileList -nostdlib -Xlinker -object_path_lto -Xlinker /Users/xinyufang/Library/Developer/Xcode/DerivedData/Buzz-faillbpsmponqzeruhhvskovixzk/Build/Intermediates.noindex/Stripe.build/Debug-iphonesimulator/Stripe3DS2.build/Objects-normal/arm64/Stripe3DS2_lto.o -rdynamic -Xlinker -no_deduplicate -Xlinker -objc_abi_version -Xlinker 2 -Xlinker -debug_variant -Xlinker -dependency_info -Xlinker /Users/xinyufang/Library/Developer/Xcode/DerivedData/Buzz-faillbpsmponqzeruhhvskovixzk/Build/Intermediates.noindex/Stripe.build/Debug-iphonesimulator/Stripe3DS2.build/Objects-normal/arm64/Stripe3DS2_dependency_info.dat -fobjc-arc -fobjc-link-runtime -o /Users/xinyufang/Library/Developer/Xcode/DerivedData/Buzz-faillbpsmponqzeruhhvskovixzk/Build/Products/Debug-iphonesimulator/Stripe3DS2.o

RegisterExecutionPolicyException /Users/xinyufang/Library/Developer/Xcode/DerivedData/Buzz-faillbpsmponqzeruhhvskovixzk/Build/Products/Debug-iphonesimulator/Stripe3DS2.o (in target 'Stripe3DS2' from project 'Stripe')
    cd /Users/xinyufang/Library/Developer/Xcode/DerivedData/Buzz-faillbpsmponqzeruhhvskovixzk/SourcePackages/checkouts/stripe-ios-spm
    builtin-RegisterExecutionPolicyException /Users/xinyufang/Library/Developer/Xcode/DerivedData/Buzz-faillbpsmponqzeruhhvskovixzk/Build/Products/Debug-iphonesimulator/Stripe3DS2.o

Ld /Users/xinyufang/Library/Developer/Xcode/DerivedData/Buzz-faillbpsmponqzeruhhvskovixzk/Build/Products/Debug-iphonesimulator/StripePayments.o normal (in target 'StripePayments' from project 'Stripe')
    cd /Users/xinyufang/Library/Developer/Xcode/DerivedData/Buzz-faillbpsmponqzeruhhvskovixzk/SourcePackages/checkouts/stripe-ios-spm
    /Applications/Xcode.app/Contents/Developer/Toolchains/XcodeDefault.xctoolchain/usr/bin/clang -Xlinker -reproducible -target arm64-apple-ios13.0-simulator -r -isysroot /Applications/Xcode.app/Contents/Developer/Platforms/iPhoneSimulator.platform/Developer/SDKs/iPhoneSimulator26.2.sdk -O0 -w -L/Users/xinyufang/Library/Developer/Xcode/DerivedData/Buzz-faillbpsmponqzeruhhvskovixzk/Build/Intermediates.noindex/EagerLinkingTBDs/Debug-iphonesimulator -L/Users/xinyufang/Library/Developer/Xcode/DerivedData/Buzz-faillbpsmponqzeruhhvskovixzk/Build/Products/Debug-iphonesimulator -L/Applications/Xcode.app/Contents/Developer/Platforms/iPhoneSimulator.platform/Developer/usr/lib -F/Users/xinyufang/Library/Developer/Xcode/DerivedData/Buzz-faillbpsmponqzeruhhvskovixzk/Build/Intermediates.noindex/EagerLinkingTBDs/Debug-iphonesimulator -F/Users/xinyufang/Library/Developer/Xcode/DerivedData/Buzz-faillbpsmponqzeruhhvskovixzk/Build/Products/Debug-iphonesimulator/PackageFrameworks -F/Users/xinyufang/Library/Developer/Xcode/DerivedData/Buzz-faillbpsmponqzeruhhvskovixzk/Build/Products/Debug-iphonesimulator/PackageFrameworks -F/Users/xinyufang/Library/Developer/Xcode/DerivedData/Buzz-faillbpsmponqzeruhhvskovixzk/Build/Products/Debug-iphonesimulator -iframework /Applications/Xcode.app/Contents/Developer/Platforms/iPhoneSimulator.platform/Developer/Library/Frameworks -iframework /Applications/Xcode.app/Contents/Developer/Platforms/iPhoneSimulator.platform/Developer/SDKs/iPhoneSimulator26.2.sdk/Developer/Library/Frameworks -filelist /Users/xinyufang/Library/Developer/Xcode/DerivedData/Buzz-faillbpsmponqzeruhhvskovixzk/Build/Intermediates.noindex/Stripe.build/Debug-iphonesimulator/StripePayments.build/Objects-normal/arm64/StripePayments.LinkFileList -nostdlib -Xlinker -object_path_lto -Xlinker /Users/xinyufang/Library/Developer/Xcode/DerivedData/Buzz-faillbpsmponqzeruhhvskovixzk/Build/Intermediates.noindex/Stripe.build/Debug-iphonesimulator/StripePayments.build/Objects-normal/arm64/StripePayments_lto.o -rdynamic -Xlinker -no_deduplicate -Xlinker -objc_abi_version -Xlinker 2 -Xlinker -debug_variant -Xlinker -dependency_info -Xlinker /Users/xinyufang/Library/Developer/Xcode/DerivedData/Buzz-faillbpsmponqzeruhhvskovixzk/Build/Intermediates.noindex/Stripe.build/Debug-iphonesimulator/StripePayments.build/Objects-normal/arm64/StripePayments_dependency_info.dat -fobjc-link-runtime -L/Applications/Xcode.app/Contents/Developer/Toolchains/XcodeDefault.xctoolchain/usr/lib/swift/iphonesimulator -L/usr/lib/swift -Xlinker -add_ast_path -Xlinker /Users/xinyufang/Library/Developer/Xcode/DerivedData/Buzz-faillbpsmponqzeruhhvskovixzk/Build/Intermediates.noindex/Stripe.build/Debug-iphonesimulator/StripePayments.build/Objects-normal/arm64/StripePayments.swiftmodule @/Users/xinyufang/Library/Developer/Xcode/DerivedData/Buzz-faillbpsmponqzeruhhvskovixzk/Build/Intermediates.noindex/Stripe.build/Debug-iphonesimulator/StripePayments.build/Objects-normal/arm64/StripePayments-linker-args.resp -o /Users/xinyufang/Library/Developer/Xcode/DerivedData/Buzz-faillbpsmponqzeruhhvskovixzk/Build/Products/Debug-iphonesimulator/StripePayments.o

ExtractAppIntentsMetadata (in target 'StripePayments' from project 'Stripe')
    cd /Users/xinyufang/Library/Developer/Xcode/DerivedData/Buzz-faillbpsmponqzeruhhvskovixzk/SourcePackages/checkouts/stripe-ios-spm
    /Applications/Xcode.app/Contents/Developer/Toolchains/XcodeDefault.xctoolchain/usr/bin/appintentsmetadataprocessor --toolchain-dir /Applications/Xcode.app/Contents/Developer/Toolchains/XcodeDefault.xctoolchain --module-name StripePayments --sdk-root /Applications/Xcode.app/Contents/Developer/Platforms/iPhoneSimulator.platform/Developer/SDKs/iPhoneSimulator26.2.sdk --xcode-version 17C52 --platform-family iOS --deployment-target 13.0 --bundle-identifier stripe-ios-spm.StripePayments --output /Users/xinyufang/Library/Developer/Xcode/DerivedData/Buzz-faillbpsmponqzeruhhvskovixzk/Build/Products/Debug-iphonesimulator/StripePayments.appintents --target-triple arm64-apple-ios13.0-simulator --binary-file /Users/xinyufang/Library/Developer/Xcode/DerivedData/Buzz-faillbpsmponqzeruhhvskovixzk/Build/Products/Debug-iphonesimulator/StripePayments.o --dependency-file /Users/xinyufang/Library/Developer/Xcode/DerivedData/Buzz-faillbpsmponqzeruhhvskovixzk/Build/Intermediates.noindex/Stripe.build/Debug-iphonesimulator/StripePayments.build/Objects-normal/arm64/StripePayments_dependency_info.dat --stringsdata-file /Users/xinyufang/Library/Developer/Xcode/DerivedData/Buzz-faillbpsmponqzeruhhvskovixzk/Build/Intermediates.noindex/Stripe.build/Debug-iphonesimulator/StripePayments.build/Objects-normal/arm64/ExtractedAppShortcutsMetadata.stringsdata --source-file-list /Users/xinyufang/Library/Developer/Xcode/DerivedData/Buzz-faillbpsmponqzeruhhvskovixzk/Build/Intermediates.noindex/Stripe.build/Debug-iphonesimulator/StripePayments.build/Objects-normal/arm64/StripePayments.SwiftFileList --metadata-file-list /Users/xinyufang/Library/Developer/Xcode/DerivedData/Buzz-faillbpsmponqzeruhhvskovixzk/Build/Intermediates.noindex/Stripe.build/Debug-iphonesimulator/StripePayments.build/StripePayments.DependencyMetadataFileList --static-metadata-file-list /Users/xinyufang/Library/Developer/Xcode/DerivedData/Buzz-faillbpsmponqzeruhhvskovixzk/Build/Intermediates.noindex/Stripe.build/Debug-iphonesimulator/StripePayments.build/StripePayments.DependencyStaticMetadataFileList --swift-const-vals-list /Users/xinyufang/Library/Developer/Xcode/DerivedData/Buzz-faillbpsmponqzeruhhvskovixzk/Build/Intermediates.noindex/Stripe.build/Debug-iphonesimulator/StripePayments.build/Objects-normal/arm64/StripePayments.SwiftConstValuesFileList --force --compile-time-extraction --deployment-aware-processing --validate-assistant-intents --no-app-shortcuts-localization
2026-01-17 23:39:24.495 appintentsmetadataprocessor[99302:10446940] Starting appintentsmetadataprocessor export
2026-01-17 23:39:24.619 appintentsmetadataprocessor[99302:10446940] Extracted no relevant App Intents symbols, skipping writing output

RegisterExecutionPolicyException /Users/xinyufang/Library/Developer/Xcode/DerivedData/Buzz-faillbpsmponqzeruhhvskovixzk/Build/Products/Debug-iphonesimulator/StripePayments.o (in target 'StripePayments' from project 'Stripe')
    cd /Users/xinyufang/Library/Developer/Xcode/DerivedData/Buzz-faillbpsmponqzeruhhvskovixzk/SourcePackages/checkouts/stripe-ios-spm
    builtin-RegisterExecutionPolicyException /Users/xinyufang/Library/Developer/Xcode/DerivedData/Buzz-faillbpsmponqzeruhhvskovixzk/Build/Products/Debug-iphonesimulator/StripePayments.o

ProcessInfoPlistFile /Users/xinyufang/Library/Developer/Xcode/DerivedData/Buzz-faillbpsmponqzeruhhvskovixzk/Build/Products/Debug-iphonesimulator/Stripe_StripeFinancialConnections.bundle/Info.plist /Users/xinyufang/Library/Developer/Xcode/DerivedData/Buzz-faillbpsmponqzeruhhvskovixzk/Build/Intermediates.noindex/Stripe.build/Debug-iphonesimulator/Stripe_StripeFinancialConnections.build/empty-Stripe_StripeFinancialConnections.plist (in target 'Stripe_StripeFinancialConnections' from project 'Stripe')
    cd /Users/xinyufang/Library/Developer/Xcode/DerivedData/Buzz-faillbpsmponqzeruhhvskovixzk/SourcePackages/checkouts/stripe-ios-spm
    builtin-infoPlistUtility /Users/xinyufang/Library/Developer/Xcode/DerivedData/Buzz-faillbpsmponqzeruhhvskovixzk/Build/Intermediates.noindex/Stripe.build/Debug-iphonesimulator/Stripe_StripeFinancialConnections.build/empty-Stripe_StripeFinancialConnections.plist -producttype com.apple.product-type.bundle -expandbuildsettings -format binary -platform iphonesimulator -o /Users/xinyufang/Library/Developer/Xcode/DerivedData/Buzz-faillbpsmponqzeruhhvskovixzk/Build/Products/Debug-iphonesimulator/Stripe_StripeFinancialConnections.bundle/Info.plist

CompileAssetCatalogVariant thinned /Users/xinyufang/Library/Developer/Xcode/DerivedData/Buzz-faillbpsmponqzeruhhvskovixzk/Build/Products/Debug-iphonesimulator/Stripe_StripeUICore.bundle /Users/xinyufang/Library/Developer/Xcode/DerivedData/Buzz-faillbpsmponqzeruhhvskovixzk/SourcePackages/checkouts/stripe-ios-spm/StripeUICore/StripeUICore/Resources/StripeUICore.xcassets (in target 'Stripe_StripeUICore' from project 'Stripe')
    cd /Users/xinyufang/Library/Developer/Xcode/DerivedData/Buzz-faillbpsmponqzeruhhvskovixzk/SourcePackages/checkouts/stripe-ios-spm
    /Applications/Xcode.app/Contents/Developer/usr/bin/actool /Users/xinyufang/Library/Developer/Xcode/DerivedData/Buzz-faillbpsmponqzeruhhvskovixzk/SourcePackages/checkouts/stripe-ios-spm/StripeUICore/StripeUICore/Resources/StripeUICore.xcassets --compile /Users/xinyufang/Library/Developer/Xcode/DerivedData/Buzz-faillbpsmponqzeruhhvskovixzk/Build/Intermediates.noindex/Stripe.build/Debug-iphonesimulator/Stripe_StripeUICore.build/assetcatalog_output/thinned --output-format human-readable-text --notices --warnings --export-dependency-info /Users/xinyufang/Library/Developer/Xcode/DerivedData/Buzz-faillbpsmponqzeruhhvskovixzk/Build/Intermediates.noindex/Stripe.build/Debug-iphonesimulator/Stripe_StripeUICore.build/assetcatalog_dependencies_thinned --output-partial-info-plist /Users/xinyufang/Library/Developer/Xcode/DerivedData/Buzz-faillbpsmponqzeruhhvskovixzk/Build/Intermediates.noindex/Stripe.build/Debug-iphonesimulator/Stripe_StripeUICore.build/assetcatalog_generated_info.plist_thinned --compress-pngs --enable-on-demand-resources NO --filter-for-thinning-device-configuration iPhone18,3 --filter-for-device-os-version 26.2 --development-region en --target-device iphone --target-device ipad --minimum-deployment-target 13.0 --platform iphonesimulator
/* com.apple.actool.compilation-results */
/Users/xinyufang/Library/Developer/Xcode/DerivedData/Buzz-faillbpsmponqzeruhhvskovixzk/Build/Intermediates.noindex/Stripe.build/Debug-iphonesimulator/Stripe_StripeUICore.build/assetcatalog_generated_info.plist_thinned
/Users/xinyufang/Library/Developer/Xcode/DerivedData/Buzz-faillbpsmponqzeruhhvskovixzk/Build/Intermediates.noindex/Stripe.build/Debug-iphonesimulator/Stripe_StripeUICore.build/assetcatalog_output/thinned/Assets.car


LinkAssetCatalog /Users/xinyufang/Library/Developer/Xcode/DerivedData/Buzz-faillbpsmponqzeruhhvskovixzk/SourcePackages/checkouts/stripe-ios-spm/StripeUICore/StripeUICore/Resources/StripeUICore.xcassets (in target 'Stripe_StripeUICore' from project 'Stripe')
    cd /Users/xinyufang/Library/Developer/Xcode/DerivedData/Buzz-faillbpsmponqzeruhhvskovixzk/SourcePackages/checkouts/stripe-ios-spm
    builtin-linkAssetCatalog --thinned /Users/xinyufang/Library/Developer/Xcode/DerivedData/Buzz-faillbpsmponqzeruhhvskovixzk/Build/Intermediates.noindex/Stripe.build/Debug-iphonesimulator/Stripe_StripeUICore.build/assetcatalog_output/thinned --thinned-dependencies /Users/xinyufang/Library/Developer/Xcode/DerivedData/Buzz-faillbpsmponqzeruhhvskovixzk/Build/Intermediates.noindex/Stripe.build/Debug-iphonesimulator/Stripe_StripeUICore.build/assetcatalog_dependencies_thinned --thinned-info-plist-content /Users/xinyufang/Library/Developer/Xcode/DerivedData/Buzz-faillbpsmponqzeruhhvskovixzk/Build/Intermediates.noindex/Stripe.build/Debug-iphonesimulator/Stripe_StripeUICore.build/assetcatalog_generated_info.plist_thinned --unthinned /Users/xinyufang/Library/Developer/Xcode/DerivedData/Buzz-faillbpsmponqzeruhhvskovixzk/Build/Intermediates.noindex/Stripe.build/Debug-iphonesimulator/Stripe_StripeUICore.build/assetcatalog_output/unthinned --unthinned-dependencies /Users/xinyufang/Library/Developer/Xcode/DerivedData/Buzz-faillbpsmponqzeruhhvskovixzk/Build/Intermediates.noindex/Stripe.build/Debug-iphonesimulator/Stripe_StripeUICore.build/assetcatalog_dependencies_unthinned --unthinned-info-plist-content /Users/xinyufang/Library/Developer/Xcode/DerivedData/Buzz-faillbpsmponqzeruhhvskovixzk/Build/Intermediates.noindex/Stripe.build/Debug-iphonesimulator/Stripe_StripeUICore.build/assetcatalog_generated_info.plist_unthinned --output /Users/xinyufang/Library/Developer/Xcode/DerivedData/Buzz-faillbpsmponqzeruhhvskovixzk/Build/Products/Debug-iphonesimulator/Stripe_StripeUICore.bundle --plist-output /Users/xinyufang/Library/Developer/Xcode/DerivedData/Buzz-faillbpsmponqzeruhhvskovixzk/Build/Intermediates.noindex/Stripe.build/Debug-iphonesimulator/Stripe_StripeUICore.build/assetcatalog_generated_info.plist
note: Emplaced /Users/xinyufang/Library/Developer/Xcode/DerivedData/Buzz-faillbpsmponqzeruhhvskovixzk/Build/Products/Debug-iphonesimulator/Stripe_StripeUICore.bundle/Assets.car (in target 'Stripe_StripeUICore' from project 'Stripe')

ProcessInfoPlistFile /Users/xinyufang/Library/Developer/Xcode/DerivedData/Buzz-faillbpsmponqzeruhhvskovixzk/Build/Products/Debug-iphonesimulator/Stripe_StripeUICore.bundle/Info.plist /Users/xinyufang/Library/Developer/Xcode/DerivedData/Buzz-faillbpsmponqzeruhhvskovixzk/Build/Intermediates.noindex/Stripe.build/Debug-iphonesimulator/Stripe_StripeUICore.build/empty-Stripe_StripeUICore.plist (in target 'Stripe_StripeUICore' from project 'Stripe')
    cd /Users/xinyufang/Library/Developer/Xcode/DerivedData/Buzz-faillbpsmponqzeruhhvskovixzk/SourcePackages/checkouts/stripe-ios-spm
    builtin-infoPlistUtility /Users/xinyufang/Library/Developer/Xcode/DerivedData/Buzz-faillbpsmponqzeruhhvskovixzk/Build/Intermediates.noindex/Stripe.build/Debug-iphonesimulator/Stripe_StripeUICore.build/empty-Stripe_StripeUICore.plist -producttype com.apple.product-type.bundle -expandbuildsettings -format binary -platform iphonesimulator -additionalcontentfile /Users/xinyufang/Library/Developer/Xcode/DerivedData/Buzz-faillbpsmponqzeruhhvskovixzk/Build/Intermediates.noindex/Stripe.build/Debug-iphonesimulator/Stripe_StripeUICore.build/assetcatalog_generated_info.plist -o /Users/xinyufang/Library/Developer/Xcode/DerivedData/Buzz-faillbpsmponqzeruhhvskovixzk/Build/Products/Debug-iphonesimulator/Stripe_StripeUICore.bundle/Info.plist

Ld /Users/xinyufang/Library/Developer/Xcode/DerivedData/Buzz-faillbpsmponqzeruhhvskovixzk/Build/Products/Debug-iphonesimulator/StripeUICore.o normal (in target 'StripeUICore' from project 'Stripe')
    cd /Users/xinyufang/Library/Developer/Xcode/DerivedData/Buzz-faillbpsmponqzeruhhvskovixzk/SourcePackages/checkouts/stripe-ios-spm
    /Applications/Xcode.app/Contents/Developer/Toolchains/XcodeDefault.xctoolchain/usr/bin/clang -Xlinker -reproducible -target arm64-apple-ios13.0-simulator -r -isysroot /Applications/Xcode.app/Contents/Developer/Platforms/iPhoneSimulator.platform/Developer/SDKs/iPhoneSimulator26.2.sdk -O0 -w -L/Users/xinyufang/Library/Developer/Xcode/DerivedData/Buzz-faillbpsmponqzeruhhvskovixzk/Build/Intermediates.noindex/EagerLinkingTBDs/Debug-iphonesimulator -L/Users/xinyufang/Library/Developer/Xcode/DerivedData/Buzz-faillbpsmponqzeruhhvskovixzk/Build/Products/Debug-iphonesimulator -L/Applications/Xcode.app/Contents/Developer/Platforms/iPhoneSimulator.platform/Developer/usr/lib -F/Users/xinyufang/Library/Developer/Xcode/DerivedData/Buzz-faillbpsmponqzeruhhvskovixzk/Build/Intermediates.noindex/EagerLinkingTBDs/Debug-iphonesimulator -F/Users/xinyufang/Library/Developer/Xcode/DerivedData/Buzz-faillbpsmponqzeruhhvskovixzk/Build/Products/Debug-iphonesimulator/PackageFrameworks -F/Users/xinyufang/Library/Developer/Xcode/DerivedData/Buzz-faillbpsmponqzeruhhvskovixzk/Build/Products/Debug-iphonesimulator -iframework /Applications/Xcode.app/Contents/Developer/Platforms/iPhoneSimulator.platform/Developer/Library/Frameworks -iframework /Applications/Xcode.app/Contents/Developer/Platforms/iPhoneSimulator.platform/Developer/SDKs/iPhoneSimulator26.2.sdk/Developer/Library/Frameworks -filelist /Users/xinyufang/Library/Developer/Xcode/DerivedData/Buzz-faillbpsmponqzeruhhvskovixzk/Build/Intermediates.noindex/Stripe.build/Debug-iphonesimulator/StripeUICore.build/Objects-normal/arm64/StripeUICore.LinkFileList -nostdlib -Xlinker -object_path_lto -Xlinker /Users/xinyufang/Library/Developer/Xcode/DerivedData/Buzz-faillbpsmponqzeruhhvskovixzk/Build/Intermediates.noindex/Stripe.build/Debug-iphonesimulator/StripeUICore.build/Objects-normal/arm64/StripeUICore_lto.o -rdynamic -Xlinker -no_deduplicate -Xlinker -objc_abi_version -Xlinker 2 -Xlinker -debug_variant -Xlinker -dependency_info -Xlinker /Users/xinyufang/Library/Developer/Xcode/DerivedData/Buzz-faillbpsmponqzeruhhvskovixzk/Build/Intermediates.noindex/Stripe.build/Debug-iphonesimulator/StripeUICore.build/Objects-normal/arm64/StripeUICore_dependency_info.dat -fobjc-link-runtime -L/Applications/Xcode.app/Contents/Developer/Toolchains/XcodeDefault.xctoolchain/usr/lib/swift/iphonesimulator -L/usr/lib/swift -Xlinker -add_ast_path -Xlinker /Users/xinyufang/Library/Developer/Xcode/DerivedData/Buzz-faillbpsmponqzeruhhvskovixzk/Build/Intermediates.noindex/Stripe.build/Debug-iphonesimulator/StripeUICore.build/Objects-normal/arm64/StripeUICore.swiftmodule @/Users/xinyufang/Library/Developer/Xcode/DerivedData/Buzz-faillbpsmponqzeruhhvskovixzk/Build/Intermediates.noindex/Stripe.build/Debug-iphonesimulator/StripeUICore.build/Objects-normal/arm64/StripeUICore-linker-args.resp -o /Users/xinyufang/Library/Developer/Xcode/DerivedData/Buzz-faillbpsmponqzeruhhvskovixzk/Build/Products/Debug-iphonesimulator/StripeUICore.o

ExtractAppIntentsMetadata (in target 'StripeUICore' from project 'Stripe')
    cd /Users/xinyufang/Library/Developer/Xcode/DerivedData/Buzz-faillbpsmponqzeruhhvskovixzk/SourcePackages/checkouts/stripe-ios-spm
    /Applications/Xcode.app/Contents/Developer/Toolchains/XcodeDefault.xctoolchain/usr/bin/appintentsmetadataprocessor --toolchain-dir /Applications/Xcode.app/Contents/Developer/Toolchains/XcodeDefault.xctoolchain --module-name StripeUICore --sdk-root /Applications/Xcode.app/Contents/Developer/Platforms/iPhoneSimulator.platform/Developer/SDKs/iPhoneSimulator26.2.sdk --xcode-version 17C52 --platform-family iOS --deployment-target 13.0 --bundle-identifier stripe-ios-spm.StripeUICore --output /Users/xinyufang/Library/Developer/Xcode/DerivedData/Buzz-faillbpsmponqzeruhhvskovixzk/Build/Products/Debug-iphonesimulator/StripeUICore.appintents --target-triple arm64-apple-ios13.0-simulator --binary-file /Users/xinyufang/Library/Developer/Xcode/DerivedData/Buzz-faillbpsmponqzeruhhvskovixzk/Build/Products/Debug-iphonesimulator/StripeUICore.o --dependency-file /Users/xinyufang/Library/Developer/Xcode/DerivedData/Buzz-faillbpsmponqzeruhhvskovixzk/Build/Intermediates.noindex/Stripe.build/Debug-iphonesimulator/StripeUICore.build/Objects-normal/arm64/StripeUICore_dependency_info.dat --stringsdata-file /Users/xinyufang/Library/Developer/Xcode/DerivedData/Buzz-faillbpsmponqzeruhhvskovixzk/Build/Intermediates.noindex/Stripe.build/Debug-iphonesimulator/StripeUICore.build/Objects-normal/arm64/ExtractedAppShortcutsMetadata.stringsdata --source-file-list /Users/xinyufang/Library/Developer/Xcode/DerivedData/Buzz-faillbpsmponqzeruhhvskovixzk/Build/Intermediates.noindex/Stripe.build/Debug-iphonesimulator/StripeUICore.build/Objects-normal/arm64/StripeUICore.SwiftFileList --metadata-file-list /Users/xinyufang/Library/Developer/Xcode/DerivedData/Buzz-faillbpsmponqzeruhhvskovixzk/Build/Intermediates.noindex/Stripe.build/Debug-iphonesimulator/StripeUICore.build/StripeUICore.DependencyMetadataFileList --static-metadata-file-list /Users/xinyufang/Library/Developer/Xcode/DerivedData/Buzz-faillbpsmponqzeruhhvskovixzk/Build/Intermediates.noindex/Stripe.build/Debug-iphonesimulator/StripeUICore.build/StripeUICore.DependencyStaticMetadataFileList --swift-const-vals-list /Users/xinyufang/Library/Developer/Xcode/DerivedData/Buzz-faillbpsmponqzeruhhvskovixzk/Build/Intermediates.noindex/Stripe.build/Debug-iphonesimulator/StripeUICore.build/Objects-normal/arm64/StripeUICore.SwiftConstValuesFileList --force --compile-time-extraction --deployment-aware-processing --validate-assistant-intents --no-app-shortcuts-localization
2026-01-17 23:39:25.524 appintentsmetadataprocessor[99333:10447002] Starting appintentsmetadataprocessor export
2026-01-17 23:39:25.636 appintentsmetadataprocessor[99333:10447002] Extracted no relevant App Intents symbols, skipping writing output

RegisterExecutionPolicyException /Users/xinyufang/Library/Developer/Xcode/DerivedData/Buzz-faillbpsmponqzeruhhvskovixzk/Build/Products/Debug-iphonesimulator/StripeUICore.o (in target 'StripeUICore' from project 'Stripe')
    cd /Users/xinyufang/Library/Developer/Xcode/DerivedData/Buzz-faillbpsmponqzeruhhvskovixzk/SourcePackages/checkouts/stripe-ios-spm
    builtin-RegisterExecutionPolicyException /Users/xinyufang/Library/Developer/Xcode/DerivedData/Buzz-faillbpsmponqzeruhhvskovixzk/Build/Products/Debug-iphonesimulator/StripeUICore.o

Ld /Users/xinyufang/Library/Developer/Xcode/DerivedData/Buzz-faillbpsmponqzeruhhvskovixzk/Build/Products/Debug-iphonesimulator/StripeFinancialConnections.o normal (in target 'StripeFinancialConnections' from project 'Stripe')
    cd /Users/xinyufang/Library/Developer/Xcode/DerivedData/Buzz-faillbpsmponqzeruhhvskovixzk/SourcePackages/checkouts/stripe-ios-spm
    /Applications/Xcode.app/Contents/Developer/Toolchains/XcodeDefault.xctoolchain/usr/bin/clang -Xlinker -reproducible -target arm64-apple-ios13.0-simulator -r -isysroot /Applications/Xcode.app/Contents/Developer/Platforms/iPhoneSimulator.platform/Developer/SDKs/iPhoneSimulator26.2.sdk -O0 -w -L/Users/xinyufang/Library/Developer/Xcode/DerivedData/Buzz-faillbpsmponqzeruhhvskovixzk/Build/Intermediates.noindex/EagerLinkingTBDs/Debug-iphonesimulator -L/Users/xinyufang/Library/Developer/Xcode/DerivedData/Buzz-faillbpsmponqzeruhhvskovixzk/Build/Products/Debug-iphonesimulator -L/Applications/Xcode.app/Contents/Developer/Platforms/iPhoneSimulator.platform/Developer/usr/lib -F/Users/xinyufang/Library/Developer/Xcode/DerivedData/Buzz-faillbpsmponqzeruhhvskovixzk/Build/Intermediates.noindex/EagerLinkingTBDs/Debug-iphonesimulator -F/Users/xinyufang/Library/Developer/Xcode/DerivedData/Buzz-faillbpsmponqzeruhhvskovixzk/Build/Products/Debug-iphonesimulator/PackageFrameworks -F/Users/xinyufang/Library/Developer/Xcode/DerivedData/Buzz-faillbpsmponqzeruhhvskovixzk/Build/Products/Debug-iphonesimulator/PackageFrameworks -F/Users/xinyufang/Library/Developer/Xcode/DerivedData/Buzz-faillbpsmponqzeruhhvskovixzk/Build/Products/Debug-iphonesimulator -iframework /Applications/Xcode.app/Contents/Developer/Platforms/iPhoneSimulator.platform/Developer/Library/Frameworks -iframework /Applications/Xcode.app/Contents/Developer/Platforms/iPhoneSimulator.platform/Developer/SDKs/iPhoneSimulator26.2.sdk/Developer/Library/Frameworks -filelist /Users/xinyufang/Library/Developer/Xcode/DerivedData/Buzz-faillbpsmponqzeruhhvskovixzk/Build/Intermediates.noindex/Stripe.build/Debug-iphonesimulator/StripeFinancialConnections.build/Objects-normal/arm64/StripeFinancialConnections.LinkFileList -nostdlib -Xlinker -object_path_lto -Xlinker /Users/xinyufang/Library/Developer/Xcode/DerivedData/Buzz-faillbpsmponqzeruhhvskovixzk/Build/Intermediates.noindex/Stripe.build/Debug-iphonesimulator/StripeFinancialConnections.build/Objects-normal/arm64/StripeFinancialConnections_lto.o -rdynamic -Xlinker -no_deduplicate -Xlinker -objc_abi_version -Xlinker 2 -Xlinker -debug_variant -Xlinker -dependency_info -Xlinker /Users/xinyufang/Library/Developer/Xcode/DerivedData/Buzz-faillbpsmponqzeruhhvskovixzk/Build/Intermediates.noindex/Stripe.build/Debug-iphonesimulator/StripeFinancialConnections.build/Objects-normal/arm64/StripeFinancialConnections_dependency_info.dat -fobjc-link-runtime -L/Applications/Xcode.app/Contents/Developer/Toolchains/XcodeDefault.xctoolchain/usr/lib/swift/iphonesimulator -L/usr/lib/swift -Xlinker -add_ast_path -Xlinker /Users/xinyufang/Library/Developer/Xcode/DerivedData/Buzz-faillbpsmponqzeruhhvskovixzk/Build/Intermediates.noindex/Stripe.build/Debug-iphonesimulator/StripeFinancialConnections.build/Objects-normal/arm64/StripeFinancialConnections.swiftmodule @/Users/xinyufang/Library/Developer/Xcode/DerivedData/Buzz-faillbpsmponqzeruhhvskovixzk/Build/Intermediates.noindex/Stripe.build/Debug-iphonesimulator/StripeFinancialConnections.build/Objects-normal/arm64/StripeFinancialConnections-linker-args.resp -o /Users/xinyufang/Library/Developer/Xcode/DerivedData/Buzz-faillbpsmponqzeruhhvskovixzk/Build/Products/Debug-iphonesimulator/StripeFinancialConnections.o

ExtractAppIntentsMetadata (in target 'StripeFinancialConnections' from project 'Stripe')
    cd /Users/xinyufang/Library/Developer/Xcode/DerivedData/Buzz-faillbpsmponqzeruhhvskovixzk/SourcePackages/checkouts/stripe-ios-spm
    /Applications/Xcode.app/Contents/Developer/Toolchains/XcodeDefault.xctoolchain/usr/bin/appintentsmetadataprocessor --toolchain-dir /Applications/Xcode.app/Contents/Developer/Toolchains/XcodeDefault.xctoolchain --module-name StripeFinancialConnections --sdk-root /Applications/Xcode.app/Contents/Developer/Platforms/iPhoneSimulator.platform/Developer/SDKs/iPhoneSimulator26.2.sdk --xcode-version 17C52 --platform-family iOS --deployment-target 13.0 --bundle-identifier stripe-ios-spm.StripeFinancialConnections --output /Users/xinyufang/Library/Developer/Xcode/DerivedData/Buzz-faillbpsmponqzeruhhvskovixzk/Build/Products/Debug-iphonesimulator/StripeFinancialConnections.appintents --target-triple arm64-apple-ios13.0-simulator --binary-file /Users/xinyufang/Library/Developer/Xcode/DerivedData/Buzz-faillbpsmponqzeruhhvskovixzk/Build/Products/Debug-iphonesimulator/StripeFinancialConnections.o --dependency-file /Users/xinyufang/Library/Developer/Xcode/DerivedData/Buzz-faillbpsmponqzeruhhvskovixzk/Build/Intermediates.noindex/Stripe.build/Debug-iphonesimulator/StripeFinancialConnections.build/Objects-normal/arm64/StripeFinancialConnections_dependency_info.dat --stringsdata-file /Users/xinyufang/Library/Developer/Xcode/DerivedData/Buzz-faillbpsmponqzeruhhvskovixzk/Build/Intermediates.noindex/Stripe.build/Debug-iphonesimulator/StripeFinancialConnections.build/Objects-normal/arm64/ExtractedAppShortcutsMetadata.stringsdata --source-file-list /Users/xinyufang/Library/Developer/Xcode/DerivedData/Buzz-faillbpsmponqzeruhhvskovixzk/Build/Intermediates.noindex/Stripe.build/Debug-iphonesimulator/StripeFinancialConnections.build/Objects-normal/arm64/StripeFinancialConnections.SwiftFileList --metadata-file-list /Users/xinyufang/Library/Developer/Xcode/DerivedData/Buzz-faillbpsmponqzeruhhvskovixzk/Build/Intermediates.noindex/Stripe.build/Debug-iphonesimulator/StripeFinancialConnections.build/StripeFinancialConnections.DependencyMetadataFileList --static-metadata-file-list /Users/xinyufang/Library/Developer/Xcode/DerivedData/Buzz-faillbpsmponqzeruhhvskovixzk/Build/Intermediates.noindex/Stripe.build/Debug-iphonesimulator/StripeFinancialConnections.build/StripeFinancialConnections.DependencyStaticMetadataFileList --swift-const-vals-list /Users/xinyufang/Library/Developer/Xcode/DerivedData/Buzz-faillbpsmponqzeruhhvskovixzk/Build/Intermediates.noindex/Stripe.build/Debug-iphonesimulator/StripeFinancialConnections.build/Objects-normal/arm64/StripeFinancialConnections.SwiftConstValuesFileList --force --compile-time-extraction --deployment-aware-processing --validate-assistant-intents --no-app-shortcuts-localization
2026-01-17 23:39:25.878 appintentsmetadataprocessor[99336:10447016] Starting appintentsmetadataprocessor export
2026-01-17 23:39:25.995 appintentsmetadataprocessor[99336:10447016] Extracted no relevant App Intents symbols, skipping writing output

RegisterExecutionPolicyException /Users/xinyufang/Library/Developer/Xcode/DerivedData/Buzz-faillbpsmponqzeruhhvskovixzk/Build/Products/Debug-iphonesimulator/StripeFinancialConnections.o (in target 'StripeFinancialConnections' from project 'Stripe')
    cd /Users/xinyufang/Library/Developer/Xcode/DerivedData/Buzz-faillbpsmponqzeruhhvskovixzk/SourcePackages/checkouts/stripe-ios-spm
    builtin-RegisterExecutionPolicyException /Users/xinyufang/Library/Developer/Xcode/DerivedData/Buzz-faillbpsmponqzeruhhvskovixzk/Build/Products/Debug-iphonesimulator/StripeFinancialConnections.o

ProcessInfoPlistFile /Users/xinyufang/Library/Developer/Xcode/DerivedData/Buzz-faillbpsmponqzeruhhvskovixzk/Build/Products/Debug-iphonesimulator/Stripe_StripeIdentity.bundle/Info.plist /Users/xinyufang/Library/Developer/Xcode/DerivedData/Buzz-faillbpsmponqzeruhhvskovixzk/Build/Intermediates.noindex/Stripe.build/Debug-iphonesimulator/Stripe_StripeIdentity.build/empty-Stripe_StripeIdentity.plist (in target 'Stripe_StripeIdentity' from project 'Stripe')
    cd /Users/xinyufang/Library/Developer/Xcode/DerivedData/Buzz-faillbpsmponqzeruhhvskovixzk/SourcePackages/checkouts/stripe-ios-spm
    builtin-infoPlistUtility /Users/xinyufang/Library/Developer/Xcode/DerivedData/Buzz-faillbpsmponqzeruhhvskovixzk/Build/Intermediates.noindex/Stripe.build/Debug-iphonesimulator/Stripe_StripeIdentity.build/empty-Stripe_StripeIdentity.plist -producttype com.apple.product-type.bundle -expandbuildsettings -format binary -platform iphonesimulator -o /Users/xinyufang/Library/Developer/Xcode/DerivedData/Buzz-faillbpsmponqzeruhhvskovixzk/Build/Products/Debug-iphonesimulator/Stripe_StripeIdentity.bundle/Info.plist

Ld /Users/xinyufang/Library/Developer/Xcode/DerivedData/Buzz-faillbpsmponqzeruhhvskovixzk/Build/Products/Debug-iphonesimulator/StripeCameraCore.o normal (in target 'StripeCameraCore' from project 'Stripe')
    cd /Users/xinyufang/Library/Developer/Xcode/DerivedData/Buzz-faillbpsmponqzeruhhvskovixzk/SourcePackages/checkouts/stripe-ios-spm
    /Applications/Xcode.app/Contents/Developer/Toolchains/XcodeDefault.xctoolchain/usr/bin/clang -Xlinker -reproducible -target arm64-apple-ios13.0-simulator -r -isysroot /Applications/Xcode.app/Contents/Developer/Platforms/iPhoneSimulator.platform/Developer/SDKs/iPhoneSimulator26.2.sdk -O0 -w -L/Users/xinyufang/Library/Developer/Xcode/DerivedData/Buzz-faillbpsmponqzeruhhvskovixzk/Build/Intermediates.noindex/EagerLinkingTBDs/Debug-iphonesimulator -L/Users/xinyufang/Library/Developer/Xcode/DerivedData/Buzz-faillbpsmponqzeruhhvskovixzk/Build/Products/Debug-iphonesimulator -L/Applications/Xcode.app/Contents/Developer/Platforms/iPhoneSimulator.platform/Developer/usr/lib -F/Users/xinyufang/Library/Developer/Xcode/DerivedData/Buzz-faillbpsmponqzeruhhvskovixzk/Build/Intermediates.noindex/EagerLinkingTBDs/Debug-iphonesimulator -F/Users/xinyufang/Library/Developer/Xcode/DerivedData/Buzz-faillbpsmponqzeruhhvskovixzk/Build/Products/Debug-iphonesimulator/PackageFrameworks -F/Users/xinyufang/Library/Developer/Xcode/DerivedData/Buzz-faillbpsmponqzeruhhvskovixzk/Build/Products/Debug-iphonesimulator -iframework /Applications/Xcode.app/Contents/Developer/Platforms/iPhoneSimulator.platform/Developer/Library/Frameworks -iframework /Applications/Xcode.app/Contents/Developer/Platforms/iPhoneSimulator.platform/Developer/SDKs/iPhoneSimulator26.2.sdk/Developer/Library/Frameworks -filelist /Users/xinyufang/Library/Developer/Xcode/DerivedData/Buzz-faillbpsmponqzeruhhvskovixzk/Build/Intermediates.noindex/Stripe.build/Debug-iphonesimulator/StripeCameraCore.build/Objects-normal/arm64/StripeCameraCore.LinkFileList -nostdlib -Xlinker -object_path_lto -Xlinker /Users/xinyufang/Library/Developer/Xcode/DerivedData/Buzz-faillbpsmponqzeruhhvskovixzk/Build/Intermediates.noindex/Stripe.build/Debug-iphonesimulator/StripeCameraCore.build/Objects-normal/arm64/StripeCameraCore_lto.o -rdynamic -Xlinker -no_deduplicate -Xlinker -objc_abi_version -Xlinker 2 -Xlinker -debug_variant -Xlinker -dependency_info -Xlinker /Users/xinyufang/Library/Developer/Xcode/DerivedData/Buzz-faillbpsmponqzeruhhvskovixzk/Build/Intermediates.noindex/Stripe.build/Debug-iphonesimulator/StripeCameraCore.build/Objects-normal/arm64/StripeCameraCore_dependency_info.dat -fobjc-link-runtime -L/Applications/Xcode.app/Contents/Developer/Toolchains/XcodeDefault.xctoolchain/usr/lib/swift/iphonesimulator -L/usr/lib/swift -Xlinker -add_ast_path -Xlinker /Users/xinyufang/Library/Developer/Xcode/DerivedData/Buzz-faillbpsmponqzeruhhvskovixzk/Build/Intermediates.noindex/Stripe.build/Debug-iphonesimulator/StripeCameraCore.build/Objects-normal/arm64/StripeCameraCore.swiftmodule @/Users/xinyufang/Library/Developer/Xcode/DerivedData/Buzz-faillbpsmponqzeruhhvskovixzk/Build/Intermediates.noindex/Stripe.build/Debug-iphonesimulator/StripeCameraCore.build/Objects-normal/arm64/StripeCameraCore-linker-args.resp -o /Users/xinyufang/Library/Developer/Xcode/DerivedData/Buzz-faillbpsmponqzeruhhvskovixzk/Build/Products/Debug-iphonesimulator/StripeCameraCore.o

ExtractAppIntentsMetadata (in target 'StripeCameraCore' from project 'Stripe')
    cd /Users/xinyufang/Library/Developer/Xcode/DerivedData/Buzz-faillbpsmponqzeruhhvskovixzk/SourcePackages/checkouts/stripe-ios-spm
    /Applications/Xcode.app/Contents/Developer/Toolchains/XcodeDefault.xctoolchain/usr/bin/appintentsmetadataprocessor --toolchain-dir /Applications/Xcode.app/Contents/Developer/Toolchains/XcodeDefault.xctoolchain --module-name StripeCameraCore --sdk-root /Applications/Xcode.app/Contents/Developer/Platforms/iPhoneSimulator.platform/Developer/SDKs/iPhoneSimulator26.2.sdk --xcode-version 17C52 --platform-family iOS --deployment-target 13.0 --bundle-identifier stripe-ios-spm.StripeCameraCore --output /Users/xinyufang/Library/Developer/Xcode/DerivedData/Buzz-faillbpsmponqzeruhhvskovixzk/Build/Products/Debug-iphonesimulator/StripeCameraCore.appintents --target-triple arm64-apple-ios13.0-simulator --binary-file /Users/xinyufang/Library/Developer/Xcode/DerivedData/Buzz-faillbpsmponqzeruhhvskovixzk/Build/Products/Debug-iphonesimulator/StripeCameraCore.o --dependency-file /Users/xinyufang/Library/Developer/Xcode/DerivedData/Buzz-faillbpsmponqzeruhhvskovixzk/Build/Intermediates.noindex/Stripe.build/Debug-iphonesimulator/StripeCameraCore.build/Objects-normal/arm64/StripeCameraCore_dependency_info.dat --stringsdata-file /Users/xinyufang/Library/Developer/Xcode/DerivedData/Buzz-faillbpsmponqzeruhhvskovixzk/Build/Intermediates.noindex/Stripe.build/Debug-iphonesimulator/StripeCameraCore.build/Objects-normal/arm64/ExtractedAppShortcutsMetadata.stringsdata --source-file-list /Users/xinyufang/Library/Developer/Xcode/DerivedData/Buzz-faillbpsmponqzeruhhvskovixzk/Build/Intermediates.noindex/Stripe.build/Debug-iphonesimulator/StripeCameraCore.build/Objects-normal/arm64/StripeCameraCore.SwiftFileList --metadata-file-list /Users/xinyufang/Library/Developer/Xcode/DerivedData/Buzz-faillbpsmponqzeruhhvskovixzk/Build/Intermediates.noindex/Stripe.build/Debug-iphonesimulator/StripeCameraCore.build/StripeCameraCore.DependencyMetadataFileList --static-metadata-file-list /Users/xinyufang/Library/Developer/Xcode/DerivedData/Buzz-faillbpsmponqzeruhhvskovixzk/Build/Intermediates.noindex/Stripe.build/Debug-iphonesimulator/StripeCameraCore.build/StripeCameraCore.DependencyStaticMetadataFileList --swift-const-vals-list /Users/xinyufang/Library/Developer/Xcode/DerivedData/Buzz-faillbpsmponqzeruhhvskovixzk/Build/Intermediates.noindex/Stripe.build/Debug-iphonesimulator/StripeCameraCore.build/Objects-normal/arm64/StripeCameraCore.SwiftConstValuesFileList --force --compile-time-extraction --deployment-aware-processing --validate-assistant-intents --no-app-shortcuts-localization
2026-01-17 23:39:26.074 appintentsmetadataprocessor[99339:10447034] Starting appintentsmetadataprocessor export
2026-01-17 23:39:26.170 appintentsmetadataprocessor[99339:10447034] Extracted no relevant App Intents symbols, skipping writing output

RegisterExecutionPolicyException /Users/xinyufang/Library/Developer/Xcode/DerivedData/Buzz-faillbpsmponqzeruhhvskovixzk/Build/Products/Debug-iphonesimulator/StripeCameraCore.o (in target 'StripeCameraCore' from project 'Stripe')
    cd /Users/xinyufang/Library/Developer/Xcode/DerivedData/Buzz-faillbpsmponqzeruhhvskovixzk/SourcePackages/checkouts/stripe-ios-spm
    builtin-RegisterExecutionPolicyException /Users/xinyufang/Library/Developer/Xcode/DerivedData/Buzz-faillbpsmponqzeruhhvskovixzk/Build/Products/Debug-iphonesimulator/StripeCameraCore.o

Ld /Users/xinyufang/Library/Developer/Xcode/DerivedData/Buzz-faillbpsmponqzeruhhvskovixzk/Build/Products/Debug-iphonesimulator/StripeIdentity.o normal (in target 'StripeIdentity' from project 'Stripe')
    cd /Users/xinyufang/Library/Developer/Xcode/DerivedData/Buzz-faillbpsmponqzeruhhvskovixzk/SourcePackages/checkouts/stripe-ios-spm
    /Applications/Xcode.app/Contents/Developer/Toolchains/XcodeDefault.xctoolchain/usr/bin/clang -Xlinker -reproducible -target arm64-apple-ios13.0-simulator -r -isysroot /Applications/Xcode.app/Contents/Developer/Platforms/iPhoneSimulator.platform/Developer/SDKs/iPhoneSimulator26.2.sdk -O0 -w -L/Users/xinyufang/Library/Developer/Xcode/DerivedData/Buzz-faillbpsmponqzeruhhvskovixzk/Build/Intermediates.noindex/EagerLinkingTBDs/Debug-iphonesimulator -L/Users/xinyufang/Library/Developer/Xcode/DerivedData/Buzz-faillbpsmponqzeruhhvskovixzk/Build/Products/Debug-iphonesimulator -L/Applications/Xcode.app/Contents/Developer/Platforms/iPhoneSimulator.platform/Developer/usr/lib -F/Users/xinyufang/Library/Developer/Xcode/DerivedData/Buzz-faillbpsmponqzeruhhvskovixzk/Build/Intermediates.noindex/EagerLinkingTBDs/Debug-iphonesimulator -F/Users/xinyufang/Library/Developer/Xcode/DerivedData/Buzz-faillbpsmponqzeruhhvskovixzk/Build/Products/Debug-iphonesimulator/PackageFrameworks -F/Users/xinyufang/Library/Developer/Xcode/DerivedData/Buzz-faillbpsmponqzeruhhvskovixzk/Build/Products/Debug-iphonesimulator/PackageFrameworks -F/Users/xinyufang/Library/Developer/Xcode/DerivedData/Buzz-faillbpsmponqzeruhhvskovixzk/Build/Products/Debug-iphonesimulator/PackageFrameworks -F/Users/xinyufang/Library/Developer/Xcode/DerivedData/Buzz-faillbpsmponqzeruhhvskovixzk/Build/Products/Debug-iphonesimulator -iframework /Applications/Xcode.app/Contents/Developer/Platforms/iPhoneSimulator.platform/Developer/Library/Frameworks -iframework /Applications/Xcode.app/Contents/Developer/Platforms/iPhoneSimulator.platform/Developer/SDKs/iPhoneSimulator26.2.sdk/Developer/Library/Frameworks -filelist /Users/xinyufang/Library/Developer/Xcode/DerivedData/Buzz-faillbpsmponqzeruhhvskovixzk/Build/Intermediates.noindex/Stripe.build/Debug-iphonesimulator/StripeIdentity.build/Objects-normal/arm64/StripeIdentity.LinkFileList -nostdlib -Xlinker -object_path_lto -Xlinker /Users/xinyufang/Library/Developer/Xcode/DerivedData/Buzz-faillbpsmponqzeruhhvskovixzk/Build/Intermediates.noindex/Stripe.build/Debug-iphonesimulator/StripeIdentity.build/Objects-normal/arm64/StripeIdentity_lto.o -rdynamic -Xlinker -no_deduplicate -Xlinker -objc_abi_version -Xlinker 2 -Xlinker -debug_variant -Xlinker -dependency_info -Xlinker /Users/xinyufang/Library/Developer/Xcode/DerivedData/Buzz-faillbpsmponqzeruhhvskovixzk/Build/Intermediates.noindex/Stripe.build/Debug-iphonesimulator/StripeIdentity.build/Objects-normal/arm64/StripeIdentity_dependency_info.dat -fobjc-link-runtime -L/Applications/Xcode.app/Contents/Developer/Toolchains/XcodeDefault.xctoolchain/usr/lib/swift/iphonesimulator -L/usr/lib/swift -Xlinker -add_ast_path -Xlinker /Users/xinyufang/Library/Developer/Xcode/DerivedData/Buzz-faillbpsmponqzeruhhvskovixzk/Build/Intermediates.noindex/Stripe.build/Debug-iphonesimulator/StripeIdentity.build/Objects-normal/arm64/StripeIdentity.swiftmodule @/Users/xinyufang/Library/Developer/Xcode/DerivedData/Buzz-faillbpsmponqzeruhhvskovixzk/Build/Intermediates.noindex/Stripe.build/Debug-iphonesimulator/StripeIdentity.build/Objects-normal/arm64/StripeIdentity-linker-args.resp -o /Users/xinyufang/Library/Developer/Xcode/DerivedData/Buzz-faillbpsmponqzeruhhvskovixzk/Build/Products/Debug-iphonesimulator/StripeIdentity.o

ExtractAppIntentsMetadata (in target 'StripeIdentity' from project 'Stripe')
    cd /Users/xinyufang/Library/Developer/Xcode/DerivedData/Buzz-faillbpsmponqzeruhhvskovixzk/SourcePackages/checkouts/stripe-ios-spm
    /Applications/Xcode.app/Contents/Developer/Toolchains/XcodeDefault.xctoolchain/usr/bin/appintentsmetadataprocessor --toolchain-dir /Applications/Xcode.app/Contents/Developer/Toolchains/XcodeDefault.xctoolchain --module-name StripeIdentity --sdk-root /Applications/Xcode.app/Contents/Developer/Platforms/iPhoneSimulator.platform/Developer/SDKs/iPhoneSimulator26.2.sdk --xcode-version 17C52 --platform-family iOS --deployment-target 13.0 --bundle-identifier stripe-ios-spm.StripeIdentity --output /Users/xinyufang/Library/Developer/Xcode/DerivedData/Buzz-faillbpsmponqzeruhhvskovixzk/Build/Products/Debug-iphonesimulator/StripeIdentity.appintents --target-triple arm64-apple-ios13.0-simulator --binary-file /Users/xinyufang/Library/Developer/Xcode/DerivedData/Buzz-faillbpsmponqzeruhhvskovixzk/Build/Products/Debug-iphonesimulator/StripeIdentity.o --dependency-file /Users/xinyufang/Library/Developer/Xcode/DerivedData/Buzz-faillbpsmponqzeruhhvskovixzk/Build/Intermediates.noindex/Stripe.build/Debug-iphonesimulator/StripeIdentity.build/Objects-normal/arm64/StripeIdentity_dependency_info.dat --stringsdata-file /Users/xinyufang/Library/Developer/Xcode/DerivedData/Buzz-faillbpsmponqzeruhhvskovixzk/Build/Intermediates.noindex/Stripe.build/Debug-iphonesimulator/StripeIdentity.build/Objects-normal/arm64/ExtractedAppShortcutsMetadata.stringsdata --source-file-list /Users/xinyufang/Library/Developer/Xcode/DerivedData/Buzz-faillbpsmponqzeruhhvskovixzk/Build/Intermediates.noindex/Stripe.build/Debug-iphonesimulator/StripeIdentity.build/Objects-normal/arm64/StripeIdentity.SwiftFileList --metadata-file-list /Users/xinyufang/Library/Developer/Xcode/DerivedData/Buzz-faillbpsmponqzeruhhvskovixzk/Build/Intermediates.noindex/Stripe.build/Debug-iphonesimulator/StripeIdentity.build/StripeIdentity.DependencyMetadataFileList --static-metadata-file-list /Users/xinyufang/Library/Developer/Xcode/DerivedData/Buzz-faillbpsmponqzeruhhvskovixzk/Build/Intermediates.noindex/Stripe.build/Debug-iphonesimulator/StripeIdentity.build/StripeIdentity.DependencyStaticMetadataFileList --swift-const-vals-list /Users/xinyufang/Library/Developer/Xcode/DerivedData/Buzz-faillbpsmponqzeruhhvskovixzk/Build/Intermediates.noindex/Stripe.build/Debug-iphonesimulator/StripeIdentity.build/Objects-normal/arm64/StripeIdentity.SwiftConstValuesFileList --force --compile-time-extraction --deployment-aware-processing --validate-assistant-intents --no-app-shortcuts-localization
2026-01-17 23:39:26.352 appintentsmetadataprocessor[99354:10447068] Starting appintentsmetadataprocessor export
2026-01-17 23:39:26.467 appintentsmetadataprocessor[99354:10447068] Extracted no relevant App Intents symbols, skipping writing output

RegisterExecutionPolicyException /Users/xinyufang/Library/Developer/Xcode/DerivedData/Buzz-faillbpsmponqzeruhhvskovixzk/Build/Products/Debug-iphonesimulator/StripeIdentity.o (in target 'StripeIdentity' from project 'Stripe')
    cd /Users/xinyufang/Library/Developer/Xcode/DerivedData/Buzz-faillbpsmponqzeruhhvskovixzk/SourcePackages/checkouts/stripe-ios-spm
    builtin-RegisterExecutionPolicyException /Users/xinyufang/Library/Developer/Xcode/DerivedData/Buzz-faillbpsmponqzeruhhvskovixzk/Build/Products/Debug-iphonesimulator/StripeIdentity.o

ProcessInfoPlistFile /Users/xinyufang/Library/Developer/Xcode/DerivedData/Buzz-faillbpsmponqzeruhhvskovixzk/Build/Products/Debug-iphonesimulator/Stripe_StripeConnect.bundle/Info.plist /Users/xinyufang/Library/Developer/Xcode/DerivedData/Buzz-faillbpsmponqzeruhhvskovixzk/Build/Intermediates.noindex/Stripe.build/Debug-iphonesimulator/Stripe_StripeConnect.build/empty-Stripe_StripeConnect.plist (in target 'Stripe_StripeConnect' from project 'Stripe')
    cd /Users/xinyufang/Library/Developer/Xcode/DerivedData/Buzz-faillbpsmponqzeruhhvskovixzk/SourcePackages/checkouts/stripe-ios-spm
    builtin-infoPlistUtility /Users/xinyufang/Library/Developer/Xcode/DerivedData/Buzz-faillbpsmponqzeruhhvskovixzk/Build/Intermediates.noindex/Stripe.build/Debug-iphonesimulator/Stripe_StripeConnect.build/empty-Stripe_StripeConnect.plist -producttype com.apple.product-type.bundle -expandbuildsettings -format binary -platform iphonesimulator -o /Users/xinyufang/Library/Developer/Xcode/DerivedData/Buzz-faillbpsmponqzeruhhvskovixzk/Build/Products/Debug-iphonesimulator/Stripe_StripeConnect.bundle/Info.plist

Ld /Users/xinyufang/Library/Developer/Xcode/DerivedData/Buzz-faillbpsmponqzeruhhvskovixzk/Build/Products/Debug-iphonesimulator/StripeConnect.o normal (in target 'StripeConnect' from project 'Stripe')
    cd /Users/xinyufang/Library/Developer/Xcode/DerivedData/Buzz-faillbpsmponqzeruhhvskovixzk/SourcePackages/checkouts/stripe-ios-spm
    /Applications/Xcode.app/Contents/Developer/Toolchains/XcodeDefault.xctoolchain/usr/bin/clang -Xlinker -reproducible -target arm64-apple-ios13.0-simulator -r -isysroot /Applications/Xcode.app/Contents/Developer/Platforms/iPhoneSimulator.platform/Developer/SDKs/iPhoneSimulator26.2.sdk -O0 -w -L/Users/xinyufang/Library/Developer/Xcode/DerivedData/Buzz-faillbpsmponqzeruhhvskovixzk/Build/Intermediates.noindex/EagerLinkingTBDs/Debug-iphonesimulator -L/Users/xinyufang/Library/Developer/Xcode/DerivedData/Buzz-faillbpsmponqzeruhhvskovixzk/Build/Products/Debug-iphonesimulator -L/Applications/Xcode.app/Contents/Developer/Platforms/iPhoneSimulator.platform/Developer/usr/lib -F/Users/xinyufang/Library/Developer/Xcode/DerivedData/Buzz-faillbpsmponqzeruhhvskovixzk/Build/Intermediates.noindex/EagerLinkingTBDs/Debug-iphonesimulator -F/Users/xinyufang/Library/Developer/Xcode/DerivedData/Buzz-faillbpsmponqzeruhhvskovixzk/Build/Products/Debug-iphonesimulator/PackageFrameworks -F/Users/xinyufang/Library/Developer/Xcode/DerivedData/Buzz-faillbpsmponqzeruhhvskovixzk/Build/Products/Debug-iphonesimulator/PackageFrameworks -F/Users/xinyufang/Library/Developer/Xcode/DerivedData/Buzz-faillbpsmponqzeruhhvskovixzk/Build/Products/Debug-iphonesimulator/PackageFrameworks -F/Users/xinyufang/Library/Developer/Xcode/DerivedData/Buzz-faillbpsmponqzeruhhvskovixzk/Build/Products/Debug-iphonesimulator -iframework /Applications/Xcode.app/Contents/Developer/Platforms/iPhoneSimulator.platform/Developer/Library/Frameworks -iframework /Applications/Xcode.app/Contents/Developer/Platforms/iPhoneSimulator.platform/Developer/SDKs/iPhoneSimulator26.2.sdk/Developer/Library/Frameworks -filelist /Users/xinyufang/Library/Developer/Xcode/DerivedData/Buzz-faillbpsmponqzeruhhvskovixzk/Build/Intermediates.noindex/Stripe.build/Debug-iphonesimulator/StripeConnect.build/Objects-normal/arm64/StripeConnect.LinkFileList -nostdlib -Xlinker -object_path_lto -Xlinker /Users/xinyufang/Library/Developer/Xcode/DerivedData/Buzz-faillbpsmponqzeruhhvskovixzk/Build/Intermediates.noindex/Stripe.build/Debug-iphonesimulator/StripeConnect.build/Objects-normal/arm64/StripeConnect_lto.o -rdynamic -Xlinker -no_deduplicate -Xlinker -objc_abi_version -Xlinker 2 -Xlinker -debug_variant -Xlinker -dependency_info -Xlinker /Users/xinyufang/Library/Developer/Xcode/DerivedData/Buzz-faillbpsmponqzeruhhvskovixzk/Build/Intermediates.noindex/Stripe.build/Debug-iphonesimulator/StripeConnect.build/Objects-normal/arm64/StripeConnect_dependency_info.dat -fobjc-link-runtime -L/Applications/Xcode.app/Contents/Developer/Toolchains/XcodeDefault.xctoolchain/usr/lib/swift/iphonesimulator -L/usr/lib/swift -Xlinker -add_ast_path -Xlinker /Users/xinyufang/Library/Developer/Xcode/DerivedData/Buzz-faillbpsmponqzeruhhvskovixzk/Build/Intermediates.noindex/Stripe.build/Debug-iphonesimulator/StripeConnect.build/Objects-normal/arm64/StripeConnect.swiftmodule @/Users/xinyufang/Library/Developer/Xcode/DerivedData/Buzz-faillbpsmponqzeruhhvskovixzk/Build/Intermediates.noindex/Stripe.build/Debug-iphonesimulator/StripeConnect.build/Objects-normal/arm64/StripeConnect-linker-args.resp -o /Users/xinyufang/Library/Developer/Xcode/DerivedData/Buzz-faillbpsmponqzeruhhvskovixzk/Build/Products/Debug-iphonesimulator/StripeConnect.o

ExtractAppIntentsMetadata (in target 'StripeConnect' from project 'Stripe')
    cd /Users/xinyufang/Library/Developer/Xcode/DerivedData/Buzz-faillbpsmponqzeruhhvskovixzk/SourcePackages/checkouts/stripe-ios-spm
    /Applications/Xcode.app/Contents/Developer/Toolchains/XcodeDefault.xctoolchain/usr/bin/appintentsmetadataprocessor --toolchain-dir /Applications/Xcode.app/Contents/Developer/Toolchains/XcodeDefault.xctoolchain --module-name StripeConnect --sdk-root /Applications/Xcode.app/Contents/Developer/Platforms/iPhoneSimulator.platform/Developer/SDKs/iPhoneSimulator26.2.sdk --xcode-version 17C52 --platform-family iOS --deployment-target 13.0 --bundle-identifier stripe-ios-spm.StripeConnect --output /Users/xinyufang/Library/Developer/Xcode/DerivedData/Buzz-faillbpsmponqzeruhhvskovixzk/Build/Products/Debug-iphonesimulator/StripeConnect.appintents --target-triple arm64-apple-ios13.0-simulator --binary-file /Users/xinyufang/Library/Developer/Xcode/DerivedData/Buzz-faillbpsmponqzeruhhvskovixzk/Build/Products/Debug-iphonesimulator/StripeConnect.o --dependency-file /Users/xinyufang/Library/Developer/Xcode/DerivedData/Buzz-faillbpsmponqzeruhhvskovixzk/Build/Intermediates.noindex/Stripe.build/Debug-iphonesimulator/StripeConnect.build/Objects-normal/arm64/StripeConnect_dependency_info.dat --stringsdata-file /Users/xinyufang/Library/Developer/Xcode/DerivedData/Buzz-faillbpsmponqzeruhhvskovixzk/Build/Intermediates.noindex/Stripe.build/Debug-iphonesimulator/StripeConnect.build/Objects-normal/arm64/ExtractedAppShortcutsMetadata.stringsdata --source-file-list /Users/xinyufang/Library/Developer/Xcode/DerivedData/Buzz-faillbpsmponqzeruhhvskovixzk/Build/Intermediates.noindex/Stripe.build/Debug-iphonesimulator/StripeConnect.build/Objects-normal/arm64/StripeConnect.SwiftFileList --metadata-file-list /Users/xinyufang/Library/Developer/Xcode/DerivedData/Buzz-faillbpsmponqzeruhhvskovixzk/Build/Intermediates.noindex/Stripe.build/Debug-iphonesimulator/StripeConnect.build/StripeConnect.DependencyMetadataFileList --static-metadata-file-list /Users/xinyufang/Library/Developer/Xcode/DerivedData/Buzz-faillbpsmponqzeruhhvskovixzk/Build/Intermediates.noindex/Stripe.build/Debug-iphonesimulator/StripeConnect.build/StripeConnect.DependencyStaticMetadataFileList --swift-const-vals-list /Users/xinyufang/Library/Developer/Xcode/DerivedData/Buzz-faillbpsmponqzeruhhvskovixzk/Build/Intermediates.noindex/Stripe.build/Debug-iphonesimulator/StripeConnect.build/Objects-normal/arm64/StripeConnect.SwiftConstValuesFileList --force --compile-time-extraction --deployment-aware-processing --validate-assistant-intents --no-app-shortcuts-localization
2026-01-17 23:39:26.616 appintentsmetadataprocessor[99357:10447082] Starting appintentsmetadataprocessor export
2026-01-17 23:39:26.723 appintentsmetadataprocessor[99357:10447082] Extracted no relevant App Intents symbols, skipping writing output

RegisterExecutionPolicyException /Users/xinyufang/Library/Developer/Xcode/DerivedData/Buzz-faillbpsmponqzeruhhvskovixzk/Build/Products/Debug-iphonesimulator/StripeConnect.o (in target 'StripeConnect' from project 'Stripe')
    cd /Users/xinyufang/Library/Developer/Xcode/DerivedData/Buzz-faillbpsmponqzeruhhvskovixzk/SourcePackages/checkouts/stripe-ios-spm
    builtin-RegisterExecutionPolicyException /Users/xinyufang/Library/Developer/Xcode/DerivedData/Buzz-faillbpsmponqzeruhhvskovixzk/Build/Products/Debug-iphonesimulator/StripeConnect.o

CompileAssetCatalogVariant thinned /Users/xinyufang/Library/Developer/Xcode/DerivedData/Buzz-faillbpsmponqzeruhhvskovixzk/Build/Products/Debug-iphonesimulator/Stripe_Stripe.bundle /Users/xinyufang/Library/Developer/Xcode/DerivedData/Buzz-faillbpsmponqzeruhhvskovixzk/SourcePackages/checkouts/stripe-ios-spm/Stripe/StripeiOS/Resources/StripeiOS.xcassets (in target 'Stripe_Stripe' from project 'Stripe')
    cd /Users/xinyufang/Library/Developer/Xcode/DerivedData/Buzz-faillbpsmponqzeruhhvskovixzk/SourcePackages/checkouts/stripe-ios-spm
    /Applications/Xcode.app/Contents/Developer/usr/bin/actool /Users/xinyufang/Library/Developer/Xcode/DerivedData/Buzz-faillbpsmponqzeruhhvskovixzk/SourcePackages/checkouts/stripe-ios-spm/Stripe/StripeiOS/Resources/StripeiOS.xcassets --compile /Users/xinyufang/Library/Developer/Xcode/DerivedData/Buzz-faillbpsmponqzeruhhvskovixzk/Build/Intermediates.noindex/Stripe.build/Debug-iphonesimulator/Stripe_Stripe.build/assetcatalog_output/thinned --output-format human-readable-text --notices --warnings --export-dependency-info /Users/xinyufang/Library/Developer/Xcode/DerivedData/Buzz-faillbpsmponqzeruhhvskovixzk/Build/Intermediates.noindex/Stripe.build/Debug-iphonesimulator/Stripe_Stripe.build/assetcatalog_dependencies_thinned --output-partial-info-plist /Users/xinyufang/Library/Developer/Xcode/DerivedData/Buzz-faillbpsmponqzeruhhvskovixzk/Build/Intermediates.noindex/Stripe.build/Debug-iphonesimulator/Stripe_Stripe.build/assetcatalog_generated_info.plist_thinned --compress-pngs --enable-on-demand-resources NO --filter-for-thinning-device-configuration iPhone18,3 --filter-for-device-os-version 26.2 --development-region en --target-device iphone --target-device ipad --minimum-deployment-target 13.0 --platform iphonesimulator
/* com.apple.actool.compilation-results */
/Users/xinyufang/Library/Developer/Xcode/DerivedData/Buzz-faillbpsmponqzeruhhvskovixzk/Build/Intermediates.noindex/Stripe.build/Debug-iphonesimulator/Stripe_Stripe.build/assetcatalog_generated_info.plist_thinned
/Users/xinyufang/Library/Developer/Xcode/DerivedData/Buzz-faillbpsmponqzeruhhvskovixzk/Build/Intermediates.noindex/Stripe.build/Debug-iphonesimulator/Stripe_Stripe.build/assetcatalog_output/thinned/Assets.car


LinkAssetCatalog /Users/xinyufang/Library/Developer/Xcode/DerivedData/Buzz-faillbpsmponqzeruhhvskovixzk/SourcePackages/checkouts/stripe-ios-spm/Stripe/StripeiOS/Resources/StripeiOS.xcassets (in target 'Stripe_Stripe' from project 'Stripe')
    cd /Users/xinyufang/Library/Developer/Xcode/DerivedData/Buzz-faillbpsmponqzeruhhvskovixzk/SourcePackages/checkouts/stripe-ios-spm
    builtin-linkAssetCatalog --thinned /Users/xinyufang/Library/Developer/Xcode/DerivedData/Buzz-faillbpsmponqzeruhhvskovixzk/Build/Intermediates.noindex/Stripe.build/Debug-iphonesimulator/Stripe_Stripe.build/assetcatalog_output/thinned --thinned-dependencies /Users/xinyufang/Library/Developer/Xcode/DerivedData/Buzz-faillbpsmponqzeruhhvskovixzk/Build/Intermediates.noindex/Stripe.build/Debug-iphonesimulator/Stripe_Stripe.build/assetcatalog_dependencies_thinned --thinned-info-plist-content /Users/xinyufang/Library/Developer/Xcode/DerivedData/Buzz-faillbpsmponqzeruhhvskovixzk/Build/Intermediates.noindex/Stripe.build/Debug-iphonesimulator/Stripe_Stripe.build/assetcatalog_generated_info.plist_thinned --unthinned /Users/xinyufang/Library/Developer/Xcode/DerivedData/Buzz-faillbpsmponqzeruhhvskovixzk/Build/Intermediates.noindex/Stripe.build/Debug-iphonesimulator/Stripe_Stripe.build/assetcatalog_output/unthinned --unthinned-dependencies /Users/xinyufang/Library/Developer/Xcode/DerivedData/Buzz-faillbpsmponqzeruhhvskovixzk/Build/Intermediates.noindex/Stripe.build/Debug-iphonesimulator/Stripe_Stripe.build/assetcatalog_dependencies_unthinned --unthinned-info-plist-content /Users/xinyufang/Library/Developer/Xcode/DerivedData/Buzz-faillbpsmponqzeruhhvskovixzk/Build/Intermediates.noindex/Stripe.build/Debug-iphonesimulator/Stripe_Stripe.build/assetcatalog_generated_info.plist_unthinned --output /Users/xinyufang/Library/Developer/Xcode/DerivedData/Buzz-faillbpsmponqzeruhhvskovixzk/Build/Products/Debug-iphonesimulator/Stripe_Stripe.bundle --plist-output /Users/xinyufang/Library/Developer/Xcode/DerivedData/Buzz-faillbpsmponqzeruhhvskovixzk/Build/Intermediates.noindex/Stripe.build/Debug-iphonesimulator/Stripe_Stripe.build/assetcatalog_generated_info.plist
note: Emplaced /Users/xinyufang/Library/Developer/Xcode/DerivedData/Buzz-faillbpsmponqzeruhhvskovixzk/Build/Products/Debug-iphonesimulator/Stripe_Stripe.bundle/Assets.car (in target 'Stripe_Stripe' from project 'Stripe')

ProcessInfoPlistFile /Users/xinyufang/Library/Developer/Xcode/DerivedData/Buzz-faillbpsmponqzeruhhvskovixzk/Build/Products/Debug-iphonesimulator/Stripe_Stripe.bundle/Info.plist /Users/xinyufang/Library/Developer/Xcode/DerivedData/Buzz-faillbpsmponqzeruhhvskovixzk/Build/Intermediates.noindex/Stripe.build/Debug-iphonesimulator/Stripe_Stripe.build/empty-Stripe_Stripe.plist (in target 'Stripe_Stripe' from project 'Stripe')
    cd /Users/xinyufang/Library/Developer/Xcode/DerivedData/Buzz-faillbpsmponqzeruhhvskovixzk/SourcePackages/checkouts/stripe-ios-spm
    builtin-infoPlistUtility /Users/xinyufang/Library/Developer/Xcode/DerivedData/Buzz-faillbpsmponqzeruhhvskovixzk/Build/Intermediates.noindex/Stripe.build/Debug-iphonesimulator/Stripe_Stripe.build/empty-Stripe_Stripe.plist -producttype com.apple.product-type.bundle -expandbuildsettings -format binary -platform iphonesimulator -additionalcontentfile /Users/xinyufang/Library/Developer/Xcode/DerivedData/Buzz-faillbpsmponqzeruhhvskovixzk/Build/Intermediates.noindex/Stripe.build/Debug-iphonesimulator/Stripe_Stripe.build/assetcatalog_generated_info.plist -o /Users/xinyufang/Library/Developer/Xcode/DerivedData/Buzz-faillbpsmponqzeruhhvskovixzk/Build/Products/Debug-iphonesimulator/Stripe_Stripe.bundle/Info.plist

CompileAssetCatalogVariant thinned /Users/xinyufang/Library/Developer/Xcode/DerivedData/Buzz-faillbpsmponqzeruhhvskovixzk/Build/Products/Debug-iphonesimulator/Stripe_StripePaymentsUI.bundle /Users/xinyufang/Library/Developer/Xcode/DerivedData/Buzz-faillbpsmponqzeruhhvskovixzk/SourcePackages/checkouts/stripe-ios-spm/StripePaymentsUI/StripePaymentsUI/Resources/StripePaymentsUI.xcassets (in target 'Stripe_StripePaymentsUI' from project 'Stripe')
    cd /Users/xinyufang/Library/Developer/Xcode/DerivedData/Buzz-faillbpsmponqzeruhhvskovixzk/SourcePackages/checkouts/stripe-ios-spm
    /Applications/Xcode.app/Contents/Developer/usr/bin/actool /Users/xinyufang/Library/Developer/Xcode/DerivedData/Buzz-faillbpsmponqzeruhhvskovixzk/SourcePackages/checkouts/stripe-ios-spm/StripePaymentsUI/StripePaymentsUI/Resources/StripePaymentsUI.xcassets --compile /Users/xinyufang/Library/Developer/Xcode/DerivedData/Buzz-faillbpsmponqzeruhhvskovixzk/Build/Intermediates.noindex/Stripe.build/Debug-iphonesimulator/Stripe_StripePaymentsUI.build/assetcatalog_output/thinned --output-format human-readable-text --notices --warnings --export-dependency-info /Users/xinyufang/Library/Developer/Xcode/DerivedData/Buzz-faillbpsmponqzeruhhvskovixzk/Build/Intermediates.noindex/Stripe.build/Debug-iphonesimulator/Stripe_StripePaymentsUI.build/assetcatalog_dependencies_thinned --output-partial-info-plist /Users/xinyufang/Library/Developer/Xcode/DerivedData/Buzz-faillbpsmponqzeruhhvskovixzk/Build/Intermediates.noindex/Stripe.build/Debug-iphonesimulator/Stripe_StripePaymentsUI.build/assetcatalog_generated_info.plist_thinned --compress-pngs --enable-on-demand-resources NO --filter-for-thinning-device-configuration iPhone18,3 --filter-for-device-os-version 26.2 --development-region en --target-device iphone --target-device ipad --minimum-deployment-target 13.0 --platform iphonesimulator
/* com.apple.actool.compilation-results */
/Users/xinyufang/Library/Developer/Xcode/DerivedData/Buzz-faillbpsmponqzeruhhvskovixzk/Build/Intermediates.noindex/Stripe.build/Debug-iphonesimulator/Stripe_StripePaymentsUI.build/assetcatalog_generated_info.plist_thinned
/Users/xinyufang/Library/Developer/Xcode/DerivedData/Buzz-faillbpsmponqzeruhhvskovixzk/Build/Intermediates.noindex/Stripe.build/Debug-iphonesimulator/Stripe_StripePaymentsUI.build/assetcatalog_output/thinned/Assets.car


LinkAssetCatalog /Users/xinyufang/Library/Developer/Xcode/DerivedData/Buzz-faillbpsmponqzeruhhvskovixzk/SourcePackages/checkouts/stripe-ios-spm/StripePaymentsUI/StripePaymentsUI/Resources/StripePaymentsUI.xcassets (in target 'Stripe_StripePaymentsUI' from project 'Stripe')
    cd /Users/xinyufang/Library/Developer/Xcode/DerivedData/Buzz-faillbpsmponqzeruhhvskovixzk/SourcePackages/checkouts/stripe-ios-spm
    builtin-linkAssetCatalog --thinned /Users/xinyufang/Library/Developer/Xcode/DerivedData/Buzz-faillbpsmponqzeruhhvskovixzk/Build/Intermediates.noindex/Stripe.build/Debug-iphonesimulator/Stripe_StripePaymentsUI.build/assetcatalog_output/thinned --thinned-dependencies /Users/xinyufang/Library/Developer/Xcode/DerivedData/Buzz-faillbpsmponqzeruhhvskovixzk/Build/Intermediates.noindex/Stripe.build/Debug-iphonesimulator/Stripe_StripePaymentsUI.build/assetcatalog_dependencies_thinned --thinned-info-plist-content /Users/xinyufang/Library/Developer/Xcode/DerivedData/Buzz-faillbpsmponqzeruhhvskovixzk/Build/Intermediates.noindex/Stripe.build/Debug-iphonesimulator/Stripe_StripePaymentsUI.build/assetcatalog_generated_info.plist_thinned --unthinned /Users/xinyufang/Library/Developer/Xcode/DerivedData/Buzz-faillbpsmponqzeruhhvskovixzk/Build/Intermediates.noindex/Stripe.build/Debug-iphonesimulator/Stripe_StripePaymentsUI.build/assetcatalog_output/unthinned --unthinned-dependencies /Users/xinyufang/Library/Developer/Xcode/DerivedData/Buzz-faillbpsmponqzeruhhvskovixzk/Build/Intermediates.noindex/Stripe.build/Debug-iphonesimulator/Stripe_StripePaymentsUI.build/assetcatalog_dependencies_unthinned --unthinned-info-plist-content /Users/xinyufang/Library/Developer/Xcode/DerivedData/Buzz-faillbpsmponqzeruhhvskovixzk/Build/Intermediates.noindex/Stripe.build/Debug-iphonesimulator/Stripe_StripePaymentsUI.build/assetcatalog_generated_info.plist_unthinned --output /Users/xinyufang/Library/Developer/Xcode/DerivedData/Buzz-faillbpsmponqzeruhhvskovixzk/Build/Products/Debug-iphonesimulator/Stripe_StripePaymentsUI.bundle --plist-output /Users/xinyufang/Library/Developer/Xcode/DerivedData/Buzz-faillbpsmponqzeruhhvskovixzk/Build/Intermediates.noindex/Stripe.build/Debug-iphonesimulator/Stripe_StripePaymentsUI.build/assetcatalog_generated_info.plist
note: Emplaced /Users/xinyufang/Library/Developer/Xcode/DerivedData/Buzz-faillbpsmponqzeruhhvskovixzk/Build/Products/Debug-iphonesimulator/Stripe_StripePaymentsUI.bundle/Assets.car (in target 'Stripe_StripePaymentsUI' from project 'Stripe')

ProcessInfoPlistFile /Users/xinyufang/Library/Developer/Xcode/DerivedData/Buzz-faillbpsmponqzeruhhvskovixzk/Build/Products/Debug-iphonesimulator/Stripe_StripePaymentsUI.bundle/Info.plist /Users/xinyufang/Library/Developer/Xcode/DerivedData/Buzz-faillbpsmponqzeruhhvskovixzk/Build/Intermediates.noindex/Stripe.build/Debug-iphonesimulator/Stripe_StripePaymentsUI.build/empty-Stripe_StripePaymentsUI.plist (in target 'Stripe_StripePaymentsUI' from project 'Stripe')
    cd /Users/xinyufang/Library/Developer/Xcode/DerivedData/Buzz-faillbpsmponqzeruhhvskovixzk/SourcePackages/checkouts/stripe-ios-spm
    builtin-infoPlistUtility /Users/xinyufang/Library/Developer/Xcode/DerivedData/Buzz-faillbpsmponqzeruhhvskovixzk/Build/Intermediates.noindex/Stripe.build/Debug-iphonesimulator/Stripe_StripePaymentsUI.build/empty-Stripe_StripePaymentsUI.plist -producttype com.apple.product-type.bundle -expandbuildsettings -format binary -platform iphonesimulator -additionalcontentfile /Users/xinyufang/Library/Developer/Xcode/DerivedData/Buzz-faillbpsmponqzeruhhvskovixzk/Build/Intermediates.noindex/Stripe.build/Debug-iphonesimulator/Stripe_StripePaymentsUI.build/assetcatalog_generated_info.plist -o /Users/xinyufang/Library/Developer/Xcode/DerivedData/Buzz-faillbpsmponqzeruhhvskovixzk/Build/Products/Debug-iphonesimulator/Stripe_StripePaymentsUI.bundle/Info.plist

Ld /Users/xinyufang/Library/Developer/Xcode/DerivedData/Buzz-faillbpsmponqzeruhhvskovixzk/Build/Products/Debug-iphonesimulator/StripePaymentsUI.o normal (in target 'StripePaymentsUI' from project 'Stripe')
    cd /Users/xinyufang/Library/Developer/Xcode/DerivedData/Buzz-faillbpsmponqzeruhhvskovixzk/SourcePackages/checkouts/stripe-ios-spm
    /Applications/Xcode.app/Contents/Developer/Toolchains/XcodeDefault.xctoolchain/usr/bin/clang -Xlinker -reproducible -target arm64-apple-ios13.0-simulator -r -isysroot /Applications/Xcode.app/Contents/Developer/Platforms/iPhoneSimulator.platform/Developer/SDKs/iPhoneSimulator26.2.sdk -O0 -w -L/Users/xinyufang/Library/Developer/Xcode/DerivedData/Buzz-faillbpsmponqzeruhhvskovixzk/Build/Intermediates.noindex/EagerLinkingTBDs/Debug-iphonesimulator -L/Users/xinyufang/Library/Developer/Xcode/DerivedData/Buzz-faillbpsmponqzeruhhvskovixzk/Build/Products/Debug-iphonesimulator -L/Applications/Xcode.app/Contents/Developer/Platforms/iPhoneSimulator.platform/Developer/usr/lib -F/Users/xinyufang/Library/Developer/Xcode/DerivedData/Buzz-faillbpsmponqzeruhhvskovixzk/Build/Intermediates.noindex/EagerLinkingTBDs/Debug-iphonesimulator -F/Users/xinyufang/Library/Developer/Xcode/DerivedData/Buzz-faillbpsmponqzeruhhvskovixzk/Build/Products/Debug-iphonesimulator/PackageFrameworks -F/Users/xinyufang/Library/Developer/Xcode/DerivedData/Buzz-faillbpsmponqzeruhhvskovixzk/Build/Products/Debug-iphonesimulator/PackageFrameworks -F/Users/xinyufang/Library/Developer/Xcode/DerivedData/Buzz-faillbpsmponqzeruhhvskovixzk/Build/Products/Debug-iphonesimulator/PackageFrameworks -F/Users/xinyufang/Library/Developer/Xcode/DerivedData/Buzz-faillbpsmponqzeruhhvskovixzk/Build/Products/Debug-iphonesimulator/PackageFrameworks -F/Users/xinyufang/Library/Developer/Xcode/DerivedData/Buzz-faillbpsmponqzeruhhvskovixzk/Build/Products/Debug-iphonesimulator -iframework /Applications/Xcode.app/Contents/Developer/Platforms/iPhoneSimulator.platform/Developer/Library/Frameworks -iframework /Applications/Xcode.app/Contents/Developer/Platforms/iPhoneSimulator.platform/Developer/SDKs/iPhoneSimulator26.2.sdk/Developer/Library/Frameworks -filelist /Users/xinyufang/Library/Developer/Xcode/DerivedData/Buzz-faillbpsmponqzeruhhvskovixzk/Build/Intermediates.noindex/Stripe.build/Debug-iphonesimulator/StripePaymentsUI.build/Objects-normal/arm64/StripePaymentsUI.LinkFileList -nostdlib -Xlinker -object_path_lto -Xlinker /Users/xinyufang/Library/Developer/Xcode/DerivedData/Buzz-faillbpsmponqzeruhhvskovixzk/Build/Intermediates.noindex/Stripe.build/Debug-iphonesimulator/StripePaymentsUI.build/Objects-normal/arm64/StripePaymentsUI_lto.o -rdynamic -Xlinker -no_deduplicate -Xlinker -objc_abi_version -Xlinker 2 -Xlinker -debug_variant -Xlinker -dependency_info -Xlinker /Users/xinyufang/Library/Developer/Xcode/DerivedData/Buzz-faillbpsmponqzeruhhvskovixzk/Build/Intermediates.noindex/Stripe.build/Debug-iphonesimulator/StripePaymentsUI.build/Objects-normal/arm64/StripePaymentsUI_dependency_info.dat -fobjc-link-runtime -L/Applications/Xcode.app/Contents/Developer/Toolchains/XcodeDefault.xctoolchain/usr/lib/swift/iphonesimulator -L/usr/lib/swift -Xlinker -add_ast_path -Xlinker /Users/xinyufang/Library/Developer/Xcode/DerivedData/Buzz-faillbpsmponqzeruhhvskovixzk/Build/Intermediates.noindex/Stripe.build/Debug-iphonesimulator/StripePaymentsUI.build/Objects-normal/arm64/StripePaymentsUI.swiftmodule @/Users/xinyufang/Library/Developer/Xcode/DerivedData/Buzz-faillbpsmponqzeruhhvskovixzk/Build/Intermediates.noindex/Stripe.build/Debug-iphonesimulator/StripePaymentsUI.build/Objects-normal/arm64/StripePaymentsUI-linker-args.resp -o /Users/xinyufang/Library/Developer/Xcode/DerivedData/Buzz-faillbpsmponqzeruhhvskovixzk/Build/Products/Debug-iphonesimulator/StripePaymentsUI.o

ExtractAppIntentsMetadata (in target 'StripePaymentsUI' from project 'Stripe')
    cd /Users/xinyufang/Library/Developer/Xcode/DerivedData/Buzz-faillbpsmponqzeruhhvskovixzk/SourcePackages/checkouts/stripe-ios-spm
    /Applications/Xcode.app/Contents/Developer/Toolchains/XcodeDefault.xctoolchain/usr/bin/appintentsmetadataprocessor --toolchain-dir /Applications/Xcode.app/Contents/Developer/Toolchains/XcodeDefault.xctoolchain --module-name StripePaymentsUI --sdk-root /Applications/Xcode.app/Contents/Developer/Platforms/iPhoneSimulator.platform/Developer/SDKs/iPhoneSimulator26.2.sdk --xcode-version 17C52 --platform-family iOS --deployment-target 13.0 --bundle-identifier stripe-ios-spm.StripePaymentsUI --output /Users/xinyufang/Library/Developer/Xcode/DerivedData/Buzz-faillbpsmponqzeruhhvskovixzk/Build/Products/Debug-iphonesimulator/StripePaymentsUI.appintents --target-triple arm64-apple-ios13.0-simulator --binary-file /Users/xinyufang/Library/Developer/Xcode/DerivedData/Buzz-faillbpsmponqzeruhhvskovixzk/Build/Products/Debug-iphonesimulator/StripePaymentsUI.o --dependency-file /Users/xinyufang/Library/Developer/Xcode/DerivedData/Buzz-faillbpsmponqzeruhhvskovixzk/Build/Intermediates.noindex/Stripe.build/Debug-iphonesimulator/StripePaymentsUI.build/Objects-normal/arm64/StripePaymentsUI_dependency_info.dat --stringsdata-file /Users/xinyufang/Library/Developer/Xcode/DerivedData/Buzz-faillbpsmponqzeruhhvskovixzk/Build/Intermediates.noindex/Stripe.build/Debug-iphonesimulator/StripePaymentsUI.build/Objects-normal/arm64/ExtractedAppShortcutsMetadata.stringsdata --source-file-list /Users/xinyufang/Library/Developer/Xcode/DerivedData/Buzz-faillbpsmponqzeruhhvskovixzk/Build/Intermediates.noindex/Stripe.build/Debug-iphonesimulator/StripePaymentsUI.build/Objects-normal/arm64/StripePaymentsUI.SwiftFileList --metadata-file-list /Users/xinyufang/Library/Developer/Xcode/DerivedData/Buzz-faillbpsmponqzeruhhvskovixzk/Build/Intermediates.noindex/Stripe.build/Debug-iphonesimulator/StripePaymentsUI.build/StripePaymentsUI.DependencyMetadataFileList --static-metadata-file-list /Users/xinyufang/Library/Developer/Xcode/DerivedData/Buzz-faillbpsmponqzeruhhvskovixzk/Build/Intermediates.noindex/Stripe.build/Debug-iphonesimulator/StripePaymentsUI.build/StripePaymentsUI.DependencyStaticMetadataFileList --swift-const-vals-list /Users/xinyufang/Library/Developer/Xcode/DerivedData/Buzz-faillbpsmponqzeruhhvskovixzk/Build/Intermediates.noindex/Stripe.build/Debug-iphonesimulator/StripePaymentsUI.build/Objects-normal/arm64/StripePaymentsUI.SwiftConstValuesFileList --force --compile-time-extraction --deployment-aware-processing --validate-assistant-intents --no-app-shortcuts-localization
2026-01-17 23:39:29.715 appintentsmetadataprocessor[99415:10447246] Starting appintentsmetadataprocessor export
2026-01-17 23:39:29.823 appintentsmetadataprocessor[99415:10447246] Extracted no relevant App Intents symbols, skipping writing output

RegisterExecutionPolicyException /Users/xinyufang/Library/Developer/Xcode/DerivedData/Buzz-faillbpsmponqzeruhhvskovixzk/Build/Products/Debug-iphonesimulator/StripePaymentsUI.o (in target 'StripePaymentsUI' from project 'Stripe')
    cd /Users/xinyufang/Library/Developer/Xcode/DerivedData/Buzz-faillbpsmponqzeruhhvskovixzk/SourcePackages/checkouts/stripe-ios-spm
    builtin-RegisterExecutionPolicyException /Users/xinyufang/Library/Developer/Xcode/DerivedData/Buzz-faillbpsmponqzeruhhvskovixzk/Build/Products/Debug-iphonesimulator/StripePaymentsUI.o

Ld /Users/xinyufang/Library/Developer/Xcode/DerivedData/Buzz-faillbpsmponqzeruhhvskovixzk/Build/Products/Debug-iphonesimulator/Stripe.o normal (in target 'Stripe' from project 'Stripe')
    cd /Users/xinyufang/Library/Developer/Xcode/DerivedData/Buzz-faillbpsmponqzeruhhvskovixzk/SourcePackages/checkouts/stripe-ios-spm
    /Applications/Xcode.app/Contents/Developer/Toolchains/XcodeDefault.xctoolchain/usr/bin/clang -Xlinker -reproducible -target arm64-apple-ios13.0-simulator -r -isysroot /Applications/Xcode.app/Contents/Developer/Platforms/iPhoneSimulator.platform/Developer/SDKs/iPhoneSimulator26.2.sdk -O0 -w -L/Users/xinyufang/Library/Developer/Xcode/DerivedData/Buzz-faillbpsmponqzeruhhvskovixzk/Build/Intermediates.noindex/EagerLinkingTBDs/Debug-iphonesimulator -L/Users/xinyufang/Library/Developer/Xcode/DerivedData/Buzz-faillbpsmponqzeruhhvskovixzk/Build/Products/Debug-iphonesimulator -L/Applications/Xcode.app/Contents/Developer/Platforms/iPhoneSimulator.platform/Developer/usr/lib -F/Users/xinyufang/Library/Developer/Xcode/DerivedData/Buzz-faillbpsmponqzeruhhvskovixzk/Build/Intermediates.noindex/EagerLinkingTBDs/Debug-iphonesimulator -F/Users/xinyufang/Library/Developer/Xcode/DerivedData/Buzz-faillbpsmponqzeruhhvskovixzk/Build/Products/Debug-iphonesimulator/PackageFrameworks -F/Users/xinyufang/Library/Developer/Xcode/DerivedData/Buzz-faillbpsmponqzeruhhvskovixzk/Build/Products/Debug-iphonesimulator/PackageFrameworks -F/Users/xinyufang/Library/Developer/Xcode/DerivedData/Buzz-faillbpsmponqzeruhhvskovixzk/Build/Products/Debug-iphonesimulator/PackageFrameworks -F/Users/xinyufang/Library/Developer/Xcode/DerivedData/Buzz-faillbpsmponqzeruhhvskovixzk/Build/Products/Debug-iphonesimulator/PackageFrameworks -F/Users/xinyufang/Library/Developer/Xcode/DerivedData/Buzz-faillbpsmponqzeruhhvskovixzk/Build/Products/Debug-iphonesimulator/PackageFrameworks -F/Users/xinyufang/Library/Developer/Xcode/DerivedData/Buzz-faillbpsmponqzeruhhvskovixzk/Build/Products/Debug-iphonesimulator/PackageFrameworks -F/Users/xinyufang/Library/Developer/Xcode/DerivedData/Buzz-faillbpsmponqzeruhhvskovixzk/Build/Products/Debug-iphonesimulator -iframework /Applications/Xcode.app/Contents/Developer/Platforms/iPhoneSimulator.platform/Developer/Library/Frameworks -iframework /Applications/Xcode.app/Contents/Developer/Platforms/iPhoneSimulator.platform/Developer/SDKs/iPhoneSimulator26.2.sdk/Developer/Library/Frameworks -filelist /Users/xinyufang/Library/Developer/Xcode/DerivedData/Buzz-faillbpsmponqzeruhhvskovixzk/Build/Intermediates.noindex/Stripe.build/Debug-iphonesimulator/Stripe.build/Objects-normal/arm64/Stripe.LinkFileList -nostdlib -Xlinker -object_path_lto -Xlinker /Users/xinyufang/Library/Developer/Xcode/DerivedData/Buzz-faillbpsmponqzeruhhvskovixzk/Build/Intermediates.noindex/Stripe.build/Debug-iphonesimulator/Stripe.build/Objects-normal/arm64/Stripe_lto.o -rdynamic -Xlinker -no_deduplicate -Xlinker -objc_abi_version -Xlinker 2 -Xlinker -debug_variant -Xlinker -dependency_info -Xlinker /Users/xinyufang/Library/Developer/Xcode/DerivedData/Buzz-faillbpsmponqzeruhhvskovixzk/Build/Intermediates.noindex/Stripe.build/Debug-iphonesimulator/Stripe.build/Objects-normal/arm64/Stripe_dependency_info.dat -fobjc-link-runtime -L/Applications/Xcode.app/Contents/Developer/Toolchains/XcodeDefault.xctoolchain/usr/lib/swift/iphonesimulator -L/usr/lib/swift -Xlinker -add_ast_path -Xlinker /Users/xinyufang/Library/Developer/Xcode/DerivedData/Buzz-faillbpsmponqzeruhhvskovixzk/Build/Intermediates.noindex/Stripe.build/Debug-iphonesimulator/Stripe.build/Objects-normal/arm64/Stripe.swiftmodule @/Users/xinyufang/Library/Developer/Xcode/DerivedData/Buzz-faillbpsmponqzeruhhvskovixzk/Build/Intermediates.noindex/Stripe.build/Debug-iphonesimulator/Stripe.build/Objects-normal/arm64/Stripe-linker-args.resp -o /Users/xinyufang/Library/Developer/Xcode/DerivedData/Buzz-faillbpsmponqzeruhhvskovixzk/Build/Products/Debug-iphonesimulator/Stripe.o

ExtractAppIntentsMetadata (in target 'Stripe' from project 'Stripe')
    cd /Users/xinyufang/Library/Developer/Xcode/DerivedData/Buzz-faillbpsmponqzeruhhvskovixzk/SourcePackages/checkouts/stripe-ios-spm
    /Applications/Xcode.app/Contents/Developer/Toolchains/XcodeDefault.xctoolchain/usr/bin/appintentsmetadataprocessor --toolchain-dir /Applications/Xcode.app/Contents/Developer/Toolchains/XcodeDefault.xctoolchain --module-name Stripe --sdk-root /Applications/Xcode.app/Contents/Developer/Platforms/iPhoneSimulator.platform/Developer/SDKs/iPhoneSimulator26.2.sdk --xcode-version 17C52 --platform-family iOS --deployment-target 13.0 --bundle-identifier stripe-ios-spm.Stripe --output /Users/xinyufang/Library/Developer/Xcode/DerivedData/Buzz-faillbpsmponqzeruhhvskovixzk/Build/Products/Debug-iphonesimulator/Stripe.appintents --target-triple arm64-apple-ios13.0-simulator --binary-file /Users/xinyufang/Library/Developer/Xcode/DerivedData/Buzz-faillbpsmponqzeruhhvskovixzk/Build/Products/Debug-iphonesimulator/Stripe.o --dependency-file /Users/xinyufang/Library/Developer/Xcode/DerivedData/Buzz-faillbpsmponqzeruhhvskovixzk/Build/Intermediates.noindex/Stripe.build/Debug-iphonesimulator/Stripe.build/Objects-normal/arm64/Stripe_dependency_info.dat --stringsdata-file /Users/xinyufang/Library/Developer/Xcode/DerivedData/Buzz-faillbpsmponqzeruhhvskovixzk/Build/Intermediates.noindex/Stripe.build/Debug-iphonesimulator/Stripe.build/Objects-normal/arm64/ExtractedAppShortcutsMetadata.stringsdata --source-file-list /Users/xinyufang/Library/Developer/Xcode/DerivedData/Buzz-faillbpsmponqzeruhhvskovixzk/Build/Intermediates.noindex/Stripe.build/Debug-iphonesimulator/Stripe.build/Objects-normal/arm64/Stripe.SwiftFileList --metadata-file-list /Users/xinyufang/Library/Developer/Xcode/DerivedData/Buzz-faillbpsmponqzeruhhvskovixzk/Build/Intermediates.noindex/Stripe.build/Debug-iphonesimulator/Stripe.build/Stripe.DependencyMetadataFileList --static-metadata-file-list /Users/xinyufang/Library/Developer/Xcode/DerivedData/Buzz-faillbpsmponqzeruhhvskovixzk/Build/Intermediates.noindex/Stripe.build/Debug-iphonesimulator/Stripe.build/Stripe.DependencyStaticMetadataFileList --swift-const-vals-list /Users/xinyufang/Library/Developer/Xcode/DerivedData/Buzz-faillbpsmponqzeruhhvskovixzk/Build/Intermediates.noindex/Stripe.build/Debug-iphonesimulator/Stripe.build/Objects-normal/arm64/Stripe.SwiftConstValuesFileList --force --compile-time-extraction --deployment-aware-processing --validate-assistant-intents --no-app-shortcuts-localization
2026-01-17 23:39:29.894 appintentsmetadataprocessor[99418:10447265] Starting appintentsmetadataprocessor export
2026-01-17 23:39:29.991 appintentsmetadataprocessor[99418:10447265] Extracted no relevant App Intents symbols, skipping writing output

RegisterExecutionPolicyException /Users/xinyufang/Library/Developer/Xcode/DerivedData/Buzz-faillbpsmponqzeruhhvskovixzk/Build/Products/Debug-iphonesimulator/Stripe.o (in target 'Stripe' from project 'Stripe')
    cd /Users/xinyufang/Library/Developer/Xcode/DerivedData/Buzz-faillbpsmponqzeruhhvskovixzk/SourcePackages/checkouts/stripe-ios-spm
    builtin-RegisterExecutionPolicyException /Users/xinyufang/Library/Developer/Xcode/DerivedData/Buzz-faillbpsmponqzeruhhvskovixzk/Build/Products/Debug-iphonesimulator/Stripe.o

CompileAssetCatalogVariant thinned /Users/xinyufang/Library/Developer/Xcode/DerivedData/Buzz-faillbpsmponqzeruhhvskovixzk/Build/Products/Debug-iphonesimulator/Stripe_StripePaymentSheet.bundle /Users/xinyufang/Library/Developer/Xcode/DerivedData/Buzz-faillbpsmponqzeruhhvskovixzk/SourcePackages/checkouts/stripe-ios-spm/StripePaymentSheet/StripePaymentSheet/Resources/StripePaymentSheet.xcassets (in target 'Stripe_StripePaymentSheet' from project 'Stripe')
    cd /Users/xinyufang/Library/Developer/Xcode/DerivedData/Buzz-faillbpsmponqzeruhhvskovixzk/SourcePackages/checkouts/stripe-ios-spm
    /Applications/Xcode.app/Contents/Developer/usr/bin/actool /Users/xinyufang/Library/Developer/Xcode/DerivedData/Buzz-faillbpsmponqzeruhhvskovixzk/SourcePackages/checkouts/stripe-ios-spm/StripePaymentSheet/StripePaymentSheet/Resources/StripePaymentSheet.xcassets --compile /Users/xinyufang/Library/Developer/Xcode/DerivedData/Buzz-faillbpsmponqzeruhhvskovixzk/Build/Intermediates.noindex/Stripe.build/Debug-iphonesimulator/Stripe_StripePaymentSheet.build/assetcatalog_output/thinned --output-format human-readable-text --notices --warnings --export-dependency-info /Users/xinyufang/Library/Developer/Xcode/DerivedData/Buzz-faillbpsmponqzeruhhvskovixzk/Build/Intermediates.noindex/Stripe.build/Debug-iphonesimulator/Stripe_StripePaymentSheet.build/assetcatalog_dependencies_thinned --output-partial-info-plist /Users/xinyufang/Library/Developer/Xcode/DerivedData/Buzz-faillbpsmponqzeruhhvskovixzk/Build/Intermediates.noindex/Stripe.build/Debug-iphonesimulator/Stripe_StripePaymentSheet.build/assetcatalog_generated_info.plist_thinned --compress-pngs --enable-on-demand-resources NO --filter-for-thinning-device-configuration iPhone18,3 --filter-for-device-os-version 26.2 --development-region en --target-device iphone --target-device ipad --minimum-deployment-target 13.0 --platform iphonesimulator
CoreSVG has logged an error. Set environment variable "CORESVG_VERBOSE" to learn more.
/* com.apple.actool.compilation-results */
/Users/xinyufang/Library/Developer/Xcode/DerivedData/Buzz-faillbpsmponqzeruhhvskovixzk/Build/Intermediates.noindex/Stripe.build/Debug-iphonesimulator/Stripe_StripePaymentSheet.build/assetcatalog_generated_info.plist_thinned
/Users/xinyufang/Library/Developer/Xcode/DerivedData/Buzz-faillbpsmponqzeruhhvskovixzk/Build/Intermediates.noindex/Stripe.build/Debug-iphonesimulator/Stripe_StripePaymentSheet.build/assetcatalog_output/thinned/Assets.car


LinkAssetCatalog /Users/xinyufang/Library/Developer/Xcode/DerivedData/Buzz-faillbpsmponqzeruhhvskovixzk/SourcePackages/checkouts/stripe-ios-spm/StripePaymentSheet/StripePaymentSheet/Resources/StripePaymentSheet.xcassets (in target 'Stripe_StripePaymentSheet' from project 'Stripe')
    cd /Users/xinyufang/Library/Developer/Xcode/DerivedData/Buzz-faillbpsmponqzeruhhvskovixzk/SourcePackages/checkouts/stripe-ios-spm
    builtin-linkAssetCatalog --thinned /Users/xinyufang/Library/Developer/Xcode/DerivedData/Buzz-faillbpsmponqzeruhhvskovixzk/Build/Intermediates.noindex/Stripe.build/Debug-iphonesimulator/Stripe_StripePaymentSheet.build/assetcatalog_output/thinned --thinned-dependencies /Users/xinyufang/Library/Developer/Xcode/DerivedData/Buzz-faillbpsmponqzeruhhvskovixzk/Build/Intermediates.noindex/Stripe.build/Debug-iphonesimulator/Stripe_StripePaymentSheet.build/assetcatalog_dependencies_thinned --thinned-info-plist-content /Users/xinyufang/Library/Developer/Xcode/DerivedData/Buzz-faillbpsmponqzeruhhvskovixzk/Build/Intermediates.noindex/Stripe.build/Debug-iphonesimulator/Stripe_StripePaymentSheet.build/assetcatalog_generated_info.plist_thinned --unthinned /Users/xinyufang/Library/Developer/Xcode/DerivedData/Buzz-faillbpsmponqzeruhhvskovixzk/Build/Intermediates.noindex/Stripe.build/Debug-iphonesimulator/Stripe_StripePaymentSheet.build/assetcatalog_output/unthinned --unthinned-dependencies /Users/xinyufang/Library/Developer/Xcode/DerivedData/Buzz-faillbpsmponqzeruhhvskovixzk/Build/Intermediates.noindex/Stripe.build/Debug-iphonesimulator/Stripe_StripePaymentSheet.build/assetcatalog_dependencies_unthinned --unthinned-info-plist-content /Users/xinyufang/Library/Developer/Xcode/DerivedData/Buzz-faillbpsmponqzeruhhvskovixzk/Build/Intermediates.noindex/Stripe.build/Debug-iphonesimulator/Stripe_StripePaymentSheet.build/assetcatalog_generated_info.plist_unthinned --output /Users/xinyufang/Library/Developer/Xcode/DerivedData/Buzz-faillbpsmponqzeruhhvskovixzk/Build/Products/Debug-iphonesimulator/Stripe_StripePaymentSheet.bundle --plist-output /Users/xinyufang/Library/Developer/Xcode/DerivedData/Buzz-faillbpsmponqzeruhhvskovixzk/Build/Intermediates.noindex/Stripe.build/Debug-iphonesimulator/Stripe_StripePaymentSheet.build/assetcatalog_generated_info.plist
note: Emplaced /Users/xinyufang/Library/Developer/Xcode/DerivedData/Buzz-faillbpsmponqzeruhhvskovixzk/Build/Products/Debug-iphonesimulator/Stripe_StripePaymentSheet.bundle/Assets.car (in target 'Stripe_StripePaymentSheet' from project 'Stripe')

ProcessInfoPlistFile /Users/xinyufang/Library/Developer/Xcode/DerivedData/Buzz-faillbpsmponqzeruhhvskovixzk/Build/Products/Debug-iphonesimulator/Stripe_StripePaymentSheet.bundle/Info.plist /Users/xinyufang/Library/Developer/Xcode/DerivedData/Buzz-faillbpsmponqzeruhhvskovixzk/Build/Intermediates.noindex/Stripe.build/Debug-iphonesimulator/Stripe_StripePaymentSheet.build/empty-Stripe_StripePaymentSheet.plist (in target 'Stripe_StripePaymentSheet' from project 'Stripe')
    cd /Users/xinyufang/Library/Developer/Xcode/DerivedData/Buzz-faillbpsmponqzeruhhvskovixzk/SourcePackages/checkouts/stripe-ios-spm
    builtin-infoPlistUtility /Users/xinyufang/Library/Developer/Xcode/DerivedData/Buzz-faillbpsmponqzeruhhvskovixzk/Build/Intermediates.noindex/Stripe.build/Debug-iphonesimulator/Stripe_StripePaymentSheet.build/empty-Stripe_StripePaymentSheet.plist -producttype com.apple.product-type.bundle -expandbuildsettings -format binary -platform iphonesimulator -additionalcontentfile /Users/xinyufang/Library/Developer/Xcode/DerivedData/Buzz-faillbpsmponqzeruhhvskovixzk/Build/Intermediates.noindex/Stripe.build/Debug-iphonesimulator/Stripe_StripePaymentSheet.build/assetcatalog_generated_info.plist -o /Users/xinyufang/Library/Developer/Xcode/DerivedData/Buzz-faillbpsmponqzeruhhvskovixzk/Build/Products/Debug-iphonesimulator/Stripe_StripePaymentSheet.bundle/Info.plist

Ld /Users/xinyufang/Library/Developer/Xcode/DerivedData/Buzz-faillbpsmponqzeruhhvskovixzk/Build/Products/Debug-iphonesimulator/StripePaymentSheet.o normal (in target 'StripePaymentSheet' from project 'Stripe')
    cd /Users/xinyufang/Library/Developer/Xcode/DerivedData/Buzz-faillbpsmponqzeruhhvskovixzk/SourcePackages/checkouts/stripe-ios-spm
    /Applications/Xcode.app/Contents/Developer/Toolchains/XcodeDefault.xctoolchain/usr/bin/clang -Xlinker -reproducible -target arm64-apple-ios13.0-simulator -r -isysroot /Applications/Xcode.app/Contents/Developer/Platforms/iPhoneSimulator.platform/Developer/SDKs/iPhoneSimulator26.2.sdk -O0 -w -L/Users/xinyufang/Library/Developer/Xcode/DerivedData/Buzz-faillbpsmponqzeruhhvskovixzk/Build/Intermediates.noindex/EagerLinkingTBDs/Debug-iphonesimulator -L/Users/xinyufang/Library/Developer/Xcode/DerivedData/Buzz-faillbpsmponqzeruhhvskovixzk/Build/Products/Debug-iphonesimulator -L/Applications/Xcode.app/Contents/Developer/Platforms/iPhoneSimulator.platform/Developer/usr/lib -F/Users/xinyufang/Library/Developer/Xcode/DerivedData/Buzz-faillbpsmponqzeruhhvskovixzk/Build/Intermediates.noindex/EagerLinkingTBDs/Debug-iphonesimulator -F/Users/xinyufang/Library/Developer/Xcode/DerivedData/Buzz-faillbpsmponqzeruhhvskovixzk/Build/Products/Debug-iphonesimulator/PackageFrameworks -F/Users/xinyufang/Library/Developer/Xcode/DerivedData/Buzz-faillbpsmponqzeruhhvskovixzk/Build/Products/Debug-iphonesimulator/PackageFrameworks -F/Users/xinyufang/Library/Developer/Xcode/DerivedData/Buzz-faillbpsmponqzeruhhvskovixzk/Build/Products/Debug-iphonesimulator/PackageFrameworks -F/Users/xinyufang/Library/Developer/Xcode/DerivedData/Buzz-faillbpsmponqzeruhhvskovixzk/Build/Products/Debug-iphonesimulator/PackageFrameworks -F/Users/xinyufang/Library/Developer/Xcode/DerivedData/Buzz-faillbpsmponqzeruhhvskovixzk/Build/Products/Debug-iphonesimulator/PackageFrameworks -F/Users/xinyufang/Library/Developer/Xcode/DerivedData/Buzz-faillbpsmponqzeruhhvskovixzk/Build/Products/Debug-iphonesimulator/PackageFrameworks -F/Users/xinyufang/Library/Developer/Xcode/DerivedData/Buzz-faillbpsmponqzeruhhvskovixzk/Build/Products/Debug-iphonesimulator -iframework /Applications/Xcode.app/Contents/Developer/Platforms/iPhoneSimulator.platform/Developer/Library/Frameworks -iframework /Applications/Xcode.app/Contents/Developer/Platforms/iPhoneSimulator.platform/Developer/SDKs/iPhoneSimulator26.2.sdk/Developer/Library/Frameworks -filelist /Users/xinyufang/Library/Developer/Xcode/DerivedData/Buzz-faillbpsmponqzeruhhvskovixzk/Build/Intermediates.noindex/Stripe.build/Debug-iphonesimulator/StripePaymentSheet.build/Objects-normal/arm64/StripePaymentSheet.LinkFileList -nostdlib -Xlinker -object_path_lto -Xlinker /Users/xinyufang/Library/Developer/Xcode/DerivedData/Buzz-faillbpsmponqzeruhhvskovixzk/Build/Intermediates.noindex/Stripe.build/Debug-iphonesimulator/StripePaymentSheet.build/Objects-normal/arm64/StripePaymentSheet_lto.o -rdynamic -Xlinker -no_deduplicate -Xlinker -objc_abi_version -Xlinker 2 -Xlinker -debug_variant -Xlinker -dependency_info -Xlinker /Users/xinyufang/Library/Developer/Xcode/DerivedData/Buzz-faillbpsmponqzeruhhvskovixzk/Build/Intermediates.noindex/Stripe.build/Debug-iphonesimulator/StripePaymentSheet.build/Objects-normal/arm64/StripePaymentSheet_dependency_info.dat -fobjc-link-runtime -L/Applications/Xcode.app/Contents/Developer/Toolchains/XcodeDefault.xctoolchain/usr/lib/swift/iphonesimulator -L/usr/lib/swift -Xlinker -add_ast_path -Xlinker /Users/xinyufang/Library/Developer/Xcode/DerivedData/Buzz-faillbpsmponqzeruhhvskovixzk/Build/Intermediates.noindex/Stripe.build/Debug-iphonesimulator/StripePaymentSheet.build/Objects-normal/arm64/StripePaymentSheet.swiftmodule @/Users/xinyufang/Library/Developer/Xcode/DerivedData/Buzz-faillbpsmponqzeruhhvskovixzk/Build/Intermediates.noindex/Stripe.build/Debug-iphonesimulator/StripePaymentSheet.build/Objects-normal/arm64/StripePaymentSheet-linker-args.resp -o /Users/xinyufang/Library/Developer/Xcode/DerivedData/Buzz-faillbpsmponqzeruhhvskovixzk/Build/Products/Debug-iphonesimulator/StripePaymentSheet.o

ExtractAppIntentsMetadata (in target 'StripePaymentSheet' from project 'Stripe')
    cd /Users/xinyufang/Library/Developer/Xcode/DerivedData/Buzz-faillbpsmponqzeruhhvskovixzk/SourcePackages/checkouts/stripe-ios-spm
    /Applications/Xcode.app/Contents/Developer/Toolchains/XcodeDefault.xctoolchain/usr/bin/appintentsmetadataprocessor --toolchain-dir /Applications/Xcode.app/Contents/Developer/Toolchains/XcodeDefault.xctoolchain --module-name StripePaymentSheet --sdk-root /Applications/Xcode.app/Contents/Developer/Platforms/iPhoneSimulator.platform/Developer/SDKs/iPhoneSimulator26.2.sdk --xcode-version 17C52 --platform-family iOS --deployment-target 13.0 --bundle-identifier stripe-ios-spm.StripePaymentSheet --output /Users/xinyufang/Library/Developer/Xcode/DerivedData/Buzz-faillbpsmponqzeruhhvskovixzk/Build/Products/Debug-iphonesimulator/StripePaymentSheet.appintents --target-triple arm64-apple-ios13.0-simulator --binary-file /Users/xinyufang/Library/Developer/Xcode/DerivedData/Buzz-faillbpsmponqzeruhhvskovixzk/Build/Products/Debug-iphonesimulator/StripePaymentSheet.o --dependency-file /Users/xinyufang/Library/Developer/Xcode/DerivedData/Buzz-faillbpsmponqzeruhhvskovixzk/Build/Intermediates.noindex/Stripe.build/Debug-iphonesimulator/StripePaymentSheet.build/Objects-normal/arm64/StripePaymentSheet_dependency_info.dat --stringsdata-file /Users/xinyufang/Library/Developer/Xcode/DerivedData/Buzz-faillbpsmponqzeruhhvskovixzk/Build/Intermediates.noindex/Stripe.build/Debug-iphonesimulator/StripePaymentSheet.build/Objects-normal/arm64/ExtractedAppShortcutsMetadata.stringsdata --source-file-list /Users/xinyufang/Library/Developer/Xcode/DerivedData/Buzz-faillbpsmponqzeruhhvskovixzk/Build/Intermediates.noindex/Stripe.build/Debug-iphonesimulator/StripePaymentSheet.build/Objects-normal/arm64/StripePaymentSheet.SwiftFileList --metadata-file-list /Users/xinyufang/Library/Developer/Xcode/DerivedData/Buzz-faillbpsmponqzeruhhvskovixzk/Build/Intermediates.noindex/Stripe.build/Debug-iphonesimulator/StripePaymentSheet.build/StripePaymentSheet.DependencyMetadataFileList --static-metadata-file-list /Users/xinyufang/Library/Developer/Xcode/DerivedData/Buzz-faillbpsmponqzeruhhvskovixzk/Build/Intermediates.noindex/Stripe.build/Debug-iphonesimulator/StripePaymentSheet.build/StripePaymentSheet.DependencyStaticMetadataFileList --swift-const-vals-list /Users/xinyufang/Library/Developer/Xcode/DerivedData/Buzz-faillbpsmponqzeruhhvskovixzk/Build/Intermediates.noindex/Stripe.build/Debug-iphonesimulator/StripePaymentSheet.build/Objects-normal/arm64/StripePaymentSheet.SwiftConstValuesFileList --force --compile-time-extraction --deployment-aware-processing --validate-assistant-intents --no-app-shortcuts-localization
2026-01-17 23:39:34.509 appintentsmetadataprocessor[99499:10447475] Starting appintentsmetadataprocessor export
2026-01-17 23:39:34.645 appintentsmetadataprocessor[99499:10447475] Extracted no relevant App Intents symbols, skipping writing output

RegisterExecutionPolicyException /Users/xinyufang/Library/Developer/Xcode/DerivedData/Buzz-faillbpsmponqzeruhhvskovixzk/Build/Products/Debug-iphonesimulator/StripePaymentSheet.o (in target 'StripePaymentSheet' from project 'Stripe')
    cd /Users/xinyufang/Library/Developer/Xcode/DerivedData/Buzz-faillbpsmponqzeruhhvskovixzk/SourcePackages/checkouts/stripe-ios-spm
    builtin-RegisterExecutionPolicyException /Users/xinyufang/Library/Developer/Xcode/DerivedData/Buzz-faillbpsmponqzeruhhvskovixzk/Build/Products/Debug-iphonesimulator/StripePaymentSheet.o

ProcessInfoPlistFile /Users/xinyufang/Library/Developer/Xcode/DerivedData/Buzz-faillbpsmponqzeruhhvskovixzk/Build/Products/Debug-iphonesimulator/GoogleSignIn_GoogleSignIn.bundle/Info.plist /Users/xinyufang/Library/Developer/Xcode/DerivedData/Buzz-faillbpsmponqzeruhhvskovixzk/Build/Intermediates.noindex/GoogleSignIn.build/Debug-iphonesimulator/GoogleSignIn_GoogleSignIn.build/empty-GoogleSignIn_GoogleSignIn.plist (in target 'GoogleSignIn_GoogleSignIn' from project 'GoogleSignIn')
    cd /Users/xinyufang/Library/Developer/Xcode/DerivedData/Buzz-faillbpsmponqzeruhhvskovixzk/SourcePackages/checkouts/GoogleSignIn-iOS
    builtin-infoPlistUtility /Users/xinyufang/Library/Developer/Xcode/DerivedData/Buzz-faillbpsmponqzeruhhvskovixzk/Build/Intermediates.noindex/GoogleSignIn.build/Debug-iphonesimulator/GoogleSignIn_GoogleSignIn.build/empty-GoogleSignIn_GoogleSignIn.plist -producttype com.apple.product-type.bundle -expandbuildsettings -format binary -platform iphonesimulator -o /Users/xinyufang/Library/Developer/Xcode/DerivedData/Buzz-faillbpsmponqzeruhhvskovixzk/Build/Products/Debug-iphonesimulator/GoogleSignIn_GoogleSignIn.bundle/Info.plist

ProcessInfoPlistFile /Users/xinyufang/Library/Developer/Xcode/DerivedData/Buzz-faillbpsmponqzeruhhvskovixzk/Build/Products/Debug-iphonesimulator/GTMSessionFetcher_GTMSessionFetcherCore.bundle/Info.plist /Users/xinyufang/Library/Developer/Xcode/DerivedData/Buzz-faillbpsmponqzeruhhvskovixzk/Build/Intermediates.noindex/GTMSessionFetcher.build/Debug-iphonesimulator/GTMSessionFetcher_GTMSessionFetcherCore.build/empty-GTMSessionFetcher_GTMSessionFetcherCore.plist (in target 'GTMSessionFetcher_GTMSessionFetcherCore' from project 'GTMSessionFetcher')
    cd /Users/xinyufang/Library/Developer/Xcode/DerivedData/Buzz-faillbpsmponqzeruhhvskovixzk/SourcePackages/checkouts/gtm-session-fetcher
    builtin-infoPlistUtility /Users/xinyufang/Library/Developer/Xcode/DerivedData/Buzz-faillbpsmponqzeruhhvskovixzk/Build/Intermediates.noindex/GTMSessionFetcher.build/Debug-iphonesimulator/GTMSessionFetcher_GTMSessionFetcherCore.build/empty-GTMSessionFetcher_GTMSessionFetcherCore.plist -producttype com.apple.product-type.bundle -expandbuildsettings -format binary -platform iphonesimulator -o /Users/xinyufang/Library/Developer/Xcode/DerivedData/Buzz-faillbpsmponqzeruhhvskovixzk/Build/Products/Debug-iphonesimulator/GTMSessionFetcher_GTMSessionFetcherCore.bundle/Info.plist

Ld /Users/xinyufang/Library/Developer/Xcode/DerivedData/Buzz-faillbpsmponqzeruhhvskovixzk/Build/Products/Debug-iphonesimulator/GTMSessionFetcherCore.o normal (in target 'GTMSessionFetcherCore' from project 'GTMSessionFetcher')
    cd /Users/xinyufang/Library/Developer/Xcode/DerivedData/Buzz-faillbpsmponqzeruhhvskovixzk/SourcePackages/checkouts/gtm-session-fetcher
    /Applications/Xcode.app/Contents/Developer/Toolchains/XcodeDefault.xctoolchain/usr/bin/clang -Xlinker -reproducible -target arm64-apple-ios12.0-simulator -r -isysroot /Applications/Xcode.app/Contents/Developer/Platforms/iPhoneSimulator.platform/Developer/SDKs/iPhoneSimulator26.2.sdk -O0 -w -L/Users/xinyufang/Library/Developer/Xcode/DerivedData/Buzz-faillbpsmponqzeruhhvskovixzk/Build/Intermediates.noindex/EagerLinkingTBDs/Debug-iphonesimulator -L/Users/xinyufang/Library/Developer/Xcode/DerivedData/Buzz-faillbpsmponqzeruhhvskovixzk/Build/Products/Debug-iphonesimulator -L/Applications/Xcode.app/Contents/Developer/Platforms/iPhoneSimulator.platform/Developer/usr/lib -F/Users/xinyufang/Library/Developer/Xcode/DerivedData/Buzz-faillbpsmponqzeruhhvskovixzk/Build/Intermediates.noindex/EagerLinkingTBDs/Debug-iphonesimulator -F/Users/xinyufang/Library/Developer/Xcode/DerivedData/Buzz-faillbpsmponqzeruhhvskovixzk/Build/Products/Debug-iphonesimulator -iframework /Applications/Xcode.app/Contents/Developer/Platforms/iPhoneSimulator.platform/Developer/Library/Frameworks -iframework /Applications/Xcode.app/Contents/Developer/Platforms/iPhoneSimulator.platform/Developer/SDKs/iPhoneSimulator26.2.sdk/Developer/Library/Frameworks -filelist /Users/xinyufang/Library/Developer/Xcode/DerivedData/Buzz-faillbpsmponqzeruhhvskovixzk/Build/Intermediates.noindex/GTMSessionFetcher.build/Debug-iphonesimulator/GTMSessionFetcherCore.build/Objects-normal/arm64/GTMSessionFetcherCore.LinkFileList -nostdlib -Xlinker -object_path_lto -Xlinker /Users/xinyufang/Library/Developer/Xcode/DerivedData/Buzz-faillbpsmponqzeruhhvskovixzk/Build/Intermediates.noindex/GTMSessionFetcher.build/Debug-iphonesimulator/GTMSessionFetcherCore.build/Objects-normal/arm64/GTMSessionFetcherCore_lto.o -rdynamic -Xlinker -no_deduplicate -Xlinker -objc_abi_version -Xlinker 2 -Xlinker -debug_variant -Xlinker -dependency_info -Xlinker /Users/xinyufang/Library/Developer/Xcode/DerivedData/Buzz-faillbpsmponqzeruhhvskovixzk/Build/Intermediates.noindex/GTMSessionFetcher.build/Debug-iphonesimulator/GTMSessionFetcherCore.build/Objects-normal/arm64/GTMSessionFetcherCore_dependency_info.dat -fobjc-arc -fobjc-link-runtime -o /Users/xinyufang/Library/Developer/Xcode/DerivedData/Buzz-faillbpsmponqzeruhhvskovixzk/Build/Products/Debug-iphonesimulator/GTMSessionFetcherCore.o

RegisterExecutionPolicyException /Users/xinyufang/Library/Developer/Xcode/DerivedData/Buzz-faillbpsmponqzeruhhvskovixzk/Build/Products/Debug-iphonesimulator/GTMSessionFetcherCore.o (in target 'GTMSessionFetcherCore' from project 'GTMSessionFetcher')
    cd /Users/xinyufang/Library/Developer/Xcode/DerivedData/Buzz-faillbpsmponqzeruhhvskovixzk/SourcePackages/checkouts/gtm-session-fetcher
    builtin-RegisterExecutionPolicyException /Users/xinyufang/Library/Developer/Xcode/DerivedData/Buzz-faillbpsmponqzeruhhvskovixzk/Build/Products/Debug-iphonesimulator/GTMSessionFetcherCore.o

ProcessInfoPlistFile /Users/xinyufang/Library/Developer/Xcode/DerivedData/Buzz-faillbpsmponqzeruhhvskovixzk/Build/Products/Debug-iphonesimulator/AppAuth_AppAuthCore.bundle/Info.plist /Users/xinyufang/Library/Developer/Xcode/DerivedData/Buzz-faillbpsmponqzeruhhvskovixzk/Build/Intermediates.noindex/AppAuth.build/Debug-iphonesimulator/AppAuth_AppAuthCore.build/empty-AppAuth_AppAuthCore.plist (in target 'AppAuth_AppAuthCore' from project 'AppAuth')
    cd /Users/xinyufang/Library/Developer/Xcode/DerivedData/Buzz-faillbpsmponqzeruhhvskovixzk/SourcePackages/checkouts/AppAuth-iOS
    builtin-infoPlistUtility /Users/xinyufang/Library/Developer/Xcode/DerivedData/Buzz-faillbpsmponqzeruhhvskovixzk/Build/Intermediates.noindex/AppAuth.build/Debug-iphonesimulator/AppAuth_AppAuthCore.build/empty-AppAuth_AppAuthCore.plist -producttype com.apple.product-type.bundle -expandbuildsettings -format binary -platform iphonesimulator -o /Users/xinyufang/Library/Developer/Xcode/DerivedData/Buzz-faillbpsmponqzeruhhvskovixzk/Build/Products/Debug-iphonesimulator/AppAuth_AppAuthCore.bundle/Info.plist

Ld /Users/xinyufang/Library/Developer/Xcode/DerivedData/Buzz-faillbpsmponqzeruhhvskovixzk/Build/Products/Debug-iphonesimulator/AppAuthCore.o normal (in target 'AppAuthCore' from project 'AppAuth')
    cd /Users/xinyufang/Library/Developer/Xcode/DerivedData/Buzz-faillbpsmponqzeruhhvskovixzk/SourcePackages/checkouts/AppAuth-iOS
    /Applications/Xcode.app/Contents/Developer/Toolchains/XcodeDefault.xctoolchain/usr/bin/clang -Xlinker -reproducible -target arm64-apple-ios12.0-simulator -r -isysroot /Applications/Xcode.app/Contents/Developer/Platforms/iPhoneSimulator.platform/Developer/SDKs/iPhoneSimulator26.2.sdk -O0 -w -L/Users/xinyufang/Library/Developer/Xcode/DerivedData/Buzz-faillbpsmponqzeruhhvskovixzk/Build/Intermediates.noindex/EagerLinkingTBDs/Debug-iphonesimulator -L/Users/xinyufang/Library/Developer/Xcode/DerivedData/Buzz-faillbpsmponqzeruhhvskovixzk/Build/Products/Debug-iphonesimulator -L/Applications/Xcode.app/Contents/Developer/Platforms/iPhoneSimulator.platform/Developer/usr/lib -F/Users/xinyufang/Library/Developer/Xcode/DerivedData/Buzz-faillbpsmponqzeruhhvskovixzk/Build/Intermediates.noindex/EagerLinkingTBDs/Debug-iphonesimulator -F/Users/xinyufang/Library/Developer/Xcode/DerivedData/Buzz-faillbpsmponqzeruhhvskovixzk/Build/Products/Debug-iphonesimulator -iframework /Applications/Xcode.app/Contents/Developer/Platforms/iPhoneSimulator.platform/Developer/Library/Frameworks -iframework /Applications/Xcode.app/Contents/Developer/Platforms/iPhoneSimulator.platform/Developer/SDKs/iPhoneSimulator26.2.sdk/Developer/Library/Frameworks -filelist /Users/xinyufang/Library/Developer/Xcode/DerivedData/Buzz-faillbpsmponqzeruhhvskovixzk/Build/Intermediates.noindex/AppAuth.build/Debug-iphonesimulator/AppAuthCore.build/Objects-normal/arm64/AppAuthCore.LinkFileList -nostdlib -Xlinker -object_path_lto -Xlinker /Users/xinyufang/Library/Developer/Xcode/DerivedData/Buzz-faillbpsmponqzeruhhvskovixzk/Build/Intermediates.noindex/AppAuth.build/Debug-iphonesimulator/AppAuthCore.build/Objects-normal/arm64/AppAuthCore_lto.o -rdynamic -Xlinker -no_deduplicate -Xlinker -objc_abi_version -Xlinker 2 -Xlinker -debug_variant -Xlinker -dependency_info -Xlinker /Users/xinyufang/Library/Developer/Xcode/DerivedData/Buzz-faillbpsmponqzeruhhvskovixzk/Build/Intermediates.noindex/AppAuth.build/Debug-iphonesimulator/AppAuthCore.build/Objects-normal/arm64/AppAuthCore_dependency_info.dat -fobjc-arc -fobjc-link-runtime -o /Users/xinyufang/Library/Developer/Xcode/DerivedData/Buzz-faillbpsmponqzeruhhvskovixzk/Build/Products/Debug-iphonesimulator/AppAuthCore.o

RegisterExecutionPolicyException /Users/xinyufang/Library/Developer/Xcode/DerivedData/Buzz-faillbpsmponqzeruhhvskovixzk/Build/Products/Debug-iphonesimulator/AppAuthCore.o (in target 'AppAuthCore' from project 'AppAuth')
    cd /Users/xinyufang/Library/Developer/Xcode/DerivedData/Buzz-faillbpsmponqzeruhhvskovixzk/SourcePackages/checkouts/AppAuth-iOS
    builtin-RegisterExecutionPolicyException /Users/xinyufang/Library/Developer/Xcode/DerivedData/Buzz-faillbpsmponqzeruhhvskovixzk/Build/Products/Debug-iphonesimulator/AppAuthCore.o

ProcessInfoPlistFile /Users/xinyufang/Library/Developer/Xcode/DerivedData/Buzz-faillbpsmponqzeruhhvskovixzk/Build/Products/Debug-iphonesimulator/AppAuth_AppAuth.bundle/Info.plist /Users/xinyufang/Library/Developer/Xcode/DerivedData/Buzz-faillbpsmponqzeruhhvskovixzk/Build/Intermediates.noindex/AppAuth.build/Debug-iphonesimulator/AppAuth_AppAuth.build/empty-AppAuth_AppAuth.plist (in target 'AppAuth_AppAuth' from project 'AppAuth')
    cd /Users/xinyufang/Library/Developer/Xcode/DerivedData/Buzz-faillbpsmponqzeruhhvskovixzk/SourcePackages/checkouts/AppAuth-iOS
    builtin-infoPlistUtility /Users/xinyufang/Library/Developer/Xcode/DerivedData/Buzz-faillbpsmponqzeruhhvskovixzk/Build/Intermediates.noindex/AppAuth.build/Debug-iphonesimulator/AppAuth_AppAuth.build/empty-AppAuth_AppAuth.plist -producttype com.apple.product-type.bundle -expandbuildsettings -format binary -platform iphonesimulator -o /Users/xinyufang/Library/Developer/Xcode/DerivedData/Buzz-faillbpsmponqzeruhhvskovixzk/Build/Products/Debug-iphonesimulator/AppAuth_AppAuth.bundle/Info.plist

Ld /Users/xinyufang/Library/Developer/Xcode/DerivedData/Buzz-faillbpsmponqzeruhhvskovixzk/Build/Products/Debug-iphonesimulator/AppAuth.o normal (in target 'AppAuth' from project 'AppAuth')
    cd /Users/xinyufang/Library/Developer/Xcode/DerivedData/Buzz-faillbpsmponqzeruhhvskovixzk/SourcePackages/checkouts/AppAuth-iOS
    /Applications/Xcode.app/Contents/Developer/Toolchains/XcodeDefault.xctoolchain/usr/bin/clang -Xlinker -reproducible -target arm64-apple-ios12.0-simulator -r -isysroot /Applications/Xcode.app/Contents/Developer/Platforms/iPhoneSimulator.platform/Developer/SDKs/iPhoneSimulator26.2.sdk -O0 -w -L/Users/xinyufang/Library/Developer/Xcode/DerivedData/Buzz-faillbpsmponqzeruhhvskovixzk/Build/Intermediates.noindex/EagerLinkingTBDs/Debug-iphonesimulator -L/Users/xinyufang/Library/Developer/Xcode/DerivedData/Buzz-faillbpsmponqzeruhhvskovixzk/Build/Products/Debug-iphonesimulator -L/Applications/Xcode.app/Contents/Developer/Platforms/iPhoneSimulator.platform/Developer/usr/lib -F/Users/xinyufang/Library/Developer/Xcode/DerivedData/Buzz-faillbpsmponqzeruhhvskovixzk/Build/Intermediates.noindex/EagerLinkingTBDs/Debug-iphonesimulator -F/Users/xinyufang/Library/Developer/Xcode/DerivedData/Buzz-faillbpsmponqzeruhhvskovixzk/Build/Products/Debug-iphonesimulator/PackageFrameworks -F/Users/xinyufang/Library/Developer/Xcode/DerivedData/Buzz-faillbpsmponqzeruhhvskovixzk/Build/Products/Debug-iphonesimulator -iframework /Applications/Xcode.app/Contents/Developer/Platforms/iPhoneSimulator.platform/Developer/Library/Frameworks -iframework /Applications/Xcode.app/Contents/Developer/Platforms/iPhoneSimulator.platform/Developer/SDKs/iPhoneSimulator26.2.sdk/Developer/Library/Frameworks -filelist /Users/xinyufang/Library/Developer/Xcode/DerivedData/Buzz-faillbpsmponqzeruhhvskovixzk/Build/Intermediates.noindex/AppAuth.build/Debug-iphonesimulator/AppAuth.build/Objects-normal/arm64/AppAuth.LinkFileList -nostdlib -Xlinker -object_path_lto -Xlinker /Users/xinyufang/Library/Developer/Xcode/DerivedData/Buzz-faillbpsmponqzeruhhvskovixzk/Build/Intermediates.noindex/AppAuth.build/Debug-iphonesimulator/AppAuth.build/Objects-normal/arm64/AppAuth_lto.o -rdynamic -Xlinker -no_deduplicate -Xlinker -objc_abi_version -Xlinker 2 -Xlinker -debug_variant -Xlinker -dependency_info -Xlinker /Users/xinyufang/Library/Developer/Xcode/DerivedData/Buzz-faillbpsmponqzeruhhvskovixzk/Build/Intermediates.noindex/AppAuth.build/Debug-iphonesimulator/AppAuth.build/Objects-normal/arm64/AppAuth_dependency_info.dat -fobjc-arc -fobjc-link-runtime -o /Users/xinyufang/Library/Developer/Xcode/DerivedData/Buzz-faillbpsmponqzeruhhvskovixzk/Build/Products/Debug-iphonesimulator/AppAuth.o

RegisterExecutionPolicyException /Users/xinyufang/Library/Developer/Xcode/DerivedData/Buzz-faillbpsmponqzeruhhvskovixzk/Build/Products/Debug-iphonesimulator/AppAuth.o (in target 'AppAuth' from project 'AppAuth')
    cd /Users/xinyufang/Library/Developer/Xcode/DerivedData/Buzz-faillbpsmponqzeruhhvskovixzk/SourcePackages/checkouts/AppAuth-iOS
    builtin-RegisterExecutionPolicyException /Users/xinyufang/Library/Developer/Xcode/DerivedData/Buzz-faillbpsmponqzeruhhvskovixzk/Build/Products/Debug-iphonesimulator/AppAuth.o

ProcessInfoPlistFile /Users/xinyufang/Library/Developer/Xcode/DerivedData/Buzz-faillbpsmponqzeruhhvskovixzk/Build/Products/Debug-iphonesimulator/GTMAppAuth_GTMAppAuth.bundle/Info.plist /Users/xinyufang/Library/Developer/Xcode/DerivedData/Buzz-faillbpsmponqzeruhhvskovixzk/Build/Intermediates.noindex/GTMAppAuth.build/Debug-iphonesimulator/GTMAppAuth_GTMAppAuth.build/empty-GTMAppAuth_GTMAppAuth.plist (in target 'GTMAppAuth_GTMAppAuth' from project 'GTMAppAuth')
    cd /Users/xinyufang/Library/Developer/Xcode/DerivedData/Buzz-faillbpsmponqzeruhhvskovixzk/SourcePackages/checkouts/GTMAppAuth
    builtin-infoPlistUtility /Users/xinyufang/Library/Developer/Xcode/DerivedData/Buzz-faillbpsmponqzeruhhvskovixzk/Build/Intermediates.noindex/GTMAppAuth.build/Debug-iphonesimulator/GTMAppAuth_GTMAppAuth.build/empty-GTMAppAuth_GTMAppAuth.plist -producttype com.apple.product-type.bundle -expandbuildsettings -format binary -platform iphonesimulator -o /Users/xinyufang/Library/Developer/Xcode/DerivedData/Buzz-faillbpsmponqzeruhhvskovixzk/Build/Products/Debug-iphonesimulator/GTMAppAuth_GTMAppAuth.bundle/Info.plist

Ld /Users/xinyufang/Library/Developer/Xcode/DerivedData/Buzz-faillbpsmponqzeruhhvskovixzk/Build/Products/Debug-iphonesimulator/GTMAppAuth.o normal (in target 'GTMAppAuth' from project 'GTMAppAuth')
    cd /Users/xinyufang/Library/Developer/Xcode/DerivedData/Buzz-faillbpsmponqzeruhhvskovixzk/SourcePackages/checkouts/GTMAppAuth
    /Applications/Xcode.app/Contents/Developer/Toolchains/XcodeDefault.xctoolchain/usr/bin/clang -Xlinker -reproducible -target arm64-apple-ios12.0-simulator -r -isysroot /Applications/Xcode.app/Contents/Developer/Platforms/iPhoneSimulator.platform/Developer/SDKs/iPhoneSimulator26.2.sdk -O0 -w -L/Users/xinyufang/Library/Developer/Xcode/DerivedData/Buzz-faillbpsmponqzeruhhvskovixzk/Build/Intermediates.noindex/EagerLinkingTBDs/Debug-iphonesimulator -L/Users/xinyufang/Library/Developer/Xcode/DerivedData/Buzz-faillbpsmponqzeruhhvskovixzk/Build/Products/Debug-iphonesimulator -L/Applications/Xcode.app/Contents/Developer/Platforms/iPhoneSimulator.platform/Developer/usr/lib -F/Users/xinyufang/Library/Developer/Xcode/DerivedData/Buzz-faillbpsmponqzeruhhvskovixzk/Build/Intermediates.noindex/EagerLinkingTBDs/Debug-iphonesimulator -F/Users/xinyufang/Library/Developer/Xcode/DerivedData/Buzz-faillbpsmponqzeruhhvskovixzk/Build/Products/Debug-iphonesimulator/PackageFrameworks -F/Users/xinyufang/Library/Developer/Xcode/DerivedData/Buzz-faillbpsmponqzeruhhvskovixzk/Build/Products/Debug-iphonesimulator/PackageFrameworks -F/Users/xinyufang/Library/Developer/Xcode/DerivedData/Buzz-faillbpsmponqzeruhhvskovixzk/Build/Products/Debug-iphonesimulator -iframework /Applications/Xcode.app/Contents/Developer/Platforms/iPhoneSimulator.platform/Developer/Library/Frameworks -iframework /Applications/Xcode.app/Contents/Developer/Platforms/iPhoneSimulator.platform/Developer/SDKs/iPhoneSimulator26.2.sdk/Developer/Library/Frameworks -filelist /Users/xinyufang/Library/Developer/Xcode/DerivedData/Buzz-faillbpsmponqzeruhhvskovixzk/Build/Intermediates.noindex/GTMAppAuth.build/Debug-iphonesimulator/GTMAppAuth.build/Objects-normal/arm64/GTMAppAuth.LinkFileList -nostdlib -Xlinker -object_path_lto -Xlinker /Users/xinyufang/Library/Developer/Xcode/DerivedData/Buzz-faillbpsmponqzeruhhvskovixzk/Build/Intermediates.noindex/GTMAppAuth.build/Debug-iphonesimulator/GTMAppAuth.build/Objects-normal/arm64/GTMAppAuth_lto.o -rdynamic -Xlinker -no_deduplicate -Xlinker -objc_abi_version -Xlinker 2 -Xlinker -debug_variant -Xlinker -dependency_info -Xlinker /Users/xinyufang/Library/Developer/Xcode/DerivedData/Buzz-faillbpsmponqzeruhhvskovixzk/Build/Intermediates.noindex/GTMAppAuth.build/Debug-iphonesimulator/GTMAppAuth.build/Objects-normal/arm64/GTMAppAuth_dependency_info.dat -fobjc-link-runtime -L/Applications/Xcode.app/Contents/Developer/Toolchains/XcodeDefault.xctoolchain/usr/lib/swift/iphonesimulator -L/usr/lib/swift -Xlinker -add_ast_path -Xlinker /Users/xinyufang/Library/Developer/Xcode/DerivedData/Buzz-faillbpsmponqzeruhhvskovixzk/Build/Intermediates.noindex/GTMAppAuth.build/Debug-iphonesimulator/GTMAppAuth.build/Objects-normal/arm64/GTMAppAuth.swiftmodule @/Users/xinyufang/Library/Developer/Xcode/DerivedData/Buzz-faillbpsmponqzeruhhvskovixzk/Build/Intermediates.noindex/GTMAppAuth.build/Debug-iphonesimulator/GTMAppAuth.build/Objects-normal/arm64/GTMAppAuth-linker-args.resp -o /Users/xinyufang/Library/Developer/Xcode/DerivedData/Buzz-faillbpsmponqzeruhhvskovixzk/Build/Products/Debug-iphonesimulator/GTMAppAuth.o

ExtractAppIntentsMetadata (in target 'GTMAppAuth' from project 'GTMAppAuth')
    cd /Users/xinyufang/Library/Developer/Xcode/DerivedData/Buzz-faillbpsmponqzeruhhvskovixzk/SourcePackages/checkouts/GTMAppAuth
    /Applications/Xcode.app/Contents/Developer/Toolchains/XcodeDefault.xctoolchain/usr/bin/appintentsmetadataprocessor --toolchain-dir /Applications/Xcode.app/Contents/Developer/Toolchains/XcodeDefault.xctoolchain --module-name GTMAppAuth --sdk-root /Applications/Xcode.app/Contents/Developer/Platforms/iPhoneSimulator.platform/Developer/SDKs/iPhoneSimulator26.2.sdk --xcode-version 17C52 --platform-family iOS --deployment-target 12.0 --bundle-identifier gtmappauth.GTMAppAuth --output /Users/xinyufang/Library/Developer/Xcode/DerivedData/Buzz-faillbpsmponqzeruhhvskovixzk/Build/Products/Debug-iphonesimulator/GTMAppAuth.appintents --target-triple arm64-apple-ios12.0-simulator --binary-file /Users/xinyufang/Library/Developer/Xcode/DerivedData/Buzz-faillbpsmponqzeruhhvskovixzk/Build/Products/Debug-iphonesimulator/GTMAppAuth.o --dependency-file /Users/xinyufang/Library/Developer/Xcode/DerivedData/Buzz-faillbpsmponqzeruhhvskovixzk/Build/Intermediates.noindex/GTMAppAuth.build/Debug-iphonesimulator/GTMAppAuth.build/Objects-normal/arm64/GTMAppAuth_dependency_info.dat --stringsdata-file /Users/xinyufang/Library/Developer/Xcode/DerivedData/Buzz-faillbpsmponqzeruhhvskovixzk/Build/Intermediates.noindex/GTMAppAuth.build/Debug-iphonesimulator/GTMAppAuth.build/Objects-normal/arm64/ExtractedAppShortcutsMetadata.stringsdata --source-file-list /Users/xinyufang/Library/Developer/Xcode/DerivedData/Buzz-faillbpsmponqzeruhhvskovixzk/Build/Intermediates.noindex/GTMAppAuth.build/Debug-iphonesimulator/GTMAppAuth.build/Objects-normal/arm64/GTMAppAuth.SwiftFileList --metadata-file-list /Users/xinyufang/Library/Developer/Xcode/DerivedData/Buzz-faillbpsmponqzeruhhvskovixzk/Build/Intermediates.noindex/GTMAppAuth.build/Debug-iphonesimulator/GTMAppAuth.build/GTMAppAuth.DependencyMetadataFileList --static-metadata-file-list /Users/xinyufang/Library/Developer/Xcode/DerivedData/Buzz-faillbpsmponqzeruhhvskovixzk/Build/Intermediates.noindex/GTMAppAuth.build/Debug-iphonesimulator/GTMAppAuth.build/GTMAppAuth.DependencyStaticMetadataFileList --swift-const-vals-list /Users/xinyufang/Library/Developer/Xcode/DerivedData/Buzz-faillbpsmponqzeruhhvskovixzk/Build/Intermediates.noindex/GTMAppAuth.build/Debug-iphonesimulator/GTMAppAuth.build/Objects-normal/arm64/GTMAppAuth.SwiftConstValuesFileList --force --compile-time-extraction --deployment-aware-processing --validate-assistant-intents --no-app-shortcuts-localization
2026-01-17 23:39:34.947 appintentsmetadataprocessor[99509:10447527] Starting appintentsmetadataprocessor export
2026-01-17 23:39:35.043 appintentsmetadataprocessor[99509:10447527] Extracted no relevant App Intents symbols, skipping writing output

RegisterExecutionPolicyException /Users/xinyufang/Library/Developer/Xcode/DerivedData/Buzz-faillbpsmponqzeruhhvskovixzk/Build/Products/Debug-iphonesimulator/GTMAppAuth.o (in target 'GTMAppAuth' from project 'GTMAppAuth')
    cd /Users/xinyufang/Library/Developer/Xcode/DerivedData/Buzz-faillbpsmponqzeruhhvskovixzk/SourcePackages/checkouts/GTMAppAuth
    builtin-RegisterExecutionPolicyException /Users/xinyufang/Library/Developer/Xcode/DerivedData/Buzz-faillbpsmponqzeruhhvskovixzk/Build/Products/Debug-iphonesimulator/GTMAppAuth.o

Ld /Users/xinyufang/Library/Developer/Xcode/DerivedData/Buzz-faillbpsmponqzeruhhvskovixzk/Build/Products/Debug-iphonesimulator/third-party-IsAppEncrypted.o normal (in target 'third-party-IsAppEncrypted' from project 'GoogleUtilities')
    cd /Users/xinyufang/Library/Developer/Xcode/DerivedData/Buzz-faillbpsmponqzeruhhvskovixzk/SourcePackages/checkouts/GoogleUtilities
    /Applications/Xcode.app/Contents/Developer/Toolchains/XcodeDefault.xctoolchain/usr/bin/clang -Xlinker -reproducible -target arm64-apple-ios12.0-simulator -r -isysroot /Applications/Xcode.app/Contents/Developer/Platforms/iPhoneSimulator.platform/Developer/SDKs/iPhoneSimulator26.2.sdk -O0 -w -L/Users/xinyufang/Library/Developer/Xcode/DerivedData/Buzz-faillbpsmponqzeruhhvskovixzk/Build/Intermediates.noindex/EagerLinkingTBDs/Debug-iphonesimulator -L/Users/xinyufang/Library/Developer/Xcode/DerivedData/Buzz-faillbpsmponqzeruhhvskovixzk/Build/Products/Debug-iphonesimulator -L/Applications/Xcode.app/Contents/Developer/Platforms/iPhoneSimulator.platform/Developer/usr/lib -F/Users/xinyufang/Library/Developer/Xcode/DerivedData/Buzz-faillbpsmponqzeruhhvskovixzk/Build/Intermediates.noindex/EagerLinkingTBDs/Debug-iphonesimulator -F/Users/xinyufang/Library/Developer/Xcode/DerivedData/Buzz-faillbpsmponqzeruhhvskovixzk/Build/Products/Debug-iphonesimulator -iframework /Applications/Xcode.app/Contents/Developer/Platforms/iPhoneSimulator.platform/Developer/Library/Frameworks -iframework /Applications/Xcode.app/Contents/Developer/Platforms/iPhoneSimulator.platform/Developer/SDKs/iPhoneSimulator26.2.sdk/Developer/Library/Frameworks -filelist /Users/xinyufang/Library/Developer/Xcode/DerivedData/Buzz-faillbpsmponqzeruhhvskovixzk/Build/Intermediates.noindex/GoogleUtilities.build/Debug-iphonesimulator/third-party-IsAppEncrypted.build/Objects-normal/arm64/third-party-IsAppEncrypted.LinkFileList -nostdlib -Xlinker -object_path_lto -Xlinker /Users/xinyufang/Library/Developer/Xcode/DerivedData/Buzz-faillbpsmponqzeruhhvskovixzk/Build/Intermediates.noindex/GoogleUtilities.build/Debug-iphonesimulator/third-party-IsAppEncrypted.build/Objects-normal/arm64/third-party-IsAppEncrypted_lto.o -rdynamic -Xlinker -no_deduplicate -Xlinker -objc_abi_version -Xlinker 2 -Xlinker -debug_variant -Xlinker -dependency_info -Xlinker /Users/xinyufang/Library/Developer/Xcode/DerivedData/Buzz-faillbpsmponqzeruhhvskovixzk/Build/Intermediates.noindex/GoogleUtilities.build/Debug-iphonesimulator/third-party-IsAppEncrypted.build/Objects-normal/arm64/third-party-IsAppEncrypted_dependency_info.dat -fobjc-arc -fobjc-link-runtime -o /Users/xinyufang/Library/Developer/Xcode/DerivedData/Buzz-faillbpsmponqzeruhhvskovixzk/Build/Products/Debug-iphonesimulator/third-party-IsAppEncrypted.o

RegisterExecutionPolicyException /Users/xinyufang/Library/Developer/Xcode/DerivedData/Buzz-faillbpsmponqzeruhhvskovixzk/Build/Products/Debug-iphonesimulator/third-party-IsAppEncrypted.o (in target 'third-party-IsAppEncrypted' from project 'GoogleUtilities')
    cd /Users/xinyufang/Library/Developer/Xcode/DerivedData/Buzz-faillbpsmponqzeruhhvskovixzk/SourcePackages/checkouts/GoogleUtilities
    builtin-RegisterExecutionPolicyException /Users/xinyufang/Library/Developer/Xcode/DerivedData/Buzz-faillbpsmponqzeruhhvskovixzk/Build/Products/Debug-iphonesimulator/third-party-IsAppEncrypted.o

ProcessInfoPlistFile /Users/xinyufang/Library/Developer/Xcode/DerivedData/Buzz-faillbpsmponqzeruhhvskovixzk/Build/Products/Debug-iphonesimulator/GoogleUtilities_GoogleUtilities-Environment.bundle/Info.plist /Users/xinyufang/Library/Developer/Xcode/DerivedData/Buzz-faillbpsmponqzeruhhvskovixzk/Build/Intermediates.noindex/GoogleUtilities.build/Debug-iphonesimulator/GoogleUtilities_GoogleUtilities-Environment.build/empty-GoogleUtilities_GoogleUtilities-Environment.plist (in target 'GoogleUtilities_GoogleUtilities-Environment' from project 'GoogleUtilities')
    cd /Users/xinyufang/Library/Developer/Xcode/DerivedData/Buzz-faillbpsmponqzeruhhvskovixzk/SourcePackages/checkouts/GoogleUtilities
    builtin-infoPlistUtility /Users/xinyufang/Library/Developer/Xcode/DerivedData/Buzz-faillbpsmponqzeruhhvskovixzk/Build/Intermediates.noindex/GoogleUtilities.build/Debug-iphonesimulator/GoogleUtilities_GoogleUtilities-Environment.build/empty-GoogleUtilities_GoogleUtilities-Environment.plist -producttype com.apple.product-type.bundle -expandbuildsettings -format binary -platform iphonesimulator -o /Users/xinyufang/Library/Developer/Xcode/DerivedData/Buzz-faillbpsmponqzeruhhvskovixzk/Build/Products/Debug-iphonesimulator/GoogleUtilities_GoogleUtilities-Environment.bundle/Info.plist

Ld /Users/xinyufang/Library/Developer/Xcode/DerivedData/Buzz-faillbpsmponqzeruhhvskovixzk/Build/Products/Debug-iphonesimulator/GoogleUtilities-Environment.o normal (in target 'GoogleUtilities-Environment' from project 'GoogleUtilities')
    cd /Users/xinyufang/Library/Developer/Xcode/DerivedData/Buzz-faillbpsmponqzeruhhvskovixzk/SourcePackages/checkouts/GoogleUtilities
    /Applications/Xcode.app/Contents/Developer/Toolchains/XcodeDefault.xctoolchain/usr/bin/clang -Xlinker -reproducible -target arm64-apple-ios12.0-simulator -r -isysroot /Applications/Xcode.app/Contents/Developer/Platforms/iPhoneSimulator.platform/Developer/SDKs/iPhoneSimulator26.2.sdk -O0 -w -L/Users/xinyufang/Library/Developer/Xcode/DerivedData/Buzz-faillbpsmponqzeruhhvskovixzk/Build/Intermediates.noindex/EagerLinkingTBDs/Debug-iphonesimulator -L/Users/xinyufang/Library/Developer/Xcode/DerivedData/Buzz-faillbpsmponqzeruhhvskovixzk/Build/Products/Debug-iphonesimulator -L/Applications/Xcode.app/Contents/Developer/Platforms/iPhoneSimulator.platform/Developer/usr/lib -F/Users/xinyufang/Library/Developer/Xcode/DerivedData/Buzz-faillbpsmponqzeruhhvskovixzk/Build/Intermediates.noindex/EagerLinkingTBDs/Debug-iphonesimulator -F/Users/xinyufang/Library/Developer/Xcode/DerivedData/Buzz-faillbpsmponqzeruhhvskovixzk/Build/Products/Debug-iphonesimulator/PackageFrameworks -F/Users/xinyufang/Library/Developer/Xcode/DerivedData/Buzz-faillbpsmponqzeruhhvskovixzk/Build/Products/Debug-iphonesimulator -iframework /Applications/Xcode.app/Contents/Developer/Platforms/iPhoneSimulator.platform/Developer/Library/Frameworks -iframework /Applications/Xcode.app/Contents/Developer/Platforms/iPhoneSimulator.platform/Developer/SDKs/iPhoneSimulator26.2.sdk/Developer/Library/Frameworks -filelist /Users/xinyufang/Library/Developer/Xcode/DerivedData/Buzz-faillbpsmponqzeruhhvskovixzk/Build/Intermediates.noindex/GoogleUtilities.build/Debug-iphonesimulator/GoogleUtilities-Environment.build/Objects-normal/arm64/GoogleUtilities-Environment.LinkFileList -nostdlib -Xlinker -object_path_lto -Xlinker /Users/xinyufang/Library/Developer/Xcode/DerivedData/Buzz-faillbpsmponqzeruhhvskovixzk/Build/Intermediates.noindex/GoogleUtilities.build/Debug-iphonesimulator/GoogleUtilities-Environment.build/Objects-normal/arm64/GoogleUtilities-Environment_lto.o -rdynamic -Xlinker -no_deduplicate -Xlinker -objc_abi_version -Xlinker 2 -Xlinker -debug_variant -Xlinker -dependency_info -Xlinker /Users/xinyufang/Library/Developer/Xcode/DerivedData/Buzz-faillbpsmponqzeruhhvskovixzk/Build/Intermediates.noindex/GoogleUtilities.build/Debug-iphonesimulator/GoogleUtilities-Environment.build/Objects-normal/arm64/GoogleUtilities-Environment_dependency_info.dat -fobjc-arc -fobjc-link-runtime -o /Users/xinyufang/Library/Developer/Xcode/DerivedData/Buzz-faillbpsmponqzeruhhvskovixzk/Build/Products/Debug-iphonesimulator/GoogleUtilities-Environment.o

RegisterExecutionPolicyException /Users/xinyufang/Library/Developer/Xcode/DerivedData/Buzz-faillbpsmponqzeruhhvskovixzk/Build/Products/Debug-iphonesimulator/GoogleUtilities-Environment.o (in target 'GoogleUtilities-Environment' from project 'GoogleUtilities')
    cd /Users/xinyufang/Library/Developer/Xcode/DerivedData/Buzz-faillbpsmponqzeruhhvskovixzk/SourcePackages/checkouts/GoogleUtilities
    builtin-RegisterExecutionPolicyException /Users/xinyufang/Library/Developer/Xcode/DerivedData/Buzz-faillbpsmponqzeruhhvskovixzk/Build/Products/Debug-iphonesimulator/GoogleUtilities-Environment.o

ProcessInfoPlistFile /Users/xinyufang/Library/Developer/Xcode/DerivedData/Buzz-faillbpsmponqzeruhhvskovixzk/Build/Products/Debug-iphonesimulator/Promises_FBLPromises.bundle/Info.plist /Users/xinyufang/Library/Developer/Xcode/DerivedData/Buzz-faillbpsmponqzeruhhvskovixzk/Build/Intermediates.noindex/Promises.build/Debug-iphonesimulator/Promises_FBLPromises.build/empty-Promises_FBLPromises.plist (in target 'Promises_FBLPromises' from project 'Promises')
    cd /Users/xinyufang/Library/Developer/Xcode/DerivedData/Buzz-faillbpsmponqzeruhhvskovixzk/SourcePackages/checkouts/promises
    builtin-infoPlistUtility /Users/xinyufang/Library/Developer/Xcode/DerivedData/Buzz-faillbpsmponqzeruhhvskovixzk/Build/Intermediates.noindex/Promises.build/Debug-iphonesimulator/Promises_FBLPromises.build/empty-Promises_FBLPromises.plist -producttype com.apple.product-type.bundle -expandbuildsettings -format binary -platform iphonesimulator -o /Users/xinyufang/Library/Developer/Xcode/DerivedData/Buzz-faillbpsmponqzeruhhvskovixzk/Build/Products/Debug-iphonesimulator/Promises_FBLPromises.bundle/Info.plist

Ld /Users/xinyufang/Library/Developer/Xcode/DerivedData/Buzz-faillbpsmponqzeruhhvskovixzk/Build/Products/Debug-iphonesimulator/FBLPromises.o normal (in target 'FBLPromises' from project 'Promises')
    cd /Users/xinyufang/Library/Developer/Xcode/DerivedData/Buzz-faillbpsmponqzeruhhvskovixzk/SourcePackages/checkouts/promises
    /Applications/Xcode.app/Contents/Developer/Toolchains/XcodeDefault.xctoolchain/usr/bin/clang -Xlinker -reproducible -target arm64-apple-ios12.0-simulator -r -isysroot /Applications/Xcode.app/Contents/Developer/Platforms/iPhoneSimulator.platform/Developer/SDKs/iPhoneSimulator26.2.sdk -O0 -w -L/Users/xinyufang/Library/Developer/Xcode/DerivedData/Buzz-faillbpsmponqzeruhhvskovixzk/Build/Intermediates.noindex/EagerLinkingTBDs/Debug-iphonesimulator -L/Users/xinyufang/Library/Developer/Xcode/DerivedData/Buzz-faillbpsmponqzeruhhvskovixzk/Build/Products/Debug-iphonesimulator -L/Applications/Xcode.app/Contents/Developer/Platforms/iPhoneSimulator.platform/Developer/usr/lib -F/Users/xinyufang/Library/Developer/Xcode/DerivedData/Buzz-faillbpsmponqzeruhhvskovixzk/Build/Intermediates.noindex/EagerLinkingTBDs/Debug-iphonesimulator -F/Users/xinyufang/Library/Developer/Xcode/DerivedData/Buzz-faillbpsmponqzeruhhvskovixzk/Build/Products/Debug-iphonesimulator -iframework /Applications/Xcode.app/Contents/Developer/Platforms/iPhoneSimulator.platform/Developer/Library/Frameworks -iframework /Applications/Xcode.app/Contents/Developer/Platforms/iPhoneSimulator.platform/Developer/SDKs/iPhoneSimulator26.2.sdk/Developer/Library/Frameworks -filelist /Users/xinyufang/Library/Developer/Xcode/DerivedData/Buzz-faillbpsmponqzeruhhvskovixzk/Build/Intermediates.noindex/Promises.build/Debug-iphonesimulator/FBLPromises.build/Objects-normal/arm64/FBLPromises.LinkFileList -nostdlib -Xlinker -object_path_lto -Xlinker /Users/xinyufang/Library/Developer/Xcode/DerivedData/Buzz-faillbpsmponqzeruhhvskovixzk/Build/Intermediates.noindex/Promises.build/Debug-iphonesimulator/FBLPromises.build/Objects-normal/arm64/FBLPromises_lto.o -rdynamic -Xlinker -no_deduplicate -Xlinker -objc_abi_version -Xlinker 2 -Xlinker -debug_variant -Xlinker -dependency_info -Xlinker /Users/xinyufang/Library/Developer/Xcode/DerivedData/Buzz-faillbpsmponqzeruhhvskovixzk/Build/Intermediates.noindex/Promises.build/Debug-iphonesimulator/FBLPromises.build/Objects-normal/arm64/FBLPromises_dependency_info.dat -fobjc-arc -fobjc-link-runtime -o /Users/xinyufang/Library/Developer/Xcode/DerivedData/Buzz-faillbpsmponqzeruhhvskovixzk/Build/Products/Debug-iphonesimulator/FBLPromises.o

RegisterExecutionPolicyException /Users/xinyufang/Library/Developer/Xcode/DerivedData/Buzz-faillbpsmponqzeruhhvskovixzk/Build/Products/Debug-iphonesimulator/FBLPromises.o (in target 'FBLPromises' from project 'Promises')
    cd /Users/xinyufang/Library/Developer/Xcode/DerivedData/Buzz-faillbpsmponqzeruhhvskovixzk/SourcePackages/checkouts/promises
    builtin-RegisterExecutionPolicyException /Users/xinyufang/Library/Developer/Xcode/DerivedData/Buzz-faillbpsmponqzeruhhvskovixzk/Build/Products/Debug-iphonesimulator/FBLPromises.o

ProcessInfoPlistFile /Users/xinyufang/Library/Developer/Xcode/DerivedData/Buzz-faillbpsmponqzeruhhvskovixzk/Build/Products/Debug-iphonesimulator/GoogleUtilities_GoogleUtilities-UserDefaults.bundle/Info.plist /Users/xinyufang/Library/Developer/Xcode/DerivedData/Buzz-faillbpsmponqzeruhhvskovixzk/Build/Intermediates.noindex/GoogleUtilities.build/Debug-iphonesimulator/GoogleUtilities_GoogleUtilities-UserDefaults.build/empty-GoogleUtilities_GoogleUtilities-UserDefaults.plist (in target 'GoogleUtilities_GoogleUtilities-UserDefaults' from project 'GoogleUtilities')
    cd /Users/xinyufang/Library/Developer/Xcode/DerivedData/Buzz-faillbpsmponqzeruhhvskovixzk/SourcePackages/checkouts/GoogleUtilities
    builtin-infoPlistUtility /Users/xinyufang/Library/Developer/Xcode/DerivedData/Buzz-faillbpsmponqzeruhhvskovixzk/Build/Intermediates.noindex/GoogleUtilities.build/Debug-iphonesimulator/GoogleUtilities_GoogleUtilities-UserDefaults.build/empty-GoogleUtilities_GoogleUtilities-UserDefaults.plist -producttype com.apple.product-type.bundle -expandbuildsettings -format binary -platform iphonesimulator -o /Users/xinyufang/Library/Developer/Xcode/DerivedData/Buzz-faillbpsmponqzeruhhvskovixzk/Build/Products/Debug-iphonesimulator/GoogleUtilities_GoogleUtilities-UserDefaults.bundle/Info.plist

ProcessInfoPlistFile /Users/xinyufang/Library/Developer/Xcode/DerivedData/Buzz-faillbpsmponqzeruhhvskovixzk/Build/Products/Debug-iphonesimulator/GoogleUtilities_GoogleUtilities-Logger.bundle/Info.plist /Users/xinyufang/Library/Developer/Xcode/DerivedData/Buzz-faillbpsmponqzeruhhvskovixzk/Build/Intermediates.noindex/GoogleUtilities.build/Debug-iphonesimulator/GoogleUtilities_GoogleUtilities-Logger.build/empty-GoogleUtilities_GoogleUtilities-Logger.plist (in target 'GoogleUtilities_GoogleUtilities-Logger' from project 'GoogleUtilities')
    cd /Users/xinyufang/Library/Developer/Xcode/DerivedData/Buzz-faillbpsmponqzeruhhvskovixzk/SourcePackages/checkouts/GoogleUtilities
    builtin-infoPlistUtility /Users/xinyufang/Library/Developer/Xcode/DerivedData/Buzz-faillbpsmponqzeruhhvskovixzk/Build/Intermediates.noindex/GoogleUtilities.build/Debug-iphonesimulator/GoogleUtilities_GoogleUtilities-Logger.build/empty-GoogleUtilities_GoogleUtilities-Logger.plist -producttype com.apple.product-type.bundle -expandbuildsettings -format binary -platform iphonesimulator -o /Users/xinyufang/Library/Developer/Xcode/DerivedData/Buzz-faillbpsmponqzeruhhvskovixzk/Build/Products/Debug-iphonesimulator/GoogleUtilities_GoogleUtilities-Logger.bundle/Info.plist

Ld /Users/xinyufang/Library/Developer/Xcode/DerivedData/Buzz-faillbpsmponqzeruhhvskovixzk/Build/Products/Debug-iphonesimulator/GoogleUtilities-Logger.o normal (in target 'GoogleUtilities-Logger' from project 'GoogleUtilities')
    cd /Users/xinyufang/Library/Developer/Xcode/DerivedData/Buzz-faillbpsmponqzeruhhvskovixzk/SourcePackages/checkouts/GoogleUtilities
    /Applications/Xcode.app/Contents/Developer/Toolchains/XcodeDefault.xctoolchain/usr/bin/clang -Xlinker -reproducible -target arm64-apple-ios12.0-simulator -r -isysroot /Applications/Xcode.app/Contents/Developer/Platforms/iPhoneSimulator.platform/Developer/SDKs/iPhoneSimulator26.2.sdk -O0 -w -L/Users/xinyufang/Library/Developer/Xcode/DerivedData/Buzz-faillbpsmponqzeruhhvskovixzk/Build/Intermediates.noindex/EagerLinkingTBDs/Debug-iphonesimulator -L/Users/xinyufang/Library/Developer/Xcode/DerivedData/Buzz-faillbpsmponqzeruhhvskovixzk/Build/Products/Debug-iphonesimulator -L/Applications/Xcode.app/Contents/Developer/Platforms/iPhoneSimulator.platform/Developer/usr/lib -F/Users/xinyufang/Library/Developer/Xcode/DerivedData/Buzz-faillbpsmponqzeruhhvskovixzk/Build/Intermediates.noindex/EagerLinkingTBDs/Debug-iphonesimulator -F/Users/xinyufang/Library/Developer/Xcode/DerivedData/Buzz-faillbpsmponqzeruhhvskovixzk/Build/Products/Debug-iphonesimulator/PackageFrameworks -F/Users/xinyufang/Library/Developer/Xcode/DerivedData/Buzz-faillbpsmponqzeruhhvskovixzk/Build/Products/Debug-iphonesimulator/PackageFrameworks -F/Users/xinyufang/Library/Developer/Xcode/DerivedData/Buzz-faillbpsmponqzeruhhvskovixzk/Build/Products/Debug-iphonesimulator -iframework /Applications/Xcode.app/Contents/Developer/Platforms/iPhoneSimulator.platform/Developer/Library/Frameworks -iframework /Applications/Xcode.app/Contents/Developer/Platforms/iPhoneSimulator.platform/Developer/SDKs/iPhoneSimulator26.2.sdk/Developer/Library/Frameworks -filelist /Users/xinyufang/Library/Developer/Xcode/DerivedData/Buzz-faillbpsmponqzeruhhvskovixzk/Build/Intermediates.noindex/GoogleUtilities.build/Debug-iphonesimulator/GoogleUtilities-Logger.build/Objects-normal/arm64/GoogleUtilities-Logger.LinkFileList -nostdlib -Xlinker -object_path_lto -Xlinker /Users/xinyufang/Library/Developer/Xcode/DerivedData/Buzz-faillbpsmponqzeruhhvskovixzk/Build/Intermediates.noindex/GoogleUtilities.build/Debug-iphonesimulator/GoogleUtilities-Logger.build/Objects-normal/arm64/GoogleUtilities-Logger_lto.o -rdynamic -Xlinker -no_deduplicate -Xlinker -objc_abi_version -Xlinker 2 -Xlinker -debug_variant -Xlinker -dependency_info -Xlinker /Users/xinyufang/Library/Developer/Xcode/DerivedData/Buzz-faillbpsmponqzeruhhvskovixzk/Build/Intermediates.noindex/GoogleUtilities.build/Debug-iphonesimulator/GoogleUtilities-Logger.build/Objects-normal/arm64/GoogleUtilities-Logger_dependency_info.dat -fobjc-arc -fobjc-link-runtime -o /Users/xinyufang/Library/Developer/Xcode/DerivedData/Buzz-faillbpsmponqzeruhhvskovixzk/Build/Products/Debug-iphonesimulator/GoogleUtilities-Logger.o

RegisterExecutionPolicyException /Users/xinyufang/Library/Developer/Xcode/DerivedData/Buzz-faillbpsmponqzeruhhvskovixzk/Build/Products/Debug-iphonesimulator/GoogleUtilities-Logger.o (in target 'GoogleUtilities-Logger' from project 'GoogleUtilities')
    cd /Users/xinyufang/Library/Developer/Xcode/DerivedData/Buzz-faillbpsmponqzeruhhvskovixzk/SourcePackages/checkouts/GoogleUtilities
    builtin-RegisterExecutionPolicyException /Users/xinyufang/Library/Developer/Xcode/DerivedData/Buzz-faillbpsmponqzeruhhvskovixzk/Build/Products/Debug-iphonesimulator/GoogleUtilities-Logger.o

Ld /Users/xinyufang/Library/Developer/Xcode/DerivedData/Buzz-faillbpsmponqzeruhhvskovixzk/Build/Products/Debug-iphonesimulator/GoogleUtilities-UserDefaults.o normal (in target 'GoogleUtilities-UserDefaults' from project 'GoogleUtilities')
    cd /Users/xinyufang/Library/Developer/Xcode/DerivedData/Buzz-faillbpsmponqzeruhhvskovixzk/SourcePackages/checkouts/GoogleUtilities
    /Applications/Xcode.app/Contents/Developer/Toolchains/XcodeDefault.xctoolchain/usr/bin/clang -Xlinker -reproducible -target arm64-apple-ios12.0-simulator -r -isysroot /Applications/Xcode.app/Contents/Developer/Platforms/iPhoneSimulator.platform/Developer/SDKs/iPhoneSimulator26.2.sdk -O0 -w -L/Users/xinyufang/Library/Developer/Xcode/DerivedData/Buzz-faillbpsmponqzeruhhvskovixzk/Build/Intermediates.noindex/EagerLinkingTBDs/Debug-iphonesimulator -L/Users/xinyufang/Library/Developer/Xcode/DerivedData/Buzz-faillbpsmponqzeruhhvskovixzk/Build/Products/Debug-iphonesimulator -L/Applications/Xcode.app/Contents/Developer/Platforms/iPhoneSimulator.platform/Developer/usr/lib -F/Users/xinyufang/Library/Developer/Xcode/DerivedData/Buzz-faillbpsmponqzeruhhvskovixzk/Build/Intermediates.noindex/EagerLinkingTBDs/Debug-iphonesimulator -F/Users/xinyufang/Library/Developer/Xcode/DerivedData/Buzz-faillbpsmponqzeruhhvskovixzk/Build/Products/Debug-iphonesimulator/PackageFrameworks -F/Users/xinyufang/Library/Developer/Xcode/DerivedData/Buzz-faillbpsmponqzeruhhvskovixzk/Build/Products/Debug-iphonesimulator/PackageFrameworks -F/Users/xinyufang/Library/Developer/Xcode/DerivedData/Buzz-faillbpsmponqzeruhhvskovixzk/Build/Products/Debug-iphonesimulator/PackageFrameworks -F/Users/xinyufang/Library/Developer/Xcode/DerivedData/Buzz-faillbpsmponqzeruhhvskovixzk/Build/Products/Debug-iphonesimulator -iframework /Applications/Xcode.app/Contents/Developer/Platforms/iPhoneSimulator.platform/Developer/Library/Frameworks -iframework /Applications/Xcode.app/Contents/Developer/Platforms/iPhoneSimulator.platform/Developer/SDKs/iPhoneSimulator26.2.sdk/Developer/Library/Frameworks -filelist /Users/xinyufang/Library/Developer/Xcode/DerivedData/Buzz-faillbpsmponqzeruhhvskovixzk/Build/Intermediates.noindex/GoogleUtilities.build/Debug-iphonesimulator/GoogleUtilities-UserDefaults.build/Objects-normal/arm64/GoogleUtilities-UserDefaults.LinkFileList -nostdlib -Xlinker -object_path_lto -Xlinker /Users/xinyufang/Library/Developer/Xcode/DerivedData/Buzz-faillbpsmponqzeruhhvskovixzk/Build/Intermediates.noindex/GoogleUtilities.build/Debug-iphonesimulator/GoogleUtilities-UserDefaults.build/Objects-normal/arm64/GoogleUtilities-UserDefaults_lto.o -rdynamic -Xlinker -no_deduplicate -Xlinker -objc_abi_version -Xlinker 2 -Xlinker -debug_variant -Xlinker -dependency_info -Xlinker /Users/xinyufang/Library/Developer/Xcode/DerivedData/Buzz-faillbpsmponqzeruhhvskovixzk/Build/Intermediates.noindex/GoogleUtilities.build/Debug-iphonesimulator/GoogleUtilities-UserDefaults.build/Objects-normal/arm64/GoogleUtilities-UserDefaults_dependency_info.dat -fobjc-arc -fobjc-link-runtime -o /Users/xinyufang/Library/Developer/Xcode/DerivedData/Buzz-faillbpsmponqzeruhhvskovixzk/Build/Products/Debug-iphonesimulator/GoogleUtilities-UserDefaults.o

RegisterExecutionPolicyException /Users/xinyufang/Library/Developer/Xcode/DerivedData/Buzz-faillbpsmponqzeruhhvskovixzk/Build/Products/Debug-iphonesimulator/GoogleUtilities-UserDefaults.o (in target 'GoogleUtilities-UserDefaults' from project 'GoogleUtilities')
    cd /Users/xinyufang/Library/Developer/Xcode/DerivedData/Buzz-faillbpsmponqzeruhhvskovixzk/SourcePackages/checkouts/GoogleUtilities
    builtin-RegisterExecutionPolicyException /Users/xinyufang/Library/Developer/Xcode/DerivedData/Buzz-faillbpsmponqzeruhhvskovixzk/Build/Products/Debug-iphonesimulator/GoogleUtilities-UserDefaults.o

Ld /Users/xinyufang/Library/Developer/Xcode/DerivedData/Buzz-faillbpsmponqzeruhhvskovixzk/Build/Products/Debug-iphonesimulator/AppCheckCore.o normal (in target 'AppCheckCore' from project 'AppCheck')
    cd /Users/xinyufang/Library/Developer/Xcode/DerivedData/Buzz-faillbpsmponqzeruhhvskovixzk/SourcePackages/checkouts/app-check
    /Applications/Xcode.app/Contents/Developer/Toolchains/XcodeDefault.xctoolchain/usr/bin/clang -Xlinker -reproducible -target arm64-apple-ios12.0-simulator -r -isysroot /Applications/Xcode.app/Contents/Developer/Platforms/iPhoneSimulator.platform/Developer/SDKs/iPhoneSimulator26.2.sdk -O0 -w -L/Users/xinyufang/Library/Developer/Xcode/DerivedData/Buzz-faillbpsmponqzeruhhvskovixzk/Build/Intermediates.noindex/EagerLinkingTBDs/Debug-iphonesimulator -L/Users/xinyufang/Library/Developer/Xcode/DerivedData/Buzz-faillbpsmponqzeruhhvskovixzk/Build/Products/Debug-iphonesimulator -L/Applications/Xcode.app/Contents/Developer/Platforms/iPhoneSimulator.platform/Developer/usr/lib -F/Users/xinyufang/Library/Developer/Xcode/DerivedData/Buzz-faillbpsmponqzeruhhvskovixzk/Build/Intermediates.noindex/EagerLinkingTBDs/Debug-iphonesimulator -F/Users/xinyufang/Library/Developer/Xcode/DerivedData/Buzz-faillbpsmponqzeruhhvskovixzk/Build/Products/Debug-iphonesimulator/PackageFrameworks -F/Users/xinyufang/Library/Developer/Xcode/DerivedData/Buzz-faillbpsmponqzeruhhvskovixzk/Build/Products/Debug-iphonesimulator/PackageFrameworks -F/Users/xinyufang/Library/Developer/Xcode/DerivedData/Buzz-faillbpsmponqzeruhhvskovixzk/Build/Products/Debug-iphonesimulator/PackageFrameworks -F/Users/xinyufang/Library/Developer/Xcode/DerivedData/Buzz-faillbpsmponqzeruhhvskovixzk/Build/Products/Debug-iphonesimulator/PackageFrameworks -F/Users/xinyufang/Library/Developer/Xcode/DerivedData/Buzz-faillbpsmponqzeruhhvskovixzk/Build/Products/Debug-iphonesimulator/PackageFrameworks -F/Users/xinyufang/Library/Developer/Xcode/DerivedData/Buzz-faillbpsmponqzeruhhvskovixzk/Build/Products/Debug-iphonesimulator -iframework /Applications/Xcode.app/Contents/Developer/Platforms/iPhoneSimulator.platform/Developer/Library/Frameworks -iframework /Applications/Xcode.app/Contents/Developer/Platforms/iPhoneSimulator.platform/Developer/SDKs/iPhoneSimulator26.2.sdk/Developer/Library/Frameworks -filelist /Users/xinyufang/Library/Developer/Xcode/DerivedData/Buzz-faillbpsmponqzeruhhvskovixzk/Build/Intermediates.noindex/AppCheck.build/Debug-iphonesimulator/AppCheckCore.build/Objects-normal/arm64/AppCheckCore.LinkFileList -nostdlib -Xlinker -object_path_lto -Xlinker /Users/xinyufang/Library/Developer/Xcode/DerivedData/Buzz-faillbpsmponqzeruhhvskovixzk/Build/Intermediates.noindex/AppCheck.build/Debug-iphonesimulator/AppCheckCore.build/Objects-normal/arm64/AppCheckCore_lto.o -rdynamic -Xlinker -no_deduplicate -Xlinker -objc_abi_version -Xlinker 2 -Xlinker -debug_variant -Xlinker -dependency_info -Xlinker /Users/xinyufang/Library/Developer/Xcode/DerivedData/Buzz-faillbpsmponqzeruhhvskovixzk/Build/Intermediates.noindex/AppCheck.build/Debug-iphonesimulator/AppCheckCore.build/Objects-normal/arm64/AppCheckCore_dependency_info.dat -fobjc-arc -fobjc-link-runtime -o /Users/xinyufang/Library/Developer/Xcode/DerivedData/Buzz-faillbpsmponqzeruhhvskovixzk/Build/Products/Debug-iphonesimulator/AppCheckCore.o

RegisterExecutionPolicyException /Users/xinyufang/Library/Developer/Xcode/DerivedData/Buzz-faillbpsmponqzeruhhvskovixzk/Build/Products/Debug-iphonesimulator/AppCheckCore.o (in target 'AppCheckCore' from project 'AppCheck')
    cd /Users/xinyufang/Library/Developer/Xcode/DerivedData/Buzz-faillbpsmponqzeruhhvskovixzk/SourcePackages/checkouts/app-check
    builtin-RegisterExecutionPolicyException /Users/xinyufang/Library/Developer/Xcode/DerivedData/Buzz-faillbpsmponqzeruhhvskovixzk/Build/Products/Debug-iphonesimulator/AppCheckCore.o

Ld /Users/xinyufang/Library/Developer/Xcode/DerivedData/Buzz-faillbpsmponqzeruhhvskovixzk/Build/Products/Debug-iphonesimulator/GoogleSignIn.o normal (in target 'GoogleSignIn' from project 'GoogleSignIn')
    cd /Users/xinyufang/Library/Developer/Xcode/DerivedData/Buzz-faillbpsmponqzeruhhvskovixzk/SourcePackages/checkouts/GoogleSignIn-iOS
    /Applications/Xcode.app/Contents/Developer/Toolchains/XcodeDefault.xctoolchain/usr/bin/clang -Xlinker -reproducible -target arm64-apple-ios12.0-simulator -r -isysroot /Applications/Xcode.app/Contents/Developer/Platforms/iPhoneSimulator.platform/Developer/SDKs/iPhoneSimulator26.2.sdk -O0 -w -L/Users/xinyufang/Library/Developer/Xcode/DerivedData/Buzz-faillbpsmponqzeruhhvskovixzk/Build/Intermediates.noindex/EagerLinkingTBDs/Debug-iphonesimulator -L/Users/xinyufang/Library/Developer/Xcode/DerivedData/Buzz-faillbpsmponqzeruhhvskovixzk/Build/Products/Debug-iphonesimulator -L/Applications/Xcode.app/Contents/Developer/Platforms/iPhoneSimulator.platform/Developer/usr/lib -F/Users/xinyufang/Library/Developer/Xcode/DerivedData/Buzz-faillbpsmponqzeruhhvskovixzk/Build/Intermediates.noindex/EagerLinkingTBDs/Debug-iphonesimulator -F/Users/xinyufang/Library/Developer/Xcode/DerivedData/Buzz-faillbpsmponqzeruhhvskovixzk/Build/Products/Debug-iphonesimulator/PackageFrameworks -F/Users/xinyufang/Library/Developer/Xcode/DerivedData/Buzz-faillbpsmponqzeruhhvskovixzk/Build/Products/Debug-iphonesimulator/PackageFrameworks -F/Users/xinyufang/Library/Developer/Xcode/DerivedData/Buzz-faillbpsmponqzeruhhvskovixzk/Build/Products/Debug-iphonesimulator/PackageFrameworks -F/Users/xinyufang/Library/Developer/Xcode/DerivedData/Buzz-faillbpsmponqzeruhhvskovixzk/Build/Products/Debug-iphonesimulator/PackageFrameworks -F/Users/xinyufang/Library/Developer/Xcode/DerivedData/Buzz-faillbpsmponqzeruhhvskovixzk/Build/Products/Debug-iphonesimulator/PackageFrameworks -F/Users/xinyufang/Library/Developer/Xcode/DerivedData/Buzz-faillbpsmponqzeruhhvskovixzk/Build/Products/Debug-iphonesimulator/PackageFrameworks -F/Users/xinyufang/Library/Developer/Xcode/DerivedData/Buzz-faillbpsmponqzeruhhvskovixzk/Build/Products/Debug-iphonesimulator/PackageFrameworks -F/Users/xinyufang/Library/Developer/Xcode/DerivedData/Buzz-faillbpsmponqzeruhhvskovixzk/Build/Products/Debug-iphonesimulator/PackageFrameworks -F/Users/xinyufang/Library/Developer/Xcode/DerivedData/Buzz-faillbpsmponqzeruhhvskovixzk/Build/Products/Debug-iphonesimulator/PackageFrameworks -F/Users/xinyufang/Library/Developer/Xcode/DerivedData/Buzz-faillbpsmponqzeruhhvskovixzk/Build/Products/Debug-iphonesimulator/PackageFrameworks -F/Users/xinyufang/Library/Developer/Xcode/DerivedData/Buzz-faillbpsmponqzeruhhvskovixzk/Build/Products/Debug-iphonesimulator -iframework /Applications/Xcode.app/Contents/Developer/Platforms/iPhoneSimulator.platform/Developer/Library/Frameworks -iframework /Applications/Xcode.app/Contents/Developer/Platforms/iPhoneSimulator.platform/Developer/SDKs/iPhoneSimulator26.2.sdk/Developer/Library/Frameworks -filelist /Users/xinyufang/Library/Developer/Xcode/DerivedData/Buzz-faillbpsmponqzeruhhvskovixzk/Build/Intermediates.noindex/GoogleSignIn.build/Debug-iphonesimulator/GoogleSignIn.build/Objects-normal/arm64/GoogleSignIn.LinkFileList -nostdlib -Xlinker -object_path_lto -Xlinker /Users/xinyufang/Library/Developer/Xcode/DerivedData/Buzz-faillbpsmponqzeruhhvskovixzk/Build/Intermediates.noindex/GoogleSignIn.build/Debug-iphonesimulator/GoogleSignIn.build/Objects-normal/arm64/GoogleSignIn_lto.o -rdynamic -Xlinker -no_deduplicate -Xlinker -objc_abi_version -Xlinker 2 -Xlinker -debug_variant -Xlinker -dependency_info -Xlinker /Users/xinyufang/Library/Developer/Xcode/DerivedData/Buzz-faillbpsmponqzeruhhvskovixzk/Build/Intermediates.noindex/GoogleSignIn.build/Debug-iphonesimulator/GoogleSignIn.build/Objects-normal/arm64/GoogleSignIn_dependency_info.dat -fobjc-arc -fobjc-link-runtime -o /Users/xinyufang/Library/Developer/Xcode/DerivedData/Buzz-faillbpsmponqzeruhhvskovixzk/Build/Products/Debug-iphonesimulator/GoogleSignIn.o

RegisterExecutionPolicyException /Users/xinyufang/Library/Developer/Xcode/DerivedData/Buzz-faillbpsmponqzeruhhvskovixzk/Build/Products/Debug-iphonesimulator/GoogleSignIn.o (in target 'GoogleSignIn' from project 'GoogleSignIn')
    cd /Users/xinyufang/Library/Developer/Xcode/DerivedData/Buzz-faillbpsmponqzeruhhvskovixzk/SourcePackages/checkouts/GoogleSignIn-iOS
    builtin-RegisterExecutionPolicyException /Users/xinyufang/Library/Developer/Xcode/DerivedData/Buzz-faillbpsmponqzeruhhvskovixzk/Build/Products/Debug-iphonesimulator/GoogleSignIn.o

ProcessInfoPlistFile /Users/xinyufang/Library/Developer/Xcode/DerivedData/Buzz-faillbpsmponqzeruhhvskovixzk/Build/Products/Debug-iphonesimulator/GoogleSignIn_GoogleSignInSwift.bundle/Info.plist /Users/xinyufang/Library/Developer/Xcode/DerivedData/Buzz-faillbpsmponqzeruhhvskovixzk/Build/Intermediates.noindex/GoogleSignIn.build/Debug-iphonesimulator/GoogleSignIn_GoogleSignInSwift.build/empty-GoogleSignIn_GoogleSignInSwift.plist (in target 'GoogleSignIn_GoogleSignInSwift' from project 'GoogleSignIn')
    cd /Users/xinyufang/Library/Developer/Xcode/DerivedData/Buzz-faillbpsmponqzeruhhvskovixzk/SourcePackages/checkouts/GoogleSignIn-iOS
    builtin-infoPlistUtility /Users/xinyufang/Library/Developer/Xcode/DerivedData/Buzz-faillbpsmponqzeruhhvskovixzk/Build/Intermediates.noindex/GoogleSignIn.build/Debug-iphonesimulator/GoogleSignIn_GoogleSignInSwift.build/empty-GoogleSignIn_GoogleSignInSwift.plist -producttype com.apple.product-type.bundle -expandbuildsettings -format binary -platform iphonesimulator -o /Users/xinyufang/Library/Developer/Xcode/DerivedData/Buzz-faillbpsmponqzeruhhvskovixzk/Build/Products/Debug-iphonesimulator/GoogleSignIn_GoogleSignInSwift.bundle/Info.plist

Ld /Users/xinyufang/Library/Developer/Xcode/DerivedData/Buzz-faillbpsmponqzeruhhvskovixzk/Build/Products/Debug-iphonesimulator/GoogleSignInSwift.o normal (in target 'GoogleSignInSwift' from project 'GoogleSignIn')
    cd /Users/xinyufang/Library/Developer/Xcode/DerivedData/Buzz-faillbpsmponqzeruhhvskovixzk/SourcePackages/checkouts/GoogleSignIn-iOS
    /Applications/Xcode.app/Contents/Developer/Toolchains/XcodeDefault.xctoolchain/usr/bin/clang -Xlinker -reproducible -target arm64-apple-ios12.0-simulator -r -isysroot /Applications/Xcode.app/Contents/Developer/Platforms/iPhoneSimulator.platform/Developer/SDKs/iPhoneSimulator26.2.sdk -O0 -w -L/Users/xinyufang/Library/Developer/Xcode/DerivedData/Buzz-faillbpsmponqzeruhhvskovixzk/Build/Intermediates.noindex/EagerLinkingTBDs/Debug-iphonesimulator -L/Users/xinyufang/Library/Developer/Xcode/DerivedData/Buzz-faillbpsmponqzeruhhvskovixzk/Build/Products/Debug-iphonesimulator -L/Applications/Xcode.app/Contents/Developer/Platforms/iPhoneSimulator.platform/Developer/usr/lib -F/Users/xinyufang/Library/Developer/Xcode/DerivedData/Buzz-faillbpsmponqzeruhhvskovixzk/Build/Intermediates.noindex/EagerLinkingTBDs/Debug-iphonesimulator -F/Users/xinyufang/Library/Developer/Xcode/DerivedData/Buzz-faillbpsmponqzeruhhvskovixzk/Build/Products/Debug-iphonesimulator/PackageFrameworks -F/Users/xinyufang/Library/Developer/Xcode/DerivedData/Buzz-faillbpsmponqzeruhhvskovixzk/Build/Products/Debug-iphonesimulator/PackageFrameworks -F/Users/xinyufang/Library/Developer/Xcode/DerivedData/Buzz-faillbpsmponqzeruhhvskovixzk/Build/Products/Debug-iphonesimulator/PackageFrameworks -F/Users/xinyufang/Library/Developer/Xcode/DerivedData/Buzz-faillbpsmponqzeruhhvskovixzk/Build/Products/Debug-iphonesimulator/PackageFrameworks -F/Users/xinyufang/Library/Developer/Xcode/DerivedData/Buzz-faillbpsmponqzeruhhvskovixzk/Build/Products/Debug-iphonesimulator/PackageFrameworks -F/Users/xinyufang/Library/Developer/Xcode/DerivedData/Buzz-faillbpsmponqzeruhhvskovixzk/Build/Products/Debug-iphonesimulator/PackageFrameworks -F/Users/xinyufang/Library/Developer/Xcode/DerivedData/Buzz-faillbpsmponqzeruhhvskovixzk/Build/Products/Debug-iphonesimulator/PackageFrameworks -F/Users/xinyufang/Library/Developer/Xcode/DerivedData/Buzz-faillbpsmponqzeruhhvskovixzk/Build/Products/Debug-iphonesimulator/PackageFrameworks -F/Users/xinyufang/Library/Developer/Xcode/DerivedData/Buzz-faillbpsmponqzeruhhvskovixzk/Build/Products/Debug-iphonesimulator/PackageFrameworks -F/Users/xinyufang/Library/Developer/Xcode/DerivedData/Buzz-faillbpsmponqzeruhhvskovixzk/Build/Products/Debug-iphonesimulator/PackageFrameworks -F/Users/xinyufang/Library/Developer/Xcode/DerivedData/Buzz-faillbpsmponqzeruhhvskovixzk/Build/Products/Debug-iphonesimulator/PackageFrameworks -F/Users/xinyufang/Library/Developer/Xcode/DerivedData/Buzz-faillbpsmponqzeruhhvskovixzk/Build/Products/Debug-iphonesimulator -iframework /Applications/Xcode.app/Contents/Developer/Platforms/iPhoneSimulator.platform/Developer/Library/Frameworks -iframework /Applications/Xcode.app/Contents/Developer/Platforms/iPhoneSimulator.platform/Developer/SDKs/iPhoneSimulator26.2.sdk/Developer/Library/Frameworks -filelist /Users/xinyufang/Library/Developer/Xcode/DerivedData/Buzz-faillbpsmponqzeruhhvskovixzk/Build/Intermediates.noindex/GoogleSignIn.build/Debug-iphonesimulator/GoogleSignInSwift.build/Objects-normal/arm64/GoogleSignInSwift.LinkFileList -nostdlib -Xlinker -object_path_lto -Xlinker /Users/xinyufang/Library/Developer/Xcode/DerivedData/Buzz-faillbpsmponqzeruhhvskovixzk/Build/Intermediates.noindex/GoogleSignIn.build/Debug-iphonesimulator/GoogleSignInSwift.build/Objects-normal/arm64/GoogleSignInSwift_lto.o -rdynamic -Xlinker -no_deduplicate -Xlinker -objc_abi_version -Xlinker 2 -Xlinker -debug_variant -Xlinker -dependency_info -Xlinker /Users/xinyufang/Library/Developer/Xcode/DerivedData/Buzz-faillbpsmponqzeruhhvskovixzk/Build/Intermediates.noindex/GoogleSignIn.build/Debug-iphonesimulator/GoogleSignInSwift.build/Objects-normal/arm64/GoogleSignInSwift_dependency_info.dat -fobjc-link-runtime -L/Applications/Xcode.app/Contents/Developer/Toolchains/XcodeDefault.xctoolchain/usr/lib/swift/iphonesimulator -L/usr/lib/swift -Xlinker -add_ast_path -Xlinker /Users/xinyufang/Library/Developer/Xcode/DerivedData/Buzz-faillbpsmponqzeruhhvskovixzk/Build/Intermediates.noindex/GoogleSignIn.build/Debug-iphonesimulator/GoogleSignInSwift.build/Objects-normal/arm64/GoogleSignInSwift.swiftmodule @/Users/xinyufang/Library/Developer/Xcode/DerivedData/Buzz-faillbpsmponqzeruhhvskovixzk/Build/Intermediates.noindex/GoogleSignIn.build/Debug-iphonesimulator/GoogleSignInSwift.build/Objects-normal/arm64/GoogleSignInSwift-linker-args.resp -o /Users/xinyufang/Library/Developer/Xcode/DerivedData/Buzz-faillbpsmponqzeruhhvskovixzk/Build/Products/Debug-iphonesimulator/GoogleSignInSwift.o

ExtractAppIntentsMetadata (in target 'GoogleSignInSwift' from project 'GoogleSignIn')
    cd /Users/xinyufang/Library/Developer/Xcode/DerivedData/Buzz-faillbpsmponqzeruhhvskovixzk/SourcePackages/checkouts/GoogleSignIn-iOS
    /Applications/Xcode.app/Contents/Developer/Toolchains/XcodeDefault.xctoolchain/usr/bin/appintentsmetadataprocessor --toolchain-dir /Applications/Xcode.app/Contents/Developer/Toolchains/XcodeDefault.xctoolchain --module-name GoogleSignInSwift --sdk-root /Applications/Xcode.app/Contents/Developer/Platforms/iPhoneSimulator.platform/Developer/SDKs/iPhoneSimulator26.2.sdk --xcode-version 17C52 --platform-family iOS --deployment-target 12.0 --bundle-identifier googlesignin-ios.GoogleSignInSwift --output /Users/xinyufang/Library/Developer/Xcode/DerivedData/Buzz-faillbpsmponqzeruhhvskovixzk/Build/Products/Debug-iphonesimulator/GoogleSignInSwift.appintents --target-triple arm64-apple-ios12.0-simulator --binary-file /Users/xinyufang/Library/Developer/Xcode/DerivedData/Buzz-faillbpsmponqzeruhhvskovixzk/Build/Products/Debug-iphonesimulator/GoogleSignInSwift.o --dependency-file /Users/xinyufang/Library/Developer/Xcode/DerivedData/Buzz-faillbpsmponqzeruhhvskovixzk/Build/Intermediates.noindex/GoogleSignIn.build/Debug-iphonesimulator/GoogleSignInSwift.build/Objects-normal/arm64/GoogleSignInSwift_dependency_info.dat --stringsdata-file /Users/xinyufang/Library/Developer/Xcode/DerivedData/Buzz-faillbpsmponqzeruhhvskovixzk/Build/Intermediates.noindex/GoogleSignIn.build/Debug-iphonesimulator/GoogleSignInSwift.build/Objects-normal/arm64/ExtractedAppShortcutsMetadata.stringsdata --source-file-list /Users/xinyufang/Library/Developer/Xcode/DerivedData/Buzz-faillbpsmponqzeruhhvskovixzk/Build/Intermediates.noindex/GoogleSignIn.build/Debug-iphonesimulator/GoogleSignInSwift.build/Objects-normal/arm64/GoogleSignInSwift.SwiftFileList --metadata-file-list /Users/xinyufang/Library/Developer/Xcode/DerivedData/Buzz-faillbpsmponqzeruhhvskovixzk/Build/Intermediates.noindex/GoogleSignIn.build/Debug-iphonesimulator/GoogleSignInSwift.build/GoogleSignInSwift.DependencyMetadataFileList --static-metadata-file-list /Users/xinyufang/Library/Developer/Xcode/DerivedData/Buzz-faillbpsmponqzeruhhvskovixzk/Build/Intermediates.noindex/GoogleSignIn.build/Debug-iphonesimulator/GoogleSignInSwift.build/GoogleSignInSwift.DependencyStaticMetadataFileList --swift-const-vals-list /Users/xinyufang/Library/Developer/Xcode/DerivedData/Buzz-faillbpsmponqzeruhhvskovixzk/Build/Intermediates.noindex/GoogleSignIn.build/Debug-iphonesimulator/GoogleSignInSwift.build/Objects-normal/arm64/GoogleSignInSwift.SwiftConstValuesFileList --force --compile-time-extraction --deployment-aware-processing --validate-assistant-intents --no-app-shortcuts-localization
2026-01-17 23:39:35.513 appintentsmetadataprocessor[99538:10447623] Starting appintentsmetadataprocessor export
2026-01-17 23:39:35.610 appintentsmetadataprocessor[99538:10447623] Extracted no relevant App Intents symbols, skipping writing output

RegisterExecutionPolicyException /Users/xinyufang/Library/Developer/Xcode/DerivedData/Buzz-faillbpsmponqzeruhhvskovixzk/Build/Products/Debug-iphonesimulator/GoogleSignInSwift.o (in target 'GoogleSignInSwift' from project 'GoogleSignIn')
    cd /Users/xinyufang/Library/Developer/Xcode/DerivedData/Buzz-faillbpsmponqzeruhhvskovixzk/SourcePackages/checkouts/GoogleSignIn-iOS
    builtin-RegisterExecutionPolicyException /Users/xinyufang/Library/Developer/Xcode/DerivedData/Buzz-faillbpsmponqzeruhhvskovixzk/Build/Products/Debug-iphonesimulator/GoogleSignInSwift.o

Ld /Users/xinyufang/Library/Developer/Xcode/DerivedData/Buzz-faillbpsmponqzeruhhvskovixzk/Build/Products/Debug-iphonesimulator/Buzz.app/__preview.dylib normal (in target 'Buzz' from project 'Buzz')
    cd /Users/xinyufang/Documents/Buzz
    /Applications/Xcode.app/Contents/Developer/Toolchains/XcodeDefault.xctoolchain/usr/bin/clang -Xlinker -reproducible -target arm64-apple-ios26.0-simulator -dynamiclib -isysroot /Applications/Xcode.app/Contents/Developer/Platforms/iPhoneSimulator.platform/Developer/SDKs/iPhoneSimulator26.2.sdk -O0 -L/Users/xinyufang/Library/Developer/Xcode/DerivedData/Buzz-faillbpsmponqzeruhhvskovixzk/Build/Products/Debug-iphonesimulator -F/Users/xinyufang/Library/Developer/Xcode/DerivedData/Buzz-faillbpsmponqzeruhhvskovixzk/Build/Products/Debug-iphonesimulator/PackageFrameworks -F/Users/xinyufang/Library/Developer/Xcode/DerivedData/Buzz-faillbpsmponqzeruhhvskovixzk/Build/Products/Debug-iphonesimulator/PackageFrameworks -F/Users/xinyufang/Library/Developer/Xcode/DerivedData/Buzz-faillbpsmponqzeruhhvskovixzk/Build/Products/Debug-iphonesimulator/PackageFrameworks -F/Users/xinyufang/Library/Developer/Xcode/DerivedData/Buzz-faillbpsmponqzeruhhvskovixzk/Build/Products/Debug-iphonesimulator/PackageFrameworks -F/Users/xinyufang/Library/Developer/Xcode/DerivedData/Buzz-faillbpsmponqzeruhhvskovixzk/Build/Products/Debug-iphonesimulator/PackageFrameworks -F/Users/xinyufang/Library/Developer/Xcode/DerivedData/Buzz-faillbpsmponqzeruhhvskovixzk/Build/Products/Debug-iphonesimulator/PackageFrameworks -F/Users/xinyufang/Library/Developer/Xcode/DerivedData/Buzz-faillbpsmponqzeruhhvskovixzk/Build/Products/Debug-iphonesimulator/PackageFrameworks -F/Users/xinyufang/Library/Developer/Xcode/DerivedData/Buzz-faillbpsmponqzeruhhvskovixzk/Build/Products/Debug-iphonesimulator/PackageFrameworks -F/Users/xinyufang/Library/Developer/Xcode/DerivedData/Buzz-faillbpsmponqzeruhhvskovixzk/Build/Products/Debug-iphonesimulator/PackageFrameworks -F/Users/xinyufang/Library/Developer/Xcode/DerivedData/Buzz-faillbpsmponqzeruhhvskovixzk/Build/Products/Debug-iphonesimulator/PackageFrameworks -F/Users/xinyufang/Library/Developer/Xcode/DerivedData/Buzz-faillbpsmponqzeruhhvskovixzk/Build/Products/Debug-iphonesimulator/PackageFrameworks -F/Users/xinyufang/Library/Developer/Xcode/DerivedData/Buzz-faillbpsmponqzeruhhvskovixzk/Build/Products/Debug-iphonesimulator/PackageFrameworks -F/Users/xinyufang/Library/Developer/Xcode/DerivedData/Buzz-faillbpsmponqzeruhhvskovixzk/Build/Products/Debug-iphonesimulator/PackageFrameworks -F/Users/xinyufang/Library/Developer/Xcode/DerivedData/Buzz-faillbpsmponqzeruhhvskovixzk/Build/Products/Debug-iphonesimulator/PackageFrameworks -F/Users/xinyufang/Library/Developer/Xcode/DerivedData/Buzz-faillbpsmponqzeruhhvskovixzk/Build/Products/Debug-iphonesimulator/PackageFrameworks -F/Users/xinyufang/Library/Developer/Xcode/DerivedData/Buzz-faillbpsmponqzeruhhvskovixzk/Build/Products/Debug-iphonesimulator/PackageFrameworks -F/Users/xinyufang/Library/Developer/Xcode/DerivedData/Buzz-faillbpsmponqzeruhhvskovixzk/Build/Products/Debug-iphonesimulator/PackageFrameworks -F/Users/xinyufang/Library/Developer/Xcode/DerivedData/Buzz-faillbpsmponqzeruhhvskovixzk/Build/Products/Debug-iphonesimulator/PackageFrameworks -F/Users/xinyufang/Library/Developer/Xcode/DerivedData/Buzz-faillbpsmponqzeruhhvskovixzk/Build/Products/Debug-iphonesimulator/PackageFrameworks -F/Users/xinyufang/Library/Developer/Xcode/DerivedData/Buzz-faillbpsmponqzeruhhvskovixzk/Build/Products/Debug-iphonesimulator/PackageFrameworks -F/Users/xinyufang/Library/Developer/Xcode/DerivedData/Buzz-faillbpsmponqzeruhhvskovixzk/Build/Products/Debug-iphonesimulator/PackageFrameworks -F/Users/xinyufang/Library/Developer/Xcode/DerivedData/Buzz-faillbpsmponqzeruhhvskovixzk/Build/Products/Debug-iphonesimulator/PackageFrameworks -F/Users/xinyufang/Library/Developer/Xcode/DerivedData/Buzz-faillbpsmponqzeruhhvskovixzk/Build/Products/Debug-iphonesimulator/PackageFrameworks -F/Users/xinyufang/Library/Developer/Xcode/DerivedData/Buzz-faillbpsmponqzeruhhvskovixzk/Build/Products/Debug-iphonesimulator/PackageFrameworks -F/Users/xinyufang/Library/Developer/Xcode/DerivedData/Buzz-faillbpsmponqzeruhhvskovixzk/Build/Products/Debug-iphonesimulator/PackageFrameworks -F/Users/xinyufang/Library/Developer/Xcode/DerivedData/Buzz-faillbpsmponqzeruhhvskovixzk/Build/Products/Debug-iphonesimulator/PackageFrameworks -F/Users/xinyufang/Library/Developer/Xcode/DerivedData/Buzz-faillbpsmponqzeruhhvskovixzk/Build/Products/Debug-iphonesimulator/PackageFrameworks -F/Users/xinyufang/Library/Developer/Xcode/DerivedData/Buzz-faillbpsmponqzeruhhvskovixzk/Build/Products/Debug-iphonesimulator/PackageFrameworks -F/Users/xinyufang/Library/Developer/Xcode/DerivedData/Buzz-faillbpsmponqzeruhhvskovixzk/Build/Products/Debug-iphonesimulator/PackageFrameworks -F/Users/xinyufang/Library/Developer/Xcode/DerivedData/Buzz-faillbpsmponqzeruhhvskovixzk/Build/Products/Debug-iphonesimulator/PackageFrameworks -F/Users/xinyufang/Library/Developer/Xcode/DerivedData/Buzz-faillbpsmponqzeruhhvskovixzk/Build/Products/Debug-iphonesimulator/PackageFrameworks -F/Users/xinyufang/Library/Developer/Xcode/DerivedData/Buzz-faillbpsmponqzeruhhvskovixzk/Build/Products/Debug-iphonesimulator/PackageFrameworks -F/Users/xinyufang/Library/Developer/Xcode/DerivedData/Buzz-faillbpsmponqzeruhhvskovixzk/Build/Products/Debug-iphonesimulator/PackageFrameworks -F/Users/xinyufang/Library/Developer/Xcode/DerivedData/Buzz-faillbpsmponqzeruhhvskovixzk/Build/Products/Debug-iphonesimulator/PackageFrameworks -F/Users/xinyufang/Library/Developer/Xcode/DerivedData/Buzz-faillbpsmponqzeruhhvskovixzk/Build/Products/Debug-iphonesimulator/PackageFrameworks -F/Users/xinyufang/Library/Developer/Xcode/DerivedData/Buzz-faillbpsmponqzeruhhvskovixzk/Build/Products/Debug-iphonesimulator/PackageFrameworks -F/Users/xinyufang/Library/Developer/Xcode/DerivedData/Buzz-faillbpsmponqzeruhhvskovixzk/Build/Products/Debug-iphonesimulator/PackageFrameworks -F/Users/xinyufang/Library/Developer/Xcode/DerivedData/Buzz-faillbpsmponqzeruhhvskovixzk/Build/Products/Debug-iphonesimulator/PackageFrameworks -F/Users/xinyufang/Library/Developer/Xcode/DerivedData/Buzz-faillbpsmponqzeruhhvskovixzk/Build/Products/Debug-iphonesimulator/PackageFrameworks -F/Users/xinyufang/Library/Developer/Xcode/DerivedData/Buzz-faillbpsmponqzeruhhvskovixzk/Build/Products/Debug-iphonesimulator -install_name @rpath/Buzz.debug.dylib -dead_strip -rdynamic -Xlinker -no_deduplicate -Xlinker -objc_abi_version -Xlinker 2 -Xlinker -debug_variant -Xlinker -dependency_info -Xlinker /Users/xinyufang/Library/Developer/Xcode/DerivedData/Buzz-faillbpsmponqzeruhhvskovixzk/Build/Intermediates.noindex/Buzz.build/Debug-iphonesimulator/Buzz.build/Objects-normal/arm64/Buzz_dependency_info.dat -Xlinker -sectcreate -Xlinker __TEXT -Xlinker __entitlements -Xlinker /Users/xinyufang/Library/Developer/Xcode/DerivedData/Buzz-faillbpsmponqzeruhhvskovixzk/Build/Intermediates.noindex/Buzz.build/Debug-iphonesimulator/Buzz.build/Buzz.app-Simulated.xcent -Xlinker -sectcreate -Xlinker __TEXT -Xlinker __ents_der -Xlinker /Users/xinyufang/Library/Developer/Xcode/DerivedData/Buzz-faillbpsmponqzeruhhvskovixzk/Build/Intermediates.noindex/Buzz.build/Debug-iphonesimulator/Buzz.build/Buzz.app-Simulated.xcent.der -Xlinker -no_adhoc_codesign -o /Users/xinyufang/Library/Developer/Xcode/DerivedData/Buzz-faillbpsmponqzeruhhvskovixzk/Build/Products/Debug-iphonesimulator/Buzz.app/__preview.dylib

SwiftDriver Buzz normal arm64 com.apple.xcode.tools.swift.compiler (in target 'Buzz' from project 'Buzz')
    cd /Users/xinyufang/Documents/Buzz
    builtin-SwiftDriver -- /Applications/Xcode.app/Contents/Developer/Toolchains/XcodeDefault.xctoolchain/usr/bin/swiftc -module-name Buzz -Onone -enforce-exclusivity\=checked @/Users/xinyufang/Library/Developer/Xcode/DerivedData/Buzz-faillbpsmponqzeruhhvskovixzk/Build/Intermediates.noindex/Buzz.build/Debug-iphonesimulator/Buzz.build/Objects-normal/arm64/Buzz.SwiftFileList -DDEBUG -Xcc -fmodule-map-file\=/Users/xinyufang/Library/Developer/Xcode/DerivedData/Buzz-faillbpsmponqzeruhhvskovixzk/Build/Intermediates.noindex/GeneratedModuleMaps-iphonesimulator/AppAuth.modulemap -Xcc -fmodule-map-file\=/Users/xinyufang/Library/Developer/Xcode/DerivedData/Buzz-faillbpsmponqzeruhhvskovixzk/Build/Intermediates.noindex/GeneratedModuleMaps-iphonesimulator/AppAuthCore.modulemap -Xcc -fmodule-map-file\=/Users/xinyufang/Library/Developer/Xcode/DerivedData/Buzz-faillbpsmponqzeruhhvskovixzk/Build/Intermediates.noindex/GeneratedModuleMaps-iphonesimulator/GoogleUtilities-Logger.modulemap -Xcc -fmodule-map-file\=/Users/xinyufang/Library/Developer/Xcode/DerivedData/Buzz-faillbpsmponqzeruhhvskovixzk/Build/Intermediates.noindex/GeneratedModuleMaps-iphonesimulator/GoogleUtilities-Environment.modulemap -Xcc -fmodule-map-file\=/Users/xinyufang/Library/Developer/Xcode/DerivedData/Buzz-faillbpsmponqzeruhhvskovixzk/Build/Intermediates.noindex/GeneratedModuleMaps-iphonesimulator/third-party-IsAppEncrypted.modulemap -Xcc -fmodule-map-file\=/Users/xinyufang/Library/Developer/Xcode/DerivedData/Buzz-faillbpsmponqzeruhhvskovixzk/Build/Intermediates.noindex/GeneratedModuleMaps-iphonesimulator/GoogleUtilities-UserDefaults.modulemap -Xcc -fmodule-map-file\=/Users/xinyufang/Library/Developer/Xcode/DerivedData/Buzz-faillbpsmponqzeruhhvskovixzk/Build/Intermediates.noindex/GeneratedModuleMaps-iphonesimulator/AppCheckCore.modulemap -Xcc -fmodule-map-file\=/Users/xinyufang/Library/Developer/Xcode/DerivedData/Buzz-faillbpsmponqzeruhhvskovixzk/Build/Intermediates.noindex/GeneratedModuleMaps-iphonesimulator/GTMSessionFetcherCore.modulemap -Xcc -fmodule-map-file\=/Users/xinyufang/Library/Developer/Xcode/DerivedData/Buzz-faillbpsmponqzeruhhvskovixzk/Build/Intermediates.noindex/GeneratedModuleMaps-iphonesimulator/GoogleSignIn.modulemap -Xcc -fmodule-map-file\=/Users/xinyufang/Library/Developer/Xcode/DerivedData/Buzz-faillbpsmponqzeruhhvskovixzk/Build/Intermediates.noindex/GeneratedModuleMaps-iphonesimulator/Stripe3DS2.modulemap -default-isolation\=MainActor -enable-bare-slash-regex -enable-upcoming-feature DisableOutwardActorInference -enable-upcoming-feature InferSendableFromCaptures -enable-upcoming-feature GlobalActorIsolatedTypesUsability -enable-upcoming-feature MemberImportVisibility -enable-upcoming-feature InferIsolatedConformances -enable-upcoming-feature NonisolatedNonsendingByDefault -enable-experimental-feature DebugDescriptionMacro -sdk /Applications/Xcode.app/Contents/Developer/Platforms/iPhoneSimulator.platform/Developer/SDKs/iPhoneSimulator26.2.sdk -target arm64-apple-ios26.0-simulator -g -module-cache-path /Users/xinyufang/Library/Developer/Xcode/DerivedData/ModuleCache.noindex -Xfrontend -serialize-debugging-options -profile-coverage-mapping -profile-generate -enable-testing -index-store-path /Users/xinyufang/Library/Developer/Xcode/DerivedData/Buzz-faillbpsmponqzeruhhvskovixzk/Index.noindex/DataStore -Xcc -D_LIBCPP_HARDENING_MODE\=_LIBCPP_HARDENING_MODE_DEBUG -swift-version 5 -I /Users/xinyufang/Library/Developer/Xcode/DerivedData/Buzz-faillbpsmponqzeruhhvskovixzk/Build/Products/Debug-iphonesimulator -F /Users/xinyufang/Library/Developer/Xcode/DerivedData/Buzz-faillbpsmponqzeruhhvskovixzk/Build/Products/Debug-iphonesimulator/PackageFrameworks -F /Users/xinyufang/Library/Developer/Xcode/DerivedData/Buzz-faillbpsmponqzeruhhvskovixzk/Build/Products/Debug-iphonesimulator/PackageFrameworks -F /Users/xinyufang/Library/Developer/Xcode/DerivedData/Buzz-faillbpsmponqzeruhhvskovixzk/Build/Products/Debug-iphonesimulator/PackageFrameworks -F /Users/xinyufang/Library/Developer/Xcode/DerivedData/Buzz-faillbpsmponqzeruhhvskovixzk/Build/Products/Debug-iphonesimulator/PackageFrameworks -F /Users/xinyufang/Library/Developer/Xcode/DerivedData/Buzz-faillbpsmponqzeruhhvskovixzk/Build/Products/Debug-iphonesimulator/PackageFrameworks -F /Users/xinyufang/Library/Developer/Xcode/DerivedData/Buzz-faillbpsmponqzeruhhvskovixzk/Build/Products/Debug-iphonesimulator/PackageFrameworks -F /Users/xinyufang/Library/Developer/Xcode/DerivedData/Buzz-faillbpsmponqzeruhhvskovixzk/Build/Products/Debug-iphonesimulator/PackageFrameworks -F /Users/xinyufang/Library/Developer/Xcode/DerivedData/Buzz-faillbpsmponqzeruhhvskovixzk/Build/Products/Debug-iphonesimulator/PackageFrameworks -F /Users/xinyufang/Library/Developer/Xcode/DerivedData/Buzz-faillbpsmponqzeruhhvskovixzk/Build/Products/Debug-iphonesimulator/PackageFrameworks -F /Users/xinyufang/Library/Developer/Xcode/DerivedData/Buzz-faillbpsmponqzeruhhvskovixzk/Build/Products/Debug-iphonesimulator/PackageFrameworks -F /Users/xinyufang/Library/Developer/Xcode/DerivedData/Buzz-faillbpsmponqzeruhhvskovixzk/Build/Products/Debug-iphonesimulator/PackageFrameworks -F /Users/xinyufang/Library/Developer/Xcode/DerivedData/Buzz-faillbpsmponqzeruhhvskovixzk/Build/Products/Debug-iphonesimulator/PackageFrameworks -F /Users/xinyufang/Library/Developer/Xcode/DerivedData/Buzz-faillbpsmponqzeruhhvskovixzk/Build/Products/Debug-iphonesimulator/PackageFrameworks -F /Users/xinyufang/Library/Developer/Xcode/DerivedData/Buzz-faillbpsmponqzeruhhvskovixzk/Build/Products/Debug-iphonesimulator/PackageFrameworks -F /Users/xinyufang/Library/Developer/Xcode/DerivedData/Buzz-faillbpsmponqzeruhhvskovixzk/Build/Products/Debug-iphonesimulator/PackageFrameworks -F /Users/xinyufang/Library/Developer/Xcode/DerivedData/Buzz-faillbpsmponqzeruhhvskovixzk/Build/Products/Debug-iphonesimulator/PackageFrameworks -F /Users/xinyufang/Library/Developer/Xcode/DerivedData/Buzz-faillbpsmponqzeruhhvskovixzk/Build/Products/Debug-iphonesimulator/PackageFrameworks -F /Users/xinyufang/Library/Developer/Xcode/DerivedData/Buzz-faillbpsmponqzeruhhvskovixzk/Build/Products/Debug-iphonesimulator/PackageFrameworks -F /Users/xinyufang/Library/Developer/Xcode/DerivedData/Buzz-faillbpsmponqzeruhhvskovixzk/Build/Products/Debug-iphonesimulator/PackageFrameworks -F /Users/xinyufang/Library/Developer/Xcode/DerivedData/Buzz-faillbpsmponqzeruhhvskovixzk/Build/Products/Debug-iphonesimulator/PackageFrameworks -F /Users/xinyufang/Library/Developer/Xcode/DerivedData/Buzz-faillbpsmponqzeruhhvskovixzk/Build/Products/Debug-iphonesimulator/PackageFrameworks -F /Users/xinyufang/Library/Developer/Xcode/DerivedData/Buzz-faillbpsmponqzeruhhvskovixzk/Build/Products/Debug-iphonesimulator/PackageFrameworks -F /Users/xinyufang/Library/Developer/Xcode/DerivedData/Buzz-faillbpsmponqzeruhhvskovixzk/Build/Products/Debug-iphonesimulator/PackageFrameworks -F /Users/xinyufang/Library/Developer/Xcode/DerivedData/Buzz-faillbpsmponqzeruhhvskovixzk/Build/Products/Debug-iphonesimulator/PackageFrameworks -F /Users/xinyufang/Library/Developer/Xcode/DerivedData/Buzz-faillbpsmponqzeruhhvskovixzk/Build/Products/Debug-iphonesimulator/PackageFrameworks -F /Users/xinyufang/Library/Developer/Xcode/DerivedData/Buzz-faillbpsmponqzeruhhvskovixzk/Build/Products/Debug-iphonesimulator/PackageFrameworks -F /Users/xinyufang/Library/Developer/Xcode/DerivedData/Buzz-faillbpsmponqzeruhhvskovixzk/Build/Products/Debug-iphonesimulator/PackageFrameworks -F /Users/xinyufang/Library/Developer/Xcode/DerivedData/Buzz-faillbpsmponqzeruhhvskovixzk/Build/Products/Debug-iphonesimulator/PackageFrameworks -F /Users/xinyufang/Library/Developer/Xcode/DerivedData/Buzz-faillbpsmponqzeruhhvskovixzk/Build/Products/Debug-iphonesimulator/PackageFrameworks -F /Users/xinyufang/Library/Developer/Xcode/DerivedData/Buzz-faillbpsmponqzeruhhvskovixzk/Build/Products/Debug-iphonesimulator/PackageFrameworks -F /Users/xinyufang/Library/Developer/Xcode/DerivedData/Buzz-faillbpsmponqzeruhhvskovixzk/Build/Products/Debug-iphonesimulator/PackageFrameworks -F /Users/xinyufang/Library/Developer/Xcode/DerivedData/Buzz-faillbpsmponqzeruhhvskovixzk/Build/Products/Debug-iphonesimulator/PackageFrameworks -F /Users/xinyufang/Library/Developer/Xcode/DerivedData/Buzz-faillbpsmponqzeruhhvskovixzk/Build/Products/Debug-iphonesimulator/PackageFrameworks -F /Users/xinyufang/Library/Developer/Xcode/DerivedData/Buzz-faillbpsmponqzeruhhvskovixzk/Build/Products/Debug-iphonesimulator/PackageFrameworks -F /Users/xinyufang/Library/Developer/Xcode/DerivedData/Buzz-faillbpsmponqzeruhhvskovixzk/Build/Products/Debug-iphonesimulator/PackageFrameworks -F /Users/xinyufang/Library/Developer/Xcode/DerivedData/Buzz-faillbpsmponqzeruhhvskovixzk/Build/Products/Debug-iphonesimulator/PackageFrameworks -F /Users/xinyufang/Library/Developer/Xcode/DerivedData/Buzz-faillbpsmponqzeruhhvskovixzk/Build/Products/Debug-iphonesimulator/PackageFrameworks -F /Users/xinyufang/Library/Developer/Xcode/DerivedData/Buzz-faillbpsmponqzeruhhvskovixzk/Build/Products/Debug-iphonesimulator/PackageFrameworks -F /Users/xinyufang/Library/Developer/Xcode/DerivedData/Buzz-faillbpsmponqzeruhhvskovixzk/Build/Products/Debug-iphonesimulator/PackageFrameworks -F /Users/xinyufang/Library/Developer/Xcode/DerivedData/Buzz-faillbpsmponqzeruhhvskovixzk/Build/Products/Debug-iphonesimulator -emit-localized-strings -emit-localized-strings-path /Users/xinyufang/Library/Developer/Xcode/DerivedData/Buzz-faillbpsmponqzeruhhvskovixzk/Build/Intermediates.noindex/Buzz.build/Debug-iphonesimulator/Buzz.build/Objects-normal/arm64 -c -j8 -enable-batch-mode -incremental -Xcc -ivfsstatcache -Xcc /Users/xinyufang/Library/Developer/Xcode/DerivedData/SDKStatCaches.noindex/iphonesimulator26.2-23C53-7d00a8b37fbd7999ea79df8ebc024bf0.sdkstatcache -output-file-map /Users/xinyufang/Library/Developer/Xcode/DerivedData/Buzz-faillbpsmponqzeruhhvskovixzk/Build/Intermediates.noindex/Buzz.build/Debug-iphonesimulator/Buzz.build/Objects-normal/arm64/Buzz-OutputFileMap.json -use-frontend-parseable-output -save-temps -no-color-diagnostics -explicit-module-build -module-cache-path /Users/xinyufang/Library/Developer/Xcode/DerivedData/Buzz-faillbpsmponqzeruhhvskovixzk/Build/Intermediates.noindex/SwiftExplicitPrecompiledModules -clang-scanner-module-cache-path /Users/xinyufang/Library/Developer/Xcode/DerivedData/ModuleCache.noindex -sdk-module-cache-path /Users/xinyufang/Library/Developer/Xcode/DerivedData/ModuleCache.noindex -serialize-diagnostics -emit-dependencies -emit-module -emit-module-path /Users/xinyufang/Library/Developer/Xcode/DerivedData/Buzz-faillbpsmponqzeruhhvskovixzk/Build/Intermediates.noindex/Buzz.build/Debug-iphonesimulator/Buzz.build/Objects-normal/arm64/Buzz.swiftmodule -validate-clang-modules-once -clang-build-session-file /Users/xinyufang/Library/Developer/Xcode/DerivedData/ModuleCache.noindex/Session.modulevalidation -Xcc -I/Users/xinyufang/Library/Developer/Xcode/DerivedData/Buzz-faillbpsmponqzeruhhvskovixzk/Build/Intermediates.noindex/Buzz.build/Debug-iphonesimulator/Buzz.build/swift-overrides.hmap -emit-const-values -Xfrontend -const-gather-protocols-file -Xfrontend /Users/xinyufang/Library/Developer/Xcode/DerivedData/Buzz-faillbpsmponqzeruhhvskovixzk/Build/Intermediates.noindex/Buzz.build/Debug-iphonesimulator/Buzz.build/Objects-normal/arm64/Buzz_const_extract_protocols.json -Xcc -iquote -Xcc /Users/xinyufang/Library/Developer/Xcode/DerivedData/Buzz-faillbpsmponqzeruhhvskovixzk/Build/Intermediates.noindex/Buzz.build/Debug-iphonesimulator/Buzz.build/Buzz-generated-files.hmap -Xcc -I/Users/xinyufang/Library/Developer/Xcode/DerivedData/Buzz-faillbpsmponqzeruhhvskovixzk/Build/Intermediates.noindex/Buzz.build/Debug-iphonesimulator/Buzz.build/Buzz-own-target-headers.hmap -Xcc -I/Users/xinyufang/Library/Developer/Xcode/DerivedData/Buzz-faillbpsmponqzeruhhvskovixzk/Build/Intermediates.noindex/Buzz.build/Debug-iphonesimulator/Buzz.build/Buzz-all-non-framework-target-headers.hmap -Xcc -ivfsoverlay -Xcc /Users/xinyufang/Library/Developer/Xcode/DerivedData/Buzz-faillbpsmponqzeruhhvskovixzk/Build/Intermediates.noindex/Buzz.build/Debug-iphonesimulator/Buzz-f0f0de0f2b92c66dbd5712a40458aba1-VFS-iphonesimulator/all-product-headers.yaml -Xcc -iquote -Xcc /Users/xinyufang/Library/Developer/Xcode/DerivedData/Buzz-faillbpsmponqzeruhhvskovixzk/Build/Intermediates.noindex/Buzz.build/Debug-iphonesimulator/Buzz.build/Buzz-project-headers.hmap -Xcc -I/Users/xinyufang/Library/Developer/Xcode/DerivedData/Buzz-faillbpsmponqzeruhhvskovixzk/SourcePackages/checkouts/AppAuth-iOS/Sources/AppAuth -Xcc -I/Users/xinyufang/Library/Developer/Xcode/DerivedData/Buzz-faillbpsmponqzeruhhvskovixzk/SourcePackages/checkouts/AppAuth-iOS/Sources/AppAuthCore -Xcc -I/Users/xinyufang/Library/Developer/Xcode/DerivedData/Buzz-faillbpsmponqzeruhhvskovixzk/SourcePackages/checkouts/promises/Sources/FBLPromises/include -Xcc -I/Users/xinyufang/Library/Developer/Xcode/DerivedData/Buzz-faillbpsmponqzeruhhvskovixzk/SourcePackages/checkouts/GoogleUtilities/GoogleUtilities/Logger/Public -Xcc -I/Users/xinyufang/Library/Developer/Xcode/DerivedData/Buzz-faillbpsmponqzeruhhvskovixzk/SourcePackages/checkouts/GoogleUtilities/GoogleUtilities/Environment/Public -Xcc -I/Users/xinyufang/Library/Developer/Xcode/DerivedData/Buzz-faillbpsmponqzeruhhvskovixzk/SourcePackages/checkouts/GoogleUtilities/third_party/IsAppEncrypted/Public -Xcc -I/Users/xinyufang/Library/Developer/Xcode/DerivedData/Buzz-faillbpsmponqzeruhhvskovixzk/SourcePackages/checkouts/GoogleUtilities/GoogleUtilities/UserDefaults/Public -Xcc -I/Users/xinyufang/Library/Developer/Xcode/DerivedData/Buzz-faillbpsmponqzeruhhvskovixzk/SourcePackages/checkouts/app-check/AppCheckCore/Sources/Public -Xcc -I/Users/xinyufang/Library/Developer/Xcode/DerivedData/Buzz-faillbpsmponqzeruhhvskovixzk/SourcePackages/checkouts/gtm-session-fetcher/Sources/Core/Public -Xcc -I/Users/xinyufang/Library/Developer/Xcode/DerivedData/Buzz-faillbpsmponqzeruhhvskovixzk/SourcePackages/checkouts/GoogleSignIn-iOS/GoogleSignIn/Sources/Public -Xcc -I/Users/xinyufang/Library/Developer/Xcode/DerivedData/Buzz-faillbpsmponqzeruhhvskovixzk/SourcePackages/checkouts/stripe-ios-spm/Stripe3DS2/Stripe3DS2/include -Xcc -I/Users/xinyufang/Library/Developer/Xcode/DerivedData/Buzz-faillbpsmponqzeruhhvskovixzk/Build/Products/Debug-iphonesimulator/include -Xcc -I/Users/xinyufang/Library/Developer/Xcode/DerivedData/Buzz-faillbpsmponqzeruhhvskovixzk/Build/Intermediates.noindex/Buzz.build/Debug-iphonesimulator/Buzz.build/DerivedSources-normal/arm64 -Xcc -I/Users/xinyufang/Library/Developer/Xcode/DerivedData/Buzz-faillbpsmponqzeruhhvskovixzk/Build/Intermediates.noindex/Buzz.build/Debug-iphonesimulator/Buzz.build/DerivedSources/arm64 -Xcc -I/Users/xinyufang/Library/Developer/Xcode/DerivedData/Buzz-faillbpsmponqzeruhhvskovixzk/Build/Intermediates.noindex/Buzz.build/Debug-iphonesimulator/Buzz.build/DerivedSources -Xcc -DDEBUG\=1 -emit-objc-header -emit-objc-header-path /Users/xinyufang/Library/Developer/Xcode/DerivedData/Buzz-faillbpsmponqzeruhhvskovixzk/Build/Intermediates.noindex/Buzz.build/Debug-iphonesimulator/Buzz.build/Objects-normal/arm64/Buzz-Swift.h -working-directory /Users/xinyufang/Documents/Buzz -experimental-emit-module-separately -disable-cmo

CompileAssetCatalogVariant thinned /Users/xinyufang/Library/Developer/Xcode/DerivedData/Buzz-faillbpsmponqzeruhhvskovixzk/Build/Products/Debug-iphonesimulator/Buzz.app /Users/xinyufang/Documents/Buzz/Buzz/Assets.xcassets (in target 'Buzz' from project 'Buzz')
    cd /Users/xinyufang/Documents/Buzz
    /Applications/Xcode.app/Contents/Developer/usr/bin/actool /Users/xinyufang/Documents/Buzz/Buzz/Assets.xcassets --compile /Users/xinyufang/Library/Developer/Xcode/DerivedData/Buzz-faillbpsmponqzeruhhvskovixzk/Build/Intermediates.noindex/Buzz.build/Debug-iphonesimulator/Buzz.build/assetcatalog_output/thinned --output-format human-readable-text --notices --warnings --export-dependency-info /Users/xinyufang/Library/Developer/Xcode/DerivedData/Buzz-faillbpsmponqzeruhhvskovixzk/Build/Intermediates.noindex/Buzz.build/Debug-iphonesimulator/Buzz.build/assetcatalog_dependencies_thinned --output-partial-info-plist /Users/xinyufang/Library/Developer/Xcode/DerivedData/Buzz-faillbpsmponqzeruhhvskovixzk/Build/Intermediates.noindex/Buzz.build/Debug-iphonesimulator/Buzz.build/assetcatalog_generated_info.plist_thinned --app-icon AppIcon --accent-color AccentColor --compress-pngs --enable-on-demand-resources YES --filter-for-thinning-device-configuration iPhone18,3 --filter-for-device-os-version 26.2 --development-region en --target-device iphone --target-device ipad --minimum-deployment-target 26.0 --platform iphonesimulator

Copy /Users/xinyufang/Library/Developer/Xcode/DerivedData/Buzz-faillbpsmponqzeruhhvskovixzk/Build/Products/Debug-iphonesimulator/Buzz.app/Stripe_Stripe.bundle /Users/xinyufang/Library/Developer/Xcode/DerivedData/Buzz-faillbpsmponqzeruhhvskovixzk/Build/Products/Debug-iphonesimulator/Stripe_Stripe.bundle (in target 'Buzz' from project 'Buzz')
    cd /Users/xinyufang/Documents/Buzz
    builtin-copy -exclude .DS_Store -exclude CVS -exclude .svn -exclude .git -exclude .hg -resolve-src-symlinks /Users/xinyufang/Library/Developer/Xcode/DerivedData/Buzz-faillbpsmponqzeruhhvskovixzk/Build/Products/Debug-iphonesimulator/Stripe_Stripe.bundle /Users/xinyufang/Library/Developer/Xcode/DerivedData/Buzz-faillbpsmponqzeruhhvskovixzk/Build/Products/Debug-iphonesimulator/Buzz.app

Copy /Users/xinyufang/Library/Developer/Xcode/DerivedData/Buzz-faillbpsmponqzeruhhvskovixzk/Build/Products/Debug-iphonesimulator/Buzz.app/Stripe_StripeUICore.bundle /Users/xinyufang/Library/Developer/Xcode/DerivedData/Buzz-faillbpsmponqzeruhhvskovixzk/Build/Products/Debug-iphonesimulator/Stripe_StripeUICore.bundle (in target 'Buzz' from project 'Buzz')
    cd /Users/xinyufang/Documents/Buzz
    builtin-copy -exclude .DS_Store -exclude CVS -exclude .svn -exclude .git -exclude .hg -resolve-src-symlinks /Users/xinyufang/Library/Developer/Xcode/DerivedData/Buzz-faillbpsmponqzeruhhvskovixzk/Build/Products/Debug-iphonesimulator/Stripe_StripeUICore.bundle /Users/xinyufang/Library/Developer/Xcode/DerivedData/Buzz-faillbpsmponqzeruhhvskovixzk/Build/Products/Debug-iphonesimulator/Buzz.app

Copy /Users/xinyufang/Library/Developer/Xcode/DerivedData/Buzz-faillbpsmponqzeruhhvskovixzk/Build/Products/Debug-iphonesimulator/Buzz.app/Stripe_StripePaymentSheet.bundle /Users/xinyufang/Library/Developer/Xcode/DerivedData/Buzz-faillbpsmponqzeruhhvskovixzk/Build/Products/Debug-iphonesimulator/Stripe_StripePaymentSheet.bundle (in target 'Buzz' from project 'Buzz')
    cd /Users/xinyufang/Documents/Buzz
    builtin-copy -exclude .DS_Store -exclude CVS -exclude .svn -exclude .git -exclude .hg -resolve-src-symlinks /Users/xinyufang/Library/Developer/Xcode/DerivedData/Buzz-faillbpsmponqzeruhhvskovixzk/Build/Products/Debug-iphonesimulator/Stripe_StripePaymentSheet.bundle /Users/xinyufang/Library/Developer/Xcode/DerivedData/Buzz-faillbpsmponqzeruhhvskovixzk/Build/Products/Debug-iphonesimulator/Buzz.app

Copy /Users/xinyufang/Library/Developer/Xcode/DerivedData/Buzz-faillbpsmponqzeruhhvskovixzk/Build/Products/Debug-iphonesimulator/Buzz.app/Stripe_StripePaymentsUI.bundle /Users/xinyufang/Library/Developer/Xcode/DerivedData/Buzz-faillbpsmponqzeruhhvskovixzk/Build/Products/Debug-iphonesimulator/Stripe_StripePaymentsUI.bundle (in target 'Buzz' from project 'Buzz')
    cd /Users/xinyufang/Documents/Buzz
    builtin-copy -exclude .DS_Store -exclude CVS -exclude .svn -exclude .git -exclude .hg -resolve-src-symlinks /Users/xinyufang/Library/Developer/Xcode/DerivedData/Buzz-faillbpsmponqzeruhhvskovixzk/Build/Products/Debug-iphonesimulator/Stripe_StripePaymentsUI.bundle /Users/xinyufang/Library/Developer/Xcode/DerivedData/Buzz-faillbpsmponqzeruhhvskovixzk/Build/Products/Debug-iphonesimulator/Buzz.app

Copy /Users/xinyufang/Library/Developer/Xcode/DerivedData/Buzz-faillbpsmponqzeruhhvskovixzk/Build/Products/Debug-iphonesimulator/Buzz.app/Stripe_Stripe3DS2.bundle /Users/xinyufang/Library/Developer/Xcode/DerivedData/Buzz-faillbpsmponqzeruhhvskovixzk/Build/Products/Debug-iphonesimulator/Stripe_Stripe3DS2.bundle (in target 'Buzz' from project 'Buzz')
    cd /Users/xinyufang/Documents/Buzz
    builtin-copy -exclude .DS_Store -exclude CVS -exclude .svn -exclude .git -exclude .hg -resolve-src-symlinks /Users/xinyufang/Library/Developer/Xcode/DerivedData/Buzz-faillbpsmponqzeruhhvskovixzk/Build/Products/Debug-iphonesimulator/Stripe_Stripe3DS2.bundle /Users/xinyufang/Library/Developer/Xcode/DerivedData/Buzz-faillbpsmponqzeruhhvskovixzk/Build/Products/Debug-iphonesimulator/Buzz.app

SwiftCompile normal arm64 Compiling\ AcademyService.swift,\ BadgeService.swift /Users/xinyufang/Documents/Buzz/Buzz/Services/AcademyService.swift /Users/xinyufang/Documents/Buzz/Buzz/Services/BadgeService.swift (in target 'Buzz' from project 'Buzz')
Failed frontend command:
/Applications/Xcode.app/Contents/Developer/Toolchains/XcodeDefault.xctoolchain/usr/bin/swift-frontend -frontend -c -filelist /Users/xinyufang/Library/Developer/Xcode/DerivedData/Buzz-faillbpsmponqzeruhhvskovixzk/Build/Intermediates.noindex/Buzz.build/Debug-iphonesimulator/Buzz.build/Objects-normal/arm64/sources-1 -primary-file /Users/xinyufang/Documents/Buzz/Buzz/Services/AcademyService.swift -primary-file /Users/xinyufang/Documents/Buzz/Buzz/Services/BadgeService.swift -emit-dependencies-path /Users/xinyufang/Library/Developer/Xcode/DerivedData/Buzz-faillbpsmponqzeruhhvskovixzk/Build/Intermediates.noindex/Buzz.build/Debug-iphonesimulator/Buzz.build/Objects-normal/arm64/AcademyService.d -emit-const-values-path /Users/xinyufang/Library/Developer/Xcode/DerivedData/Buzz-faillbpsmponqzeruhhvskovixzk/Build/Intermediates.noindex/Buzz.build/Debug-iphonesimulator/Buzz.build/Objects-normal/arm64/AcademyService.swiftconstvalues -emit-reference-dependencies-path /Users/xinyufang/Library/Developer/Xcode/DerivedData/Buzz-faillbpsmponqzeruhhvskovixzk/Build/Intermediates.noindex/Buzz.build/Debug-iphonesimulator/Buzz.build/Objects-normal/arm64/AcademyService.swiftdeps -serialize-diagnostics-path /Users/xinyufang/Library/Developer/Xcode/DerivedData/Buzz-faillbpsmponqzeruhhvskovixzk/Build/Intermediates.noindex/Buzz.build/Debug-iphonesimulator/Buzz.build/Objects-normal/arm64/AcademyService.dia -emit-dependencies-path /Users/xinyufang/Library/Developer/Xcode/DerivedData/Buzz-faillbpsmponqzeruhhvskovixzk/Build/Intermediates.noindex/Buzz.build/Debug-iphonesimulator/Buzz.build/Objects-normal/arm64/BadgeService.d -emit-const-values-path /Users/xinyufang/Library/Developer/Xcode/DerivedData/Buzz-faillbpsmponqzeruhhvskovixzk/Build/Intermediates.noindex/Buzz.build/Debug-iphonesimulator/Buzz.build/Objects-normal/arm64/BadgeService.swiftconstvalues -emit-reference-dependencies-path /Users/xinyufang/Library/Developer/Xcode/DerivedData/Buzz-faillbpsmponqzeruhhvskovixzk/Build/Intermediates.noindex/Buzz.build/Debug-iphonesimulator/Buzz.build/Objects-normal/arm64/BadgeService.swiftdeps -serialize-diagnostics-path /Users/xinyufang/Library/Developer/Xcode/DerivedData/Buzz-faillbpsmponqzeruhhvskovixzk/Build/Intermediates.noindex/Buzz.build/Debug-iphonesimulator/Buzz.build/Objects-normal/arm64/BadgeService.dia -emit-localized-strings -emit-localized-strings-path /Users/xinyufang/Library/Developer/Xcode/DerivedData/Buzz-faillbpsmponqzeruhhvskovixzk/Build/Intermediates.noindex/Buzz.build/Debug-iphonesimulator/Buzz.build/Objects-normal/arm64 -target arm64-apple-ios26.0-simulator -module-can-import-version DeveloperToolsSupport 23.0.4 23.0.4 -module-can-import-version SwiftUI 7.2.5.1 7.2.5 -module-can-import-version UIKit 9126.2.4.1 9126.2.4 -disable-cross-import-overlay-search -swift-module-cross-import AuthenticationServices /Applications/Xcode.app/Contents/Developer/Platforms/iPhoneSimulator.platform/Developer/SDKs/iPhoneSimulator.sdk/System/Cryptexes/OS/System/Library/Frameworks/AuthenticationServices.framework/Modules/AuthenticationServices.swiftcrossimport/SwiftUI.swiftoverlay -swift-module-cross-import AuthenticationServices /Applications/Xcode.app/Contents/Developer/Platforms/iPhoneSimulator.platform/Developer/SDKs/iPhoneSimulator26.2.sdk/System/Library/Frameworks/AuthenticationServices.framework/Modules/AuthenticationServices.swiftcrossimport/SwiftUI.swiftoverlay -swift-module-cross-import MapKit /Applications/Xcode.app/Contents/Developer/Platforms/iPhoneSimulator.platform/Developer/SDKs/iPhoneSimulator.sdk/System/Library/Frameworks/MapKit.framework/Modules/MapKit.swiftcrossimport/SwiftUI.swiftoverlay -swift-module-cross-import PassKit /Applications/Xcode.app/Contents/Developer/Platforms/iPhoneSimulator.platform/Developer/SDKs/iPhoneSimulator.sdk/System/Library/Frameworks/PassKit.framework/Modules/PassKit.swiftcrossimport/SwiftUI.swiftoverlay -swift-module-cross-import PhotosUI /Applications/Xcode.app/Contents/Developer/Platforms/iPhoneSimulator.platform/Developer/SDKs/iPhoneSimulator.sdk/System/Library/Frameworks/PhotosUI.framework/Modules/PhotosUI.swiftcrossimport/SwiftUI.swiftoverlay -swift-module-cross-import PhotosUI /Applications/Xcode.app/Contents/Developer/Platforms/iPhoneSimulator.platform/Developer/SDKs/iPhoneSimulator.sdk/System/Library/Frameworks/PhotosUI.framework/Modules/PhotosUI.swiftcrossimport/WidgetKit.swiftoverlay -swift-module-cross-import PhotosUI /Applications/Xcode.app/Contents/Developer/Platforms/iPhoneSimulator.platform/Developer/SDKs/iPhoneSimulator26.2.sdk/System/Library/Frameworks/PhotosUI.framework/Modules/PhotosUI.swiftcrossimport/SwiftUI.swiftoverlay -swift-module-cross-import PhotosUI /Applications/Xcode.app/Contents/Developer/Platforms/iPhoneSimulator.platform/Developer/SDKs/iPhoneSimulator26.2.sdk/System/Library/Frameworks/PhotosUI.framework/Modules/PhotosUI.swiftcrossimport/WidgetKit.swiftoverlay -swift-module-cross-import StoreKit /Applications/Xcode.app/Contents/Developer/Platforms/iPhoneSimulator.platform/Developer/SDKs/iPhoneSimulator.sdk/System/Library/Frameworks/StoreKit.framework/Modules/StoreKit.swiftcrossimport/SwiftUI.swiftoverlay -swift-module-cross-import StoreKit /Applications/Xcode.app/Contents/Developer/Platforms/iPhoneSimulator.platform/Developer/SDKs/iPhoneSimulator26.2.sdk/System/Library/Frameworks/StoreKit.framework/Modules/StoreKit.swiftcrossimport/SwiftUI.swiftoverlay -swift-module-cross-import WebKit /Applications/Xcode.app/Contents/Developer/Platforms/iPhoneSimulator.platform/Developer/SDKs/iPhoneSimulator.sdk/System/Cryptexes/OS/System/Library/Frameworks/WebKit.framework/Modules/WebKit.swiftcrossimport/SwiftUI.swiftoverlay -swift-module-cross-import WebKit /Applications/Xcode.app/Contents/Developer/Platforms/iPhoneSimulator.platform/Developer/SDKs/iPhoneSimulator26.2.sdk/System/Library/Frameworks/WebKit.framework/Modules/WebKit.swiftcrossimport/SwiftUI.swiftoverlay -load-resolved-plugin /Applications/Xcode.app/Contents/Developer/Platforms/iPhoneOS.platform/Developer/usr/lib/swift/host/plugins/libFoundationMacros.dylib\#/Applications/Xcode.app/Contents/Developer/Platforms/iPhoneOS.platform/Developer/usr/bin/swift-plugin-server\#FoundationMacros -load-resolved-plugin /Applications/Xcode.app/Contents/Developer/Platforms/iPhoneOS.platform/Developer/usr/lib/swift/host/plugins/libObservationMacros.dylib\#/Applications/Xcode.app/Contents/Developer/Platforms/iPhoneOS.platform/Developer/usr/bin/swift-plugin-server\#ObservationMacros -load-resolved-plugin /Applications/Xcode.app/Contents/Developer/Platforms/iPhoneOS.platform/Developer/usr/lib/swift/host/plugins/libPreviewsMacros.dylib\#/Applications/Xcode.app/Contents/Developer/Platforms/iPhoneOS.platform/Developer/usr/bin/swift-plugin-server\#PreviewsMacros -load-resolved-plugin /Applications/Xcode.app/Contents/Developer/Platforms/iPhoneOS.platform/Developer/usr/lib/swift/host/plugins/libSwiftMacros.dylib\#/Applications/Xcode.app/Contents/Developer/Platforms/iPhoneOS.platform/Developer/usr/bin/swift-plugin-server\#SwiftMacros -load-resolved-plugin /Applications/Xcode.app/Contents/Developer/Platforms/iPhoneOS.platform/Developer/usr/lib/swift/host/plugins/libSwiftUIMacros.dylib\#/Applications/Xcode.app/Contents/Developer/Platforms/iPhoneOS.platform/Developer/usr/bin/swift-plugin-server\#SwiftUIMacros -load-resolved-plugin /Applications/Xcode.app/Contents/Developer/Platforms/iPhoneOS.platform/Developer/usr/lib/swift/host/plugins/libTipKitMacros.dylib\#/Applications/Xcode.app/Contents/Developer/Platforms/iPhoneOS.platform/Developer/usr/bin/swift-plugin-server\#TipKitMacros -disable-implicit-swift-modules -Xcc -fno-implicit-modules -Xcc -fno-implicit-module-maps -explicit-swift-module-map-file /Users/xinyufang/Library/Developer/Xcode/DerivedData/Buzz-faillbpsmponqzeruhhvskovixzk/Build/Intermediates.noindex/Buzz.build/Debug-iphonesimulator/Buzz.build/Objects-normal/arm64/Buzz-dependencies-1.json -Xllvm -aarch64-use-tbi -enable-objc-interop -sdk /Applications/Xcode.app/Contents/Developer/Platforms/iPhoneSimulator.platform/Developer/SDKs/iPhoneSimulator26.2.sdk -I /Users/xinyufang/Library/Developer/Xcode/DerivedData/Buzz-faillbpsmponqzeruhhvskovixzk/Build/Products/Debug-iphonesimulator -F /Users/xinyufang/Library/Developer/Xcode/DerivedData/Buzz-faillbpsmponqzeruhhvskovixzk/Build/Products/Debug-iphonesimulator/PackageFrameworks -F /Users/xinyufang/Library/Developer/Xcode/DerivedData/Buzz-faillbpsmponqzeruhhvskovixzk/Build/Products/Debug-iphonesimulator/PackageFrameworks -F /Users/xinyufang/Library/Developer/Xcode/DerivedData/Buzz-faillbpsmponqzeruhhvskovixzk/Build/Products/Debug-iphonesimulator/PackageFrameworks -F /Users/xinyufang/Library/Developer/Xcode/DerivedData/Buzz-faillbpsmponqzeruhhvskovixzk/Build/Products/Debug-iphonesimulator/PackageFrameworks -F /Users/xinyufang/Library/Developer/Xcode/DerivedData/Buzz-faillbpsmponqzeruhhvskovixzk/Build/Products/Debug-iphonesimulator/PackageFrameworks -F /Users/xinyufang/Library/Developer/Xcode/DerivedData/Buzz-faillbpsmponqzeruhhvskovixzk/Build/Products/Debug-iphonesimulator/PackageFrameworks -F /Users/xinyufang/Library/Developer/Xcode/DerivedData/Buzz-faillbpsmponqzeruhhvskovixzk/Build/Products/Debug-iphonesimulator/PackageFrameworks -F /Users/xinyufang/Library/Developer/Xcode/DerivedData/Buzz-faillbpsmponqzeruhhvskovixzk/Build/Products/Debug-iphonesimulator/PackageFrameworks -F /Users/xinyufang/Library/Developer/Xcode/DerivedData/Buzz-faillbpsmponqzeruhhvskovixzk/Build/Products/Debug-iphonesimulator/PackageFrameworks -F /Users/xinyufang/Library/Developer/Xcode/DerivedData/Buzz-faillbpsmponqzeruhhvskovixzk/Build/Products/Debug-iphonesimulator/PackageFrameworks -F /Users/xinyufang/Library/Developer/Xcode/DerivedData/Buzz-faillbpsmponqzeruhhvskovixzk/Build/Products/Debug-iphonesimulator/PackageFrameworks -F /Users/xinyufang/Library/Developer/Xcode/DerivedData/Buzz-faillbpsmponqzeruhhvskovixzk/Build/Products/Debug-iphonesimulator/PackageFrameworks -F /Users/xinyufang/Library/Developer/Xcode/DerivedData/Buzz-faillbpsmponqzeruhhvskovixzk/Build/Products/Debug-iphonesimulator/PackageFrameworks -F /Users/xinyufang/Library/Developer/Xcode/DerivedData/Buzz-faillbpsmponqzeruhhvskovixzk/Build/Products/Debug-iphonesimulator/PackageFrameworks -F /Users/xinyufang/Library/Developer/Xcode/DerivedData/Buzz-faillbpsmponqzeruhhvskovixzk/Build/Products/Debug-iphonesimulator/PackageFrameworks -F /Users/xinyufang/Library/Developer/Xcode/DerivedData/Buzz-faillbpsmponqzeruhhvskovixzk/Build/Products/Debug-iphonesimulator/PackageFrameworks -F /Users/xinyufang/Library/Developer/Xcode/DerivedData/Buzz-faillbpsmponqzeruhhvskovixzk/Build/Products/Debug-iphonesimulator/PackageFrameworks -F /Users/xinyufang/Library/Developer/Xcode/DerivedData/Buzz-faillbpsmponqzeruhhvskovixzk/Build/Products/Debug-iphonesimulator/PackageFrameworks -F /Users/xinyufang/Library/Developer/Xcode/DerivedData/Buzz-faillbpsmponqzeruhhvskovixzk/Build/Products/Debug-iphonesimulator/PackageFrameworks -F /Users/xinyufang/Library/Developer/Xcode/DerivedData/Buzz-faillbpsmponqzeruhhvskovixzk/Build/Products/Debug-iphonesimulator/PackageFrameworks -F /Users/xinyufang/Library/Developer/Xcode/DerivedData/Buzz-faillbpsmponqzeruhhvskovixzk/Build/Products/Debug-iphonesimulator/PackageFrameworks -F /Users/xinyufang/Library/Developer/Xcode/DerivedData/Buzz-faillbpsmponqzeruhhvskovixzk/Build/Products/Debug-iphonesimulator/PackageFrameworks -F /Users/xinyufang/Library/Developer/Xcode/DerivedData/Buzz-faillbpsmponqzeruhhvskovixzk/Build/Products/Debug-iphonesimulator/PackageFrameworks -F /Users/xinyufang/Library/Developer/Xcode/DerivedData/Buzz-faillbpsmponqzeruhhvskovixzk/Build/Products/Debug-iphonesimulator/PackageFrameworks -F /Users/xinyufang/Library/Developer/Xcode/DerivedData/Buzz-faillbpsmponqzeruhhvskovixzk/Build/Products/Debug-iphonesimulator/PackageFrameworks -F /Users/xinyufang/Library/Developer/Xcode/DerivedData/Buzz-faillbpsmponqzeruhhvskovixzk/Build/Products/Debug-iphonesimulator/PackageFrameworks -F /Users/xinyufang/Library/Developer/Xcode/DerivedData/Buzz-faillbpsmponqzeruhhvskovixzk/Build/Products/Debug-iphonesimulator/PackageFrameworks -F /Users/xinyufang/Library/Developer/Xcode/DerivedData/Buzz-faillbpsmponqzeruhhvskovixzk/Build/Products/Debug-iphonesimulator/PackageFrameworks -F /Users/xinyufang/Library/Developer/Xcode/DerivedData/Buzz-faillbpsmponqzeruhhvskovixzk/Build/Products/Debug-iphonesimulator/PackageFrameworks -F /Users/xinyufang/Library/Developer/Xcode/DerivedData/Buzz-faillbpsmponqzeruhhvskovixzk/Build/Products/Debug-iphonesimulator/PackageFrameworks -F /Users/xinyufang/Library/Developer/Xcode/DerivedData/Buzz-faillbpsmponqzeruhhvskovixzk/Build/Products/Debug-iphonesimulator/PackageFrameworks -F /Users/xinyufang/Library/Developer/Xcode/DerivedData/Buzz-faillbpsmponqzeruhhvskovixzk/Build/Products/Debug-iphonesimulator/PackageFrameworks -F /Users/xinyufang/Library/Developer/Xcode/DerivedData/Buzz-faillbpsmponqzeruhhvskovixzk/Build/Products/Debug-iphonesimulator/PackageFrameworks -F /Users/xinyufang/Library/Developer/Xcode/DerivedData/Buzz-faillbpsmponqzeruhhvskovixzk/Build/Products/Debug-iphonesimulator/PackageFrameworks -F /Users/xinyufang/Library/Developer/Xcode/DerivedData/Buzz-faillbpsmponqzeruhhvskovixzk/Build/Products/Debug-iphonesimulator/PackageFrameworks -F /Users/xinyufang/Library/Developer/Xcode/DerivedData/Buzz-faillbpsmponqzeruhhvskovixzk/Build/Products/Debug-iphonesimulator/PackageFrameworks -F /Users/xinyufang/Library/Developer/Xcode/DerivedData/Buzz-faillbpsmponqzeruhhvskovixzk/Build/Products/Debug-iphonesimulator/PackageFrameworks -F /Users/xinyufang/Library/Developer/Xcode/DerivedData/Buzz-faillbpsmponqzeruhhvskovixzk/Build/Products/Debug-iphonesimulator/PackageFrameworks -F /Users/xinyufang/Library/Developer/Xcode/DerivedData/Buzz-faillbpsmponqzeruhhvskovixzk/Build/Products/Debug-iphonesimulator/PackageFrameworks -F /Users/xinyufang/Library/Developer/Xcode/DerivedData/Buzz-faillbpsmponqzeruhhvskovixzk/Build/Products/Debug-iphonesimulator -no-color-diagnostics -Xcc -fno-color-diagnostics -enable-testing -g -debug-info-format\=dwarf -dwarf-version\=5 -module-cache-path /Users/xinyufang/Library/Developer/Xcode/DerivedData/Buzz-faillbpsmponqzeruhhvskovixzk/Build/Intermediates.noindex/SwiftExplicitPrecompiledModules -profile-generate -profile-coverage-mapping -swift-version 5 -enforce-exclusivity\=checked -Onone -D DEBUG -serialize-debugging-options -const-gather-protocols-file /Users/xinyufang/Library/Developer/Xcode/DerivedData/Buzz-faillbpsmponqzeruhhvskovixzk/Build/Intermediates.noindex/Buzz.build/Debug-iphonesimulator/Buzz.build/Objects-normal/arm64/Buzz_const_extract_protocols.json -enable-upcoming-feature DisableOutwardActorInference -enable-upcoming-feature InferSendableFromCaptures -enable-upcoming-feature GlobalActorIsolatedTypesUsability -enable-upcoming-feature MemberImportVisibility -enable-upcoming-feature InferIsolatedConformances -enable-upcoming-feature NonisolatedNonsendingByDefault -enable-experimental-feature DebugDescriptionMacro -enable-bare-slash-regex -default-isolation\=MainActor -empty-abi-descriptor -validate-clang-modules-once -clang-build-session-file /Users/xinyufang/Library/Developer/Xcode/DerivedData/ModuleCache.noindex/Session.modulevalidation -Xcc -working-directory -Xcc /Users/xinyufang/Documents/Buzz -enable-anonymous-context-mangled-names -file-compilation-dir /Users/xinyufang/Documents/Buzz -Xcc -fmodule-map-file\=/Users/xinyufang/Library/Developer/Xcode/DerivedData/Buzz-faillbpsmponqzeruhhvskovixzk/Build/Intermediates.noindex/GeneratedModuleMaps-iphonesimulator/AppAuth.modulemap -Xcc -fmodule-map-file\=/Users/xinyufang/Library/Developer/Xcode/DerivedData/Buzz-faillbpsmponqzeruhhvskovixzk/Build/Intermediates.noindex/GeneratedModuleMaps-iphonesimulator/AppAuthCore.modulemap -Xcc -fmodule-map-file\=/Users/xinyufang/Library/Developer/Xcode/DerivedData/Buzz-faillbpsmponqzeruhhvskovixzk/Build/Intermediates.noindex/GeneratedModuleMaps-iphonesimulator/GoogleUtilities-Logger.modulemap -Xcc -fmodule-map-file\=/Users/xinyufang/Library/Developer/Xcode/DerivedData/Buzz-faillbpsmponqzeruhhvskovixzk/Build/Intermediates.noindex/GeneratedModuleMaps-iphonesimulator/GoogleUtilities-Environment.modulemap -Xcc -fmodule-map-file\=/Users/xinyufang/Library/Developer/Xcode/DerivedData/Buzz-faillbpsmponqzeruhhvskovixzk/Build/Intermediates.noindex/GeneratedModuleMaps-iphonesimulator/third-party-IsAppEncrypted.modulemap -Xcc -fmodule-map-file\=/Users/xinyufang/Library/Developer/Xcode/DerivedData/Buzz-faillbpsmponqzeruhhvskovixzk/Build/Intermediates.noindex/GeneratedModuleMaps-iphonesimulator/GoogleUtilities-UserDefaults.modulemap -Xcc -fmodule-map-file\=/Users/xinyufang/Library/Developer/Xcode/DerivedData/Buzz-faillbpsmponqzeruhhvskovixzk/Build/Intermediates.noindex/GeneratedModuleMaps-iphonesimulator/AppCheckCore.modulemap -Xcc -fmodule-map-file\=/Users/xinyufang/Library/Developer/Xcode/DerivedData/Buzz-faillbpsmponqzeruhhvskovixzk/Build/Intermediates.noindex/GeneratedModuleMaps-iphonesimulator/GTMSessionFetcherCore.modulemap -Xcc -fmodule-map-file\=/Users/xinyufang/Library/Developer/Xcode/DerivedData/Buzz-faillbpsmponqzeruhhvskovixzk/Build/Intermediates.noindex/GeneratedModuleMaps-iphonesimulator/GoogleSignIn.modulemap -Xcc -fmodule-map-file\=/Users/xinyufang/Library/Developer/Xcode/DerivedData/Buzz-faillbpsmponqzeruhhvskovixzk/Build/Intermediates.noindex/GeneratedModuleMaps-iphonesimulator/Stripe3DS2.modulemap -Xcc -D_LIBCPP_HARDENING_MODE\=_LIBCPP_HARDENING_MODE_DEBUG -Xcc -ivfsstatcache -Xcc /Users/xinyufang/Library/Developer/Xcode/DerivedData/SDKStatCaches.noindex/iphonesimulator26.2-23C53-7d00a8b37fbd7999ea79df8ebc024bf0.sdkstatcache -Xcc -I/Users/xinyufang/Library/Developer/Xcode/DerivedData/Buzz-faillbpsmponqzeruhhvskovixzk/Build/Intermediates.noindex/Buzz.build/Debug-iphonesimulator/Buzz.build/swift-overrides.hmap -Xcc -iquote -Xcc /Users/xinyufang/Library/Developer/Xcode/DerivedData/Buzz-faillbpsmponqzeruhhvskovixzk/Build/Intermediates.noindex/Buzz.build/Debug-iphonesimulator/Buzz.build/Buzz-generated-files.hmap -Xcc -I/Users/xinyufang/Library/Developer/Xcode/DerivedData/Buzz-faillbpsmponqzeruhhvskovixzk/Build/Intermediates.noindex/Buzz.build/Debug-iphonesimulator/Buzz.build/Buzz-own-target-headers.hmap -Xcc -I/Users/xinyufang/Library/Developer/Xcode/DerivedData/Buzz-faillbpsmponqzeruhhvskovixzk/Build/Intermediates.noindex/Buzz.build/Debug-iphonesimulator/Buzz.build/Buzz-all-non-framework-target-headers.hmap -Xcc -ivfsoverlay -Xcc /Users/xinyufang/Library/Developer/Xcode/DerivedData/Buzz-faillbpsmponqzeruhhvskovixzk/Build/Intermediates.noindex/Buzz.build/Debug-iphonesimulator/Buzz-f0f0de0f2b92c66dbd5712a40458aba1-VFS-iphonesimulator/all-product-headers.yaml -Xcc -iquote -Xcc /Users/xinyufang/Library/Developer/Xcode/DerivedData/Buzz-faillbpsmponqzeruhhvskovixzk/Build/Intermediates.noindex/Buzz.build/Debug-iphonesimulator/Buzz.build/Buzz-project-headers.hmap -Xcc -I/Users/xinyufang/Library/Developer/Xcode/DerivedData/Buzz-faillbpsmponqzeruhhvskovixzk/SourcePackages/checkouts/AppAuth-iOS/Sources/AppAuth -Xcc -I/Users/xinyufang/Library/Developer/Xcode/DerivedData/Buzz-faillbpsmponqzeruhhvskovixzk/SourcePackages/checkouts/AppAuth-iOS/Sources/AppAuthCore -Xcc -I/Users/xinyufang/Library/Developer/Xcode/DerivedData/Buzz-faillbpsmponqzeruhhvskovixzk/SourcePackages/checkouts/promises/Sources/FBLPromises/include -Xcc -I/Users/xinyufang/Library/Developer/Xcode/DerivedData/Buzz-faillbpsmponqzeruhhvskovixzk/SourcePackages/checkouts/GoogleUtilities/GoogleUtilities/Logger/Public -Xcc -I/Users/xinyufang/Library/Developer/Xcode/DerivedData/Buzz-faillbpsmponqzeruhhvskovixzk/SourcePackages/checkouts/GoogleUtilities/GoogleUtilities/Environment/Public -Xcc -I/Users/xinyufang/Library/Developer/Xcode/DerivedData/Buzz-faillbpsmponqzeruhhvskovixzk/SourcePackages/checkouts/GoogleUtilities/third_party/IsAppEncrypted/Public -Xcc -I/Users/xinyufang/Library/Developer/Xcode/DerivedData/Buzz-faillbpsmponqzeruhhvskovixzk/SourcePackages/checkouts/GoogleUtilities/GoogleUtilities/UserDefaults/Public -Xcc -I/Users/xinyufang/Library/Developer/Xcode/DerivedData/Buzz-faillbpsmponqzeruhhvskovixzk/SourcePackages/checkouts/app-check/AppCheckCore/Sources/Public -Xcc -I/Users/xinyufang/Library/Developer/Xcode/DerivedData/Buzz-faillbpsmponqzeruhhvskovixzk/SourcePackages/checkouts/gtm-session-fetcher/Sources/Core/Public -Xcc -I/Users/xinyufang/Library/Developer/Xcode/DerivedData/Buzz-faillbpsmponqzeruhhvskovixzk/SourcePackages/checkouts/GoogleSignIn-iOS/GoogleSignIn/Sources/Public -Xcc -I/Users/xinyufang/Library/Developer/Xcode/DerivedData/Buzz-faillbpsmponqzeruhhvskovixzk/SourcePackages/checkouts/stripe-ios-spm/Stripe3DS2/Stripe3DS2/include -Xcc -I/Users/xinyufang/Library/Developer/Xcode/DerivedData/Buzz-faillbpsmponqzeruhhvskovixzk/Build/Products/Debug-iphonesimulator/include -Xcc -I/Users/xinyufang/Library/Developer/Xcode/DerivedData/Buzz-faillbpsmponqzeruhhvskovixzk/Build/Intermediates.noindex/Buzz.build/Debug-iphonesimulator/Buzz.build/DerivedSources-normal/arm64 -Xcc -I/Users/xinyufang/Library/Developer/Xcode/DerivedData/Buzz-faillbpsmponqzeruhhvskovixzk/Build/Intermediates.noindex/Buzz.build/Debug-iphonesimulator/Buzz.build/DerivedSources/arm64 -Xcc -I/Users/xinyufang/Library/Developer/Xcode/DerivedData/Buzz-faillbpsmponqzeruhhvskovixzk/Build/Intermediates.noindex/Buzz.build/Debug-iphonesimulator/Buzz.build/DerivedSources -Xcc -DDEBUG\=1 -no-auto-bridging-header-chaining -module-name Buzz -frontend-parseable-output -disable-clang-spi -target-sdk-version 26.2 -target-sdk-name iphonesimulator26.2 -clang-target arm64-apple-ios26.2-simulator -in-process-plugin-server-path /Applications/Xcode.app/Contents/Developer/Toolchains/XcodeDefault.xctoolchain/usr/lib/swift/host/libSwiftInProcPluginServer.dylib -o /Users/xinyufang/Library/Developer/Xcode/DerivedData/Buzz-faillbpsmponqzeruhhvskovixzk/Build/Intermediates.noindex/Buzz.build/Debug-iphonesimulator/Buzz.build/Objects-normal/arm64/AcademyService.o -o /Users/xinyufang/Library/Developer/Xcode/DerivedData/Buzz-faillbpsmponqzeruhhvskovixzk/Build/Intermediates.noindex/Buzz.build/Debug-iphonesimulator/Buzz.build/Objects-normal/arm64/BadgeService.o -index-unit-output-path /Buzz.build/Debug-iphonesimulator/Buzz.build/Objects-normal/arm64/AcademyService.o -index-unit-output-path /Buzz.build/Debug-iphonesimulator/Buzz.build/Objects-normal/arm64/BadgeService.o -index-store-path /Users/xinyufang/Library/Developer/Xcode/DerivedData/Buzz-faillbpsmponqzeruhhvskovixzk/Index.noindex/DataStore -index-system-modules

SwiftCompile normal arm64 /Users/xinyufang/Documents/Buzz/Buzz/Services/AcademyService.swift (in target 'Buzz' from project 'Buzz')
    cd /Users/xinyufang/Documents/Buzz
    
/Users/xinyufang/Documents/Buzz/Buzz/Services/AcademyService.swift:706:44: error: missing arguments for parameters 'region', 'active' in call
                let course = TrainingCourse(
                                           ^
/Users/xinyufang/Documents/Buzz/Buzz/Models/TrainingCourse.swift:11:8: note: 'init(id:title:description:duration:level:category:instructor:instructorPictureUrl:rating:studentsCount:isEnrolled:provider:badgeId:isRecurrent:recurrentDueDate:requiresUasGroundSchool:requiresFlightReviewPassed:requiresRocAPassed:externalUrl:coverImageUrl:region:active:)' declared here
struct TrainingCourse: Identifiable {
       ^

SwiftCompile normal arm64 /Users/xinyufang/Documents/Buzz/Buzz/Services/BadgeService.swift (in target 'Buzz' from project 'Buzz')
    cd /Users/xinyufang/Documents/Buzz
    
/Users/xinyufang/Documents/Buzz/Buzz/Services/AcademyService.swift:706:44: error: missing arguments for parameters 'region', 'active' in call
                let course = TrainingCourse(
                                           ^
/Users/xinyufang/Documents/Buzz/Buzz/Models/TrainingCourse.swift:11:8: note: 'init(id:title:description:duration:level:category:instructor:instructorPictureUrl:rating:studentsCount:isEnrolled:provider:badgeId:isRecurrent:recurrentDueDate:requiresUasGroundSchool:requiresFlightReviewPassed:requiresRocAPassed:externalUrl:coverImageUrl:region:active:)' declared here
struct TrainingCourse: Identifiable {
       ^
/Users/xinyufang/Documents/Buzz/Buzz/Services/BadgeService.swift:485:17: warning: initialization of immutable value 'response' was never used; consider replacing with assignment to '_' or removing it
            let response = try await supabase
            ~~~~^~~~~~~~
            _

SwiftEmitModule normal arm64 Emitting\ module\ for\ Buzz (in target 'Buzz' from project 'Buzz')
EmitSwiftModule normal arm64 (in target 'Buzz' from project 'Buzz')
    cd /Users/xinyufang/Documents/Buzz
    

SwiftCompile normal arm64 Compiling\ AcademyView.swift,\ CourseContentView.swift /Users/xinyufang/Documents/Buzz/Buzz/Views/Academy/AcademyView.swift /Users/xinyufang/Documents/Buzz/Buzz/Views/Academy/CourseContentView.swift (in target 'Buzz' from project 'Buzz')
SwiftCompile normal arm64 /Users/xinyufang/Documents/Buzz/Buzz/Views/Academy/AcademyView.swift (in target 'Buzz' from project 'Buzz')
    cd /Users/xinyufang/Documents/Buzz
    

SwiftCompile normal arm64 /Users/xinyufang/Documents/Buzz/Buzz/Views/Academy/CourseContentView.swift (in target 'Buzz' from project 'Buzz')
    cd /Users/xinyufang/Documents/Buzz
    

SwiftCompile normal arm64 Compiling\ ProctorInfoView.swift,\ TestCenterView.swift /Users/xinyufang/Documents/Buzz/Buzz/Views/Academy/TestCenter/ProctorInfoView.swift /Users/xinyufang/Documents/Buzz/Buzz/Views/Academy/TestCenter/TestCenterView.swift (in target 'Buzz' from project 'Buzz')
SwiftCompile normal arm64 /Users/xinyufang/Documents/Buzz/Buzz/Views/Academy/TestCenter/ProctorInfoView.swift (in target 'Buzz' from project 'Buzz')
    cd /Users/xinyufang/Documents/Buzz
    

SwiftCompile normal arm64 /Users/xinyufang/Documents/Buzz/Buzz/Views/Academy/TestCenter/TestCenterView.swift (in target 'Buzz' from project 'Buzz')
    cd /Users/xinyufang/Documents/Buzz
    

SwiftCompile normal arm64 Compiling\ MultipleChoiceTestView.swift,\ QuestionNavigatorView.swift /Users/xinyufang/Documents/Buzz/Buzz/Views/Academy/MultipleChoiceTestView.swift /Users/xinyufang/Documents/Buzz/Buzz/Views/Academy/QuestionNavigatorView.swift (in target 'Buzz' from project 'Buzz')

SwiftCompile normal arm64 /Users/xinyufang/Documents/Buzz/Buzz/Views/Academy/MultipleChoiceTestView.swift (in target 'Buzz' from project 'Buzz')
    cd /Users/xinyufang/Documents/Buzz
    

SwiftCompile normal arm64 /Users/xinyufang/Documents/Buzz/Buzz/Views/Academy/QuestionNavigatorView.swift (in target 'Buzz' from project 'Buzz')
    cd /Users/xinyufang/Documents/Buzz
    

SwiftCompile normal arm64 Compiling\ ExamIntroView.swift,\ ProctoredMultipleChoiceTestView.swift /Users/xinyufang/Documents/Buzz/Buzz/Views/Academy/TestCenter/ExamIntroView.swift /Users/xinyufang/Documents/Buzz/Buzz/Views/Academy/TestCenter/ProctoredMultipleChoiceTestView.swift (in target 'Buzz' from project 'Buzz')

SwiftCompile normal arm64 /Users/xinyufang/Documents/Buzz/Buzz/Views/Academy/TestCenter/ExamIntroView.swift (in target 'Buzz' from project 'Buzz')
    cd /Users/xinyufang/Documents/Buzz
    

SwiftCompile normal arm64 /Users/xinyufang/Documents/Buzz/Buzz/Views/Academy/TestCenter/ProctoredMultipleChoiceTestView.swift (in target 'Buzz' from project 'Buzz')
    cd /Users/xinyufang/Documents/Buzz
    

SwiftCompile normal arm64 Compiling\ ExamTypeConfig.swift,\ TrainingCourse.swift /Users/xinyufang/Documents/Buzz/Buzz/Models/ExamTypeConfig.swift /Users/xinyufang/Documents/Buzz/Buzz/Models/TrainingCourse.swift (in target 'Buzz' from project 'Buzz')
SwiftCompile normal arm64 /Users/xinyufang/Documents/Buzz/Buzz/Models/ExamTypeConfig.swift (in target 'Buzz' from project 'Buzz')
    cd /Users/xinyufang/Documents/Buzz
    

SwiftCompile normal arm64 /Users/xinyufang/Documents/Buzz/Buzz/Models/TrainingCourse.swift (in target 'Buzz' from project 'Buzz')
    cd /Users/xinyufang/Documents/Buzz
    

SwiftCompile normal arm64 Compiling\ UnitDetailView.swift /Users/xinyufang/Documents/Buzz/Buzz/Views/Academy/UnitDetailView.swift (in target 'Buzz' from project 'Buzz')

** BUILD FAILED **


The following build commands failed:
	SwiftCompile normal arm64 Compiling\ AcademyService.swift,\ BadgeService.swift /Users/xinyufang/Documents/Buzz/Buzz/Services/AcademyService.swift /Users/xinyufang/Documents/Buzz/Buzz/Services/BadgeService.swift (in target 'Buzz' from project 'Buzz')
	SwiftCompile normal arm64 /Users/xinyufang/Documents/Buzz/Buzz/Services/AcademyService.swift (in target 'Buzz' from project 'Buzz')
	SwiftCompile normal arm64 /Users/xinyufang/Documents/Buzz/Buzz/Services/BadgeService.swift (in target 'Buzz' from project 'Buzz')
	Building project Buzz with scheme Buzz
(4 failures)
